algorithm,target_update_interval,seed,training_step,q_upper,Avg_Reward,Avg_Abs_Diff
DQN,50,10,1000,100,9.666666666666666,-9.239344
DQN,50,10,2000,100,132.0,-54.733997
DQN,50,10,3000,100,165.33333333333334,-41.996433
DQN,50,10,4000,100,252.33333333333331,-34.4444
DQN,50,10,5000,100,225.66666666666663,-6.4994736
DQN,50,10,6000,100,260.0,21.600641
DQN,50,10,7000,100,180.0,63.36793
DQN,50,10,8000,100,204.33333333333331,100.028564
DQN,50,10,9000,100,177.66666666666666,151.28633
DQN,50,10,10000,100,237.33333333333331,198.12715
DQN,50,10,11000,100,202.66666666666663,259.62082
DQN,50,10,12000,100,299.0,317.25107
DQN,50,10,13000,100,269.6666666666667,389.07092
DQN,50,10,14000,100,297.3333333333333,459.0752
DQN,50,10,15000,100,275.3333333333333,531.9512
DQN,50,10,16000,100,295.6666666666667,613.6259
DQN,50,10,17000,100,321.6666666666667,681.2983
DQN,50,10,18000,100,306.0,767.8035
DQN,50,10,19000,100,311.6666666666667,853.44775
DQN,50,10,20000,100,291.3333333333333,936.93414
DQN,50,10,21000,100,258.0,1016.54144
DQN,50,10,22000,100,286.3333333333333,1078.2402
DQN,50,10,23000,100,300.3333333333333,1161.2357
DQN,50,10,24000,100,298.3333333333333,1216.6625
DQN,50,10,25000,100,289.3333333333333,1261.3809
DQN,50,10,26000,100,283.6666666666667,1311.6708
DQN,50,10,27000,100,313.6666666666667,1332.5983
DQN,50,10,28000,100,283.3333333333333,1348.1987
DQN,50,10,29000,100,307.6666666666667,1355.2362
DQN,50,10,30000,100,290.6666666666667,1332.6095
DQN,50,10,31000,100,289.3333333333333,1312.4087
DQN,50,10,32000,100,246.33333333333331,1289.782
DQN,50,10,33000,100,230.0,1242.017
DQN,50,10,34000,100,229.0,1213.9948
DQN,50,10,35000,100,203.0,1169.6278
DQN,50,10,36000,100,190.0,1118.972
DQN,50,10,37000,100,180.33333333333331,1062.232
DQN,50,10,38000,100,193.33333333333331,990.5682
DQN,50,10,39000,100,207.0,922.7714
DQN,50,10,40000,100,152.33333333333334,872.4411
DQN,50,10,41000,100,149.66666666666666,804.92865
DQN,50,10,42000,100,165.66666666666666,739.07666
DQN,50,10,43000,100,160.33333333333334,664.43207
DQN,50,10,44000,100,169.0,593.4853
DQN,50,10,45000,100,156.0,526.37256
DQN,50,10,46000,100,156.66666666666666,493.15958
DQN,50,10,47000,100,174.0,441.25552
DQN,50,10,48000,100,243.0,385.71545
DQN,50,10,49000,100,198.33333333333331,354.12497
DQN,50,10,50000,100,261.6666666666667,316.65503
DQN,50,10,51000,100,121.33333333333331,311.221
DQN,50,10,52000,100,128.66666666666666,290.00986
DQN,50,10,53000,100,120.33333333333331,274.954
DQN,50,10,54000,100,114.33333333333331,255.02406
DQN,50,10,55000,100,117.0,233.61671
DQN,50,10,56000,100,121.0,207.7841
DQN,50,10,57000,100,117.0,193.67744
DQN,50,10,58000,100,117.33333333333331,183.37605
DQN,50,10,59000,100,122.33333333333331,168.57753
DQN,50,10,60000,100,122.33333333333331,158.18494
DQN,50,10,61000,100,123.66666666666669,144.3298
DQN,50,10,62000,100,1780.3333333333333,103.93972
DQN,50,10,63000,100,1138.0,100.894226
DQN,50,10,64000,100,2084.333333333333,85.63205
DQN,50,10,65000,100,2164.0,75.875465
DQN,50,10,66000,100,3000.0,71.42401
DQN,50,10,67000,100,3000.0,71.27818
DQN,50,10,68000,100,3000.0,71.57861
DQN,50,10,69000,100,3000.0,70.949394
DQN,50,10,70000,100,3000.0,69.54942
DQN,50,10,71000,100,3000.0,69.7821
DQN,50,10,72000,100,3000.0,70.96946
DQN,50,10,73000,100,3000.0,68.75922
DQN,50,10,74000,100,3000.0,64.65871
DQN,50,10,75000,100,3000.0,60.5201
DQN,50,10,76000,100,771.6666666666666,54.484875
DQN,50,10,77000,100,3000.0,49.913357
DQN,50,10,78000,100,524.0,45.781734
DQN,50,10,79000,100,270.3333333333333,48.941776
DQN,50,10,80000,100,231.66666666666663,49.852478
DQN,50,10,81000,100,223.66666666666663,53.027424
DQN,50,10,82000,100,168.33333333333334,67.9002
DQN,50,10,83000,100,221.66666666666663,64.42104
DQN,50,10,84000,100,3000.0,55.904003
DQN,50,10,85000,100,882.0,54.1182
DQN,50,10,86000,100,220.66666666666663,57.83722
DQN,50,10,87000,100,206.33333333333331,53.83249
DQN,50,10,88000,100,265.0,43.554672
DQN,50,10,89000,100,278.0,40.968708
DQN,50,10,90000,100,340.3333333333333,40.434395
DQN,50,10,91000,100,291.6666666666667,43.68637
DQN,50,10,92000,100,365.6666666666667,38.76246
DQN,50,10,93000,100,368.3333333333333,40.135746
DQN,50,10,94000,100,3000.0,36.63502
DQN,50,10,95000,100,3000.0,32.06195
DQN,50,10,96000,100,3000.0,27.130373
DQN,50,10,97000,100,3000.0,24.561699
DQN,50,10,98000,100,3000.0,22.980202
DQN,50,10,99000,100,3000.0,21.814394
DQN,50,10,100000,100,443.0,23.323187
DQN,50,11,1000,100,9.333333333333334,-8.951115
DQN,50,11,2000,100,248.33333333333331,-73.642365
DQN,50,11,3000,100,605.0,-61.86856
DQN,50,11,4000,100,259.0,-34.675625
DQN,50,11,5000,100,199.66666666666663,-3.0358098
DQN,50,11,6000,100,158.0,34.57426
DQN,50,11,7000,100,169.66666666666666,71.9069
DQN,50,11,8000,100,214.33333333333331,112.893074
DQN,50,11,9000,100,189.0,169.20871
DQN,50,11,10000,100,220.33333333333331,225.98138
DQN,50,11,11000,100,199.0,303.67654
DQN,50,11,12000,100,218.66666666666663,379.0228
DQN,50,11,13000,100,239.33333333333331,460.15002
DQN,50,11,14000,100,230.33333333333331,556.83057
DQN,50,11,15000,100,263.6666666666667,653.5334
DQN,50,11,16000,100,215.0,750.0556
DQN,50,11,17000,100,284.3333333333333,861.5507
DQN,50,11,18000,100,315.3333333333333,963.0235
DQN,50,11,19000,100,303.6666666666667,1076.0924
DQN,50,11,20000,100,236.33333333333331,1193.366
DQN,50,11,21000,100,239.66666666666663,1293.8331
DQN,50,11,22000,100,263.0,1400.5573
DQN,50,11,23000,100,220.33333333333331,1492.4459
DQN,50,11,24000,100,297.3333333333333,1595.3859
DQN,50,11,25000,100,255.0,1724.6508
DQN,50,11,26000,100,229.0,1828.8888
DQN,50,11,27000,100,215.33333333333331,1910.4125
DQN,50,11,28000,100,237.66666666666663,1965.8729
DQN,50,11,29000,100,232.66666666666663,2019.2925
DQN,50,11,30000,100,233.33333333333331,2066.818
DQN,50,11,31000,100,210.66666666666663,2116.217
DQN,50,11,32000,100,219.33333333333331,2142.1711
DQN,50,11,33000,100,220.66666666666663,2160.6526
DQN,50,11,34000,100,208.66666666666663,2138.2002
DQN,50,11,35000,100,219.0,2109.6663
DQN,50,11,36000,100,208.33333333333331,2054.5852
DQN,50,11,37000,100,216.66666666666663,1967.754
DQN,50,11,38000,100,217.33333333333331,1859.4115
DQN,50,11,39000,100,207.0,1761.4941
DQN,50,11,40000,100,191.33333333333331,1640.8278
DQN,50,11,41000,100,204.0,1537.201
DQN,50,11,42000,100,202.33333333333331,1415.5142
DQN,50,11,43000,100,211.33333333333331,1300.2069
DQN,50,11,44000,100,201.33333333333331,1185.5824
DQN,50,11,45000,100,202.0,1071.2522
DQN,50,11,46000,100,204.66666666666663,978.63055
DQN,50,11,47000,100,197.66666666666663,892.87354
DQN,50,11,48000,100,185.66666666666663,827.81445
DQN,50,11,49000,100,185.33333333333331,783.7225
DQN,50,11,50000,100,190.33333333333331,739.92303
DQN,50,11,51000,100,190.0,690.35065
DQN,50,11,52000,100,220.33333333333331,626.4268
DQN,50,11,53000,100,235.66666666666663,548.31647
DQN,50,11,54000,100,299.3333333333333,462.32132
DQN,50,11,55000,100,3000.0,378.9603
DQN,50,11,56000,100,3000.0,313.81012
DQN,50,11,57000,100,3000.0,262.21994
DQN,50,11,58000,100,3000.0,221.84541
DQN,50,11,59000,100,3000.0,189.62823
DQN,50,11,60000,100,1102.3333333333333,203.45296
DQN,50,11,61000,100,3000.0,183.40733
DQN,50,11,62000,100,3000.0,173.52522
DQN,50,11,63000,100,3000.0,160.22649
DQN,50,11,64000,100,3000.0,156.48116
DQN,50,11,65000,100,3000.0,156.10942
DQN,50,11,66000,100,2149.6666666666665,160.9482
DQN,50,11,67000,100,3000.0,151.28215
DQN,50,11,68000,100,211.0,152.74638
DQN,50,11,69000,100,3000.0,123.22842
DQN,50,11,70000,100,1223.6666666666667,113.72495
DQN,50,11,71000,100,252.66666666666663,106.24842
DQN,50,11,72000,100,3000.0,92.063515
DQN,50,11,73000,100,334.6666666666667,89.61233
DQN,50,11,74000,100,402.3333333333333,82.14376
DQN,50,11,75000,100,354.3333333333333,76.40397
DQN,50,11,76000,100,3000.0,66.40297
DQN,50,11,77000,100,331.0,65.78241
DQN,50,11,78000,100,3000.0,60.548138
DQN,50,11,79000,100,1178.6666666666667,59.451237
DQN,50,11,80000,100,1867.6666666666667,60.92641
DQN,50,11,81000,100,3000.0,60.263977
DQN,50,11,82000,100,1709.0,92.937744
DQN,50,11,83000,100,1979.3333333333333,70.543365
DQN,50,11,84000,100,3000.0,75.808655
DQN,50,11,85000,100,3000.0,79.409
DQN,50,11,86000,100,3000.0,80.17881
DQN,50,11,87000,100,268.6666666666667,84.8594
DQN,50,11,88000,100,3000.0,71.33289
DQN,50,11,89000,100,3000.0,67.77569
DQN,50,11,90000,100,3000.0,66.07018
DQN,50,11,91000,100,3000.0,63.004444
DQN,50,11,92000,100,3000.0,57.728775
DQN,50,11,93000,100,3000.0,52.855785
DQN,50,11,94000,100,3000.0,50.41628
DQN,50,11,95000,100,3000.0,50.290073
DQN,50,11,96000,100,3000.0,48.195576
DQN,50,11,97000,100,3000.0,46.05015
DQN,50,11,98000,100,3000.0,44.15953
DQN,50,11,99000,100,3000.0,43.01764
DQN,50,11,100000,100,3000.0,39.57388
DQN,50,12,1000,100,9.333333333333334,-8.881207
DQN,50,12,2000,100,53.333333333333336,-23.521914
DQN,50,12,3000,100,364.3333333333333,-60.802765
DQN,50,12,4000,100,258.0,-36.788464
DQN,50,12,5000,100,263.0,-13.938151
DQN,50,12,6000,100,190.66666666666663,21.109215
DQN,50,12,7000,100,214.33333333333331,52.32353
DQN,50,12,8000,100,230.66666666666663,93.50465
DQN,50,12,9000,100,187.33333333333331,145.91676
DQN,50,12,10000,100,187.66666666666663,204.90068
DQN,50,12,11000,100,165.33333333333334,267.14877
DQN,50,12,12000,100,232.66666666666663,333.02747
DQN,50,12,13000,100,169.0,415.56567
DQN,50,12,14000,100,178.66666666666666,498.55014
DQN,50,12,15000,100,174.33333333333334,591.0625
DQN,50,12,16000,100,253.0,688.2658
DQN,50,12,17000,100,178.0,807.73584
DQN,50,12,18000,100,228.66666666666663,923.4843
DQN,50,12,19000,100,236.33333333333331,1037.5304
DQN,50,12,20000,100,222.0,1160.2675
DQN,50,12,21000,100,218.0,1302.716
DQN,50,12,22000,100,212.66666666666663,1446.6796
DQN,50,12,23000,100,241.33333333333331,1602.6923
DQN,50,12,24000,100,237.33333333333331,1741.9658
DQN,50,12,25000,100,228.66666666666663,1915.4313
DQN,50,12,26000,100,248.33333333333331,2059.5125
DQN,50,12,27000,100,245.66666666666663,2213.446
DQN,50,12,28000,100,250.33333333333331,2322.139
DQN,50,12,29000,100,211.0,2434.336
DQN,50,12,30000,100,230.33333333333331,2529.28
DQN,50,12,31000,100,225.33333333333331,2652.888
DQN,50,12,32000,100,247.0,2732.4873
DQN,50,12,33000,100,251.66666666666663,2806.9092
DQN,50,12,34000,100,233.33333333333331,2833.8372
DQN,50,12,35000,100,216.66666666666663,2854.9167
DQN,50,12,36000,100,204.0,2863.03
DQN,50,12,37000,100,213.66666666666663,2842.972
DQN,50,12,38000,100,209.33333333333331,2792.8203
DQN,50,12,39000,100,229.66666666666663,2723.4924
DQN,50,12,40000,100,292.6666666666667,2627.452
DQN,50,12,41000,100,219.66666666666663,2548.6853
DQN,50,12,42000,100,257.6666666666667,2429.8845
DQN,50,12,43000,100,286.0,2316.8994
DQN,50,12,44000,100,280.3333333333333,2203.4622
DQN,50,12,45000,100,251.0,2095.2747
DQN,50,12,46000,100,250.66666666666663,1971.7457
DQN,50,12,47000,100,239.66666666666663,1832.1367
DQN,50,12,48000,100,251.33333333333331,1677.5836
DQN,50,12,49000,100,263.6666666666667,1519.244
DQN,50,12,50000,100,283.0,1377.2123
DQN,50,12,51000,100,308.3333333333333,1234.081
DQN,50,12,52000,100,333.3333333333333,1110.6321
DQN,50,12,53000,100,361.3333333333333,989.3711
DQN,50,12,54000,100,362.3333333333333,887.118
DQN,50,12,55000,100,320.3333333333333,794.4461
DQN,50,12,56000,100,460.0,706.83545
DQN,50,12,57000,100,362.0,638.4458
DQN,50,12,58000,100,316.6666666666667,579.41595
DQN,50,12,59000,100,301.6666666666667,522.6564
DQN,50,12,60000,100,325.3333333333333,465.2849
DQN,50,12,61000,100,311.0,411.31577
DQN,50,12,62000,100,302.0,362.4606
DQN,50,12,63000,100,307.6666666666667,316.7368
DQN,50,12,64000,100,332.0,271.85135
DQN,50,12,65000,100,288.3333333333333,232.65675
DQN,50,12,66000,100,275.0,198.3257
DQN,50,12,67000,100,3000.0,162.87004
DQN,50,12,68000,100,285.0,144.03877
DQN,50,12,69000,100,238.66666666666663,126.725586
DQN,50,12,70000,100,257.0,108.43753
DQN,50,12,71000,100,642.6666666666666,93.047646
DQN,50,12,72000,100,3000.0,83.041504
DQN,50,12,73000,100,3000.0,76.19111
DQN,50,12,74000,100,1197.0,71.75576
DQN,50,12,75000,100,1221.3333333333333,64.02766
DQN,50,12,76000,100,440.0,61.706116
DQN,50,12,77000,100,1976.0,55.42627
DQN,50,12,78000,100,809.3333333333334,54.561172
DQN,50,12,79000,100,1827.0,52.45923
DQN,50,12,80000,100,265.3333333333333,60.129864
DQN,50,12,81000,100,328.0,56.785572
DQN,50,12,82000,100,313.3333333333333,58.97646
DQN,50,12,83000,100,223.33333333333331,60.419018
DQN,50,12,84000,100,214.0,61.16431
DQN,50,12,85000,100,1143.6666666666667,55.48831
DQN,50,12,86000,100,212.0,59.39851
DQN,50,12,87000,100,3000.0,47.48969
DQN,50,12,88000,100,3000.0,46.465237
DQN,50,12,89000,100,3000.0,43.499817
DQN,50,12,90000,100,3000.0,42.36275
DQN,50,12,91000,100,3000.0,39.35581
DQN,50,12,92000,100,3000.0,38.34639
DQN,50,12,93000,100,2143.333333333333,34.573563
DQN,50,12,94000,100,3000.0,32.674046
DQN,50,12,95000,100,3000.0,29.330124
DQN,50,12,96000,100,3000.0,27.753042
DQN,50,12,97000,100,3000.0,27.395205
DQN,50,12,98000,100,3000.0,27.64921
DQN,50,12,99000,100,3000.0,26.226606
DQN,50,12,100000,100,2029.3333333333333,40.195244
DQN,50,13,1000,100,10.333333333333334,-9.878335
DQN,50,13,2000,100,149.33333333333334,-57.892353
DQN,50,13,3000,100,267.3333333333333,-58.157574
DQN,50,13,4000,100,228.66666666666663,-37.187927
DQN,50,13,5000,100,175.33333333333334,-9.3423815
DQN,50,13,6000,100,209.0,10.65802
DQN,50,13,7000,100,201.33333333333331,37.93672
DQN,50,13,8000,100,208.33333333333331,66.71673
DQN,50,13,9000,100,237.33333333333331,104.36105
DQN,50,13,10000,100,237.66666666666663,150.20387
DQN,50,13,11000,100,268.0,201.49329
DQN,50,13,12000,100,215.0,265.4602
DQN,50,13,13000,100,239.0,331.03198
DQN,50,13,14000,100,221.0,416.13412
DQN,50,13,15000,100,250.0,503.69507
DQN,50,13,16000,100,240.0,613.4814
DQN,50,13,17000,100,218.33333333333331,720.69904
DQN,50,13,18000,100,296.6666666666667,834.612
DQN,50,13,19000,100,268.0,979.8835
DQN,50,13,20000,100,262.6666666666667,1125.4618
DQN,50,13,21000,100,320.0,1263.0336
DQN,50,13,22000,100,305.0,1400.7816
DQN,50,13,23000,100,295.3333333333333,1543.0078
DQN,50,13,24000,100,281.3333333333333,1672.7231
DQN,50,13,25000,100,335.0,1826.8629
DQN,50,13,26000,100,337.6666666666667,1965.4398
DQN,50,13,27000,100,444.0,2096.7961
DQN,50,13,28000,100,405.0,2251.6062
DQN,50,13,29000,100,298.3333333333333,2399.612
DQN,50,13,30000,100,443.0,2544.9707
DQN,50,13,31000,100,381.6666666666667,2693.967
DQN,50,13,32000,100,323.3333333333333,2791.2903
DQN,50,13,33000,100,394.0,2905.3528
DQN,50,13,34000,100,410.0,2959.1833
DQN,50,13,35000,100,436.6666666666667,3014.709
DQN,50,13,36000,100,383.3333333333333,3029.485
DQN,50,13,37000,100,382.6666666666667,3016.834
DQN,50,13,38000,100,391.3333333333333,2992.4934
DQN,50,13,39000,100,357.3333333333333,2943.9915
DQN,50,13,40000,100,391.6666666666667,2872.4062
DQN,50,13,41000,100,360.3333333333333,2766.838
DQN,50,13,42000,100,344.6666666666667,2651.3176
DQN,50,13,43000,100,349.0,2545.032
DQN,50,13,44000,100,300.0,2425.033
DQN,50,13,45000,100,280.3333333333333,2301.6614
DQN,50,13,46000,100,286.3333333333333,2178.6692
DQN,50,13,47000,100,280.6666666666667,2042.2949
DQN,50,13,48000,100,385.6666666666667,1873.0781
DQN,50,13,49000,100,283.6666666666667,1740.2653
DQN,50,13,50000,100,306.0,1589.2562
DQN,50,13,51000,100,322.6666666666667,1453.3895
DQN,50,13,52000,100,337.0,1319.8262
DQN,50,13,53000,100,385.6666666666667,1200.7799
DQN,50,13,54000,100,387.0,1088.7285
DQN,50,13,55000,100,341.0,983.27295
DQN,50,13,56000,100,327.3333333333333,889.35284
DQN,50,13,57000,100,353.0,798.6053
DQN,50,13,58000,100,307.0,719.65796
DQN,50,13,59000,100,264.6666666666667,639.4798
DQN,50,13,60000,100,360.3333333333333,594.1993
DQN,50,13,61000,100,332.3333333333333,531.5005
DQN,50,13,62000,100,366.6666666666667,469.61954
DQN,50,13,63000,100,333.0,409.9225
DQN,50,13,64000,100,309.3333333333333,355.68198
DQN,50,13,65000,100,274.3333333333333,310.73123
DQN,50,13,66000,100,242.33333333333331,271.13278
DQN,50,13,67000,100,257.0,240.28242
DQN,50,13,68000,100,187.33333333333331,223.29094
DQN,50,13,69000,100,119.0,207.50206
DQN,50,13,70000,100,290.6666666666667,168.18523
DQN,50,13,71000,100,309.3333333333333,141.65068
DQN,50,13,72000,100,147.0,145.29295
DQN,50,13,73000,100,135.33333333333334,143.21736
DQN,50,13,74000,100,141.33333333333334,140.30302
DQN,50,13,75000,100,138.33333333333334,127.66044
DQN,50,13,76000,100,172.33333333333334,129.0996
DQN,50,13,77000,100,251.33333333333331,123.496254
DQN,50,13,78000,100,3000.0,116.41512
DQN,50,13,79000,100,3000.0,115.64874
DQN,50,13,80000,100,3000.0,112.547386
DQN,50,13,81000,100,3000.0,111.37101
DQN,50,13,82000,100,3000.0,107.972725
DQN,50,13,83000,100,3000.0,103.246284
DQN,50,13,84000,100,3000.0,99.83096
DQN,50,13,85000,100,3000.0,94.78308
DQN,50,13,86000,100,748.3333333333334,90.48868
DQN,50,13,87000,100,499.3333333333333,88.380714
DQN,50,13,88000,100,312.3333333333333,92.48716
DQN,50,13,89000,100,332.6666666666667,87.68038
DQN,50,13,90000,100,333.6666666666667,83.54737
DQN,50,13,91000,100,301.3333333333333,80.6496
DQN,50,13,92000,100,431.3333333333333,76.004036
DQN,50,13,93000,100,3000.0,72.25054
DQN,50,13,94000,100,1185.0,79.640144
DQN,50,13,95000,100,3000.0,75.86921
DQN,50,13,96000,100,3000.0,79.68718
DQN,50,13,97000,100,3000.0,80.81193
DQN,50,13,98000,100,3000.0,83.88761
DQN,50,13,99000,100,3000.0,87.58035
DQN,50,13,100000,100,3000.0,90.26095
DQN,50,14,1000,100,9.666666666666666,-9.21662
DQN,50,14,2000,100,90.0,-41.110798
DQN,50,14,3000,100,392.3333333333333,-61.25015
DQN,50,14,4000,100,416.3333333333333,-41.201702
DQN,50,14,5000,100,264.3333333333333,-8.627749
DQN,50,14,6000,100,259.0,24.695631
DQN,50,14,7000,100,203.0,67.50431
DQN,50,14,8000,100,238.66666666666663,109.91045
DQN,50,14,9000,100,231.33333333333331,158.75357
DQN,50,14,10000,100,248.66666666666663,209.33313
DQN,50,14,11000,100,244.66666666666663,270.26077
DQN,50,14,12000,100,297.6666666666667,340.75937
DQN,50,14,13000,100,264.3333333333333,420.184
DQN,50,14,14000,100,280.6666666666667,508.3993
DQN,50,14,15000,100,267.3333333333333,602.2625
DQN,50,14,16000,100,275.3333333333333,700.3765
DQN,50,14,17000,100,280.0,800.41327
DQN,50,14,18000,100,284.3333333333333,905.5246
DQN,50,14,19000,100,293.6666666666667,1005.8594
DQN,50,14,20000,100,301.6666666666667,1126.3019
DQN,50,14,21000,100,299.6666666666667,1239.0431
DQN,50,14,22000,100,323.0,1356.1881
DQN,50,14,23000,100,319.6666666666667,1452.4445
DQN,50,14,24000,100,294.3333333333333,1564.0582
DQN,50,14,25000,100,330.6666666666667,1667.8397
DQN,50,14,26000,100,298.6666666666667,1789.5112
DQN,50,14,27000,100,323.3333333333333,1901.7665
DQN,50,14,28000,100,356.0,1979.2113
DQN,50,14,29000,100,388.0,2063.812
DQN,50,14,30000,100,317.0,2121.4314
DQN,50,14,31000,100,398.0,2139.2336
DQN,50,14,32000,100,380.6666666666667,2151.5618
DQN,50,14,33000,100,401.6666666666667,2160.451
DQN,50,14,34000,100,407.3333333333333,2116.472
DQN,50,14,35000,100,383.0,2104.572
DQN,50,14,36000,100,320.3333333333333,2061.702
DQN,50,14,37000,100,302.3333333333333,1983.222
DQN,50,14,38000,100,363.0,1912.8517
DQN,50,14,39000,100,297.0,1834.7611
DQN,50,14,40000,100,342.3333333333333,1757.5258
DQN,50,14,41000,100,306.6666666666667,1653.6246
DQN,50,14,42000,100,264.6666666666667,1572.8525
DQN,50,14,43000,100,217.66666666666663,1495.7623
DQN,50,14,44000,100,205.66666666666663,1406.9291
DQN,50,14,45000,100,206.0,1306.1577
DQN,50,14,46000,100,193.33333333333331,1219.0443
DQN,50,14,47000,100,202.0,1113.3357
DQN,50,14,48000,100,203.33333333333331,1018.51056
DQN,50,14,49000,100,205.33333333333331,924.5335
DQN,50,14,50000,100,199.33333333333331,838.51514
DQN,50,14,51000,100,213.0,746.94556
DQN,50,14,52000,100,249.0,670.17554
DQN,50,14,53000,100,205.33333333333331,614.2967
DQN,50,14,54000,100,198.0,547.62756
DQN,50,14,55000,100,183.33333333333331,489.95517
DQN,50,14,56000,100,179.0,450.3317
DQN,50,14,57000,100,188.66666666666663,410.55582
DQN,50,14,58000,100,194.66666666666663,374.3909
DQN,50,14,59000,100,232.66666666666663,331.87558
DQN,50,14,60000,100,173.0,308.92773
DQN,50,14,61000,100,196.66666666666663,279.1815
DQN,50,14,62000,100,207.66666666666663,248.73235
DQN,50,14,63000,100,213.33333333333331,233.40346
DQN,50,14,64000,100,209.66666666666663,215.9969
DQN,50,14,65000,100,257.6666666666667,190.72026
DQN,50,14,66000,100,469.6666666666667,171.69914
DQN,50,14,67000,100,549.3333333333334,158.20348
DQN,50,14,68000,100,405.6666666666667,148.21457
DQN,50,14,69000,100,3000.0,135.10915
DQN,50,14,70000,100,610.6666666666666,125.4736
DQN,50,14,71000,100,3000.0,119.58651
DQN,50,14,72000,100,3000.0,114.82848
DQN,50,14,73000,100,3000.0,105.32291
DQN,50,14,74000,100,3000.0,97.814354
DQN,50,14,75000,100,3000.0,91.029335
DQN,50,14,76000,100,3000.0,82.4983
DQN,50,14,77000,100,3000.0,74.410774
DQN,50,14,78000,100,1791.3333333333333,66.762
DQN,50,14,79000,100,566.3333333333334,63.08955
DQN,50,14,80000,100,537.6666666666666,57.42018
DQN,50,14,81000,100,1735.3333333333333,52.39981
DQN,50,14,82000,100,567.0,52.941864
DQN,50,14,83000,100,182.0,61.758045
DQN,50,14,84000,100,233.0,58.422405
DQN,50,14,85000,100,176.66666666666666,61.68397
DQN,50,14,86000,100,268.0,50.99939
DQN,50,14,87000,100,232.0,53.094982
DQN,50,14,88000,100,210.33333333333331,57.767395
DQN,50,14,89000,100,3000.0,48.36278
DQN,50,14,90000,100,1126.6666666666667,64.01479
DQN,50,14,91000,100,3000.0,55.853344
DQN,50,14,92000,100,3000.0,59.609974
DQN,50,14,93000,100,3000.0,62.20755
DQN,50,14,94000,100,3000.0,60.63908
DQN,50,14,95000,100,3000.0,56.030834
DQN,50,14,96000,100,3000.0,52.012463
DQN,50,14,97000,100,318.3333333333333,53.37379
DQN,50,14,98000,100,3000.0,53.483658
DQN,50,14,99000,100,3000.0,64.19978
DQN,50,14,100000,100,3000.0,64.65258
DQN,50,15,1000,100,9.333333333333334,-8.90232
DQN,50,15,2000,100,97.66666666666669,-43.999187
DQN,50,15,3000,100,167.66666666666666,-46.090443
DQN,50,15,4000,100,299.0,-41.38442
DQN,50,15,5000,100,180.33333333333331,-13.199974
DQN,50,15,6000,100,159.0,13.377894
DQN,50,15,7000,100,176.33333333333334,33.98403
DQN,50,15,8000,100,191.33333333333331,55.673035
DQN,50,15,9000,100,219.0,80.87615
DQN,50,15,10000,100,184.33333333333331,118.3407
DQN,50,15,11000,100,206.0,153.46
DQN,50,15,12000,100,317.0,190.26622
DQN,50,15,13000,100,257.6666666666667,241.08702
DQN,50,15,14000,100,267.6666666666667,293.45218
DQN,50,15,15000,100,269.3333333333333,342.8169
DQN,50,15,16000,100,202.33333333333331,405.5326
DQN,50,15,17000,100,226.33333333333331,471.03137
DQN,50,15,18000,100,214.0,536.69183
DQN,50,15,19000,100,213.33333333333331,605.9908
DQN,50,15,20000,100,206.66666666666663,664.2403
DQN,50,15,21000,100,191.0,730.66534
DQN,50,15,22000,100,216.66666666666663,790.42255
DQN,50,15,23000,100,198.66666666666663,867.99536
DQN,50,15,24000,100,210.33333333333331,928.5481
DQN,50,15,25000,100,220.0,1002.9466
DQN,50,15,26000,100,214.66666666666663,1065.8944
DQN,50,15,27000,100,206.66666666666663,1093.8085
DQN,50,15,28000,100,202.0,1145.4907
DQN,50,15,29000,100,202.0,1163.7643
DQN,50,15,30000,100,219.66666666666663,1190.9277
DQN,50,15,31000,100,199.33333333333331,1208.4259
DQN,50,15,32000,100,196.0,1205.5824
DQN,50,15,33000,100,197.0,1195.6567
DQN,50,15,34000,100,188.66666666666663,1172.2843
DQN,50,15,35000,100,181.0,1143.3458
DQN,50,15,36000,100,201.66666666666663,1091.411
DQN,50,15,37000,100,170.33333333333334,1040.5044
DQN,50,15,38000,100,171.66666666666666,975.81793
DQN,50,15,39000,100,174.0,913.90967
DQN,50,15,40000,100,176.66666666666666,836.18866
DQN,50,15,41000,100,161.33333333333334,768.85626
DQN,50,15,42000,100,177.66666666666666,692.3571
DQN,50,15,43000,100,188.66666666666663,617.5085
DQN,50,15,44000,100,218.0,552.1164
DQN,50,15,45000,100,173.0,501.97665
DQN,50,15,46000,100,186.66666666666663,451.20276
DQN,50,15,47000,100,211.0,407.91885
DQN,50,15,48000,100,3000.0,363.22543
DQN,50,15,49000,100,209.33333333333331,343.27283
DQN,50,15,50000,100,137.66666666666666,329.3439
DQN,50,15,51000,100,128.33333333333334,310.88718
DQN,50,15,52000,100,130.0,308.95572
DQN,50,15,53000,100,126.66666666666669,318.65482
DQN,50,15,54000,100,129.66666666666666,329.07266
DQN,50,15,55000,100,135.0,342.0685
DQN,50,15,56000,100,150.0,350.22568
DQN,50,15,57000,100,172.33333333333334,357.37442
DQN,50,15,58000,100,166.0,356.8492
DQN,50,15,59000,100,175.66666666666666,339.0862
DQN,50,15,60000,100,175.66666666666666,317.95267
DQN,50,15,61000,100,239.0,292.84634
DQN,50,15,62000,100,184.0,286.02228
DQN,50,15,63000,100,205.0,259.1045
DQN,50,15,64000,100,329.6666666666667,228.9054
DQN,50,15,65000,100,3000.0,196.54982
DQN,50,15,66000,100,3000.0,175.00244
DQN,50,15,67000,100,3000.0,156.3836
DQN,50,15,68000,100,3000.0,144.3928
DQN,50,15,69000,100,3000.0,138.71716
DQN,50,15,70000,100,3000.0,146.49837
DQN,50,15,71000,100,3000.0,140.57167
DQN,50,15,72000,100,3000.0,150.38037
DQN,50,15,73000,100,166.33333333333334,184.18282
DQN,50,15,74000,100,3000.0,165.92503
DQN,50,15,75000,100,317.0,155.29285
DQN,50,15,76000,100,220.33333333333331,152.89465
DQN,50,15,77000,100,258.6666666666667,146.99022
DQN,50,15,78000,100,345.0,134.00706
DQN,50,15,79000,100,124.66666666666669,143.6595
DQN,50,15,80000,100,147.0,124.11968
DQN,50,15,81000,100,148.33333333333334,110.873604
DQN,50,15,82000,100,336.0,79.46569
DQN,50,15,83000,100,235.33333333333331,79.34336
DQN,50,15,84000,100,394.6666666666667,66.71506
DQN,50,15,85000,100,290.0,65.31014
DQN,50,15,86000,100,711.6666666666666,59.346115
DQN,50,15,87000,100,840.3333333333334,59.129864
DQN,50,15,88000,100,3000.0,53.81717
DQN,50,15,89000,100,3000.0,50.739414
DQN,50,15,90000,100,2218.0,46.194534
DQN,50,15,91000,100,3000.0,42.973328
DQN,50,15,92000,100,3000.0,39.540478
DQN,50,15,93000,100,3000.0,43.406494
DQN,50,15,94000,100,3000.0,42.193043
DQN,50,15,95000,100,3000.0,40.96248
DQN,50,15,96000,100,3000.0,41.273136
DQN,50,15,97000,100,3000.0,38.224567
DQN,50,15,98000,100,497.6666666666667,37.807858
DQN,50,15,99000,100,3000.0,34.964596
DQN,50,15,100000,100,3000.0,34.062733
DQN,50,16,1000,100,9.666666666666666,-9.2862625
DQN,50,16,2000,100,247.0,-74.88045
DQN,50,16,3000,100,965.0,-66.127174
DQN,50,16,4000,100,337.6666666666667,-42.104702
DQN,50,16,5000,100,212.66666666666663,-7.9357963
DQN,50,16,6000,100,229.0,24.454292
DQN,50,16,7000,100,259.3333333333333,65.02116
DQN,50,16,8000,100,235.0,117.073814
DQN,50,16,9000,100,317.0,170.206
DQN,50,16,10000,100,270.0,236.73401
DQN,50,16,11000,100,236.66666666666663,313.4413
DQN,50,16,12000,100,306.6666666666667,382.24393
DQN,50,16,13000,100,341.6666666666667,460.76196
DQN,50,16,14000,100,283.3333333333333,556.7977
DQN,50,16,15000,100,330.6666666666667,655.8262
DQN,50,16,16000,100,297.0,765.9952
DQN,50,16,17000,100,326.0,864.31354
DQN,50,16,18000,100,374.6666666666667,974.56885
DQN,50,16,19000,100,344.0,1089.1029
DQN,50,16,20000,100,336.3333333333333,1198.3048
DQN,50,16,21000,100,345.6666666666667,1311.6031
DQN,50,16,22000,100,290.0,1430.815
DQN,50,16,23000,100,323.0,1544.9448
DQN,50,16,24000,100,332.0,1629.8657
DQN,50,16,25000,100,358.0,1739.8188
DQN,50,16,26000,100,289.6666666666667,1824.9427
DQN,50,16,27000,100,351.0,1881.2155
DQN,50,16,28000,100,384.6666666666667,1955.6078
DQN,50,16,29000,100,336.3333333333333,2012.294
DQN,50,16,30000,100,355.0,2054.2742
DQN,50,16,31000,100,340.6666666666667,2075.8018
DQN,50,16,32000,100,419.0,2081.9993
DQN,50,16,33000,100,350.0,2077.6633
DQN,50,16,34000,100,359.3333333333333,2056.7727
DQN,50,16,35000,100,373.0,2008.6113
DQN,50,16,36000,100,393.0,1985.6084
DQN,50,16,37000,100,357.0,1924.266
DQN,50,16,38000,100,401.0,1868.2098
DQN,50,16,39000,100,288.0,1790.0665
DQN,50,16,40000,100,385.6666666666667,1718.0631
DQN,50,16,41000,100,320.6666666666667,1613.7386
DQN,50,16,42000,100,263.0,1516.7728
DQN,50,16,43000,100,275.6666666666667,1416.7421
DQN,50,16,44000,100,257.3333333333333,1304.4065
DQN,50,16,45000,100,241.66666666666663,1198.6074
DQN,50,16,46000,100,300.6666666666667,1095.4695
DQN,50,16,47000,100,241.66666666666663,990.85284
DQN,50,16,48000,100,335.3333333333333,880.73193
DQN,50,16,49000,100,355.3333333333333,786.7471
DQN,50,16,50000,100,374.6666666666667,707.03485
DQN,50,16,51000,100,332.3333333333333,638.54596
DQN,50,16,52000,100,370.6666666666667,566.8498
DQN,50,16,53000,100,3000.0,512.33496
DQN,50,16,54000,100,1406.6666666666667,468.09155
DQN,50,16,55000,100,3000.0,438.3278
DQN,50,16,56000,100,312.3333333333333,413.2208
DQN,50,16,57000,100,166.66666666666666,397.30453
DQN,50,16,58000,100,188.0,363.94568
DQN,50,16,59000,100,180.66666666666663,328.48465
DQN,50,16,60000,100,311.6666666666667,284.968
DQN,50,16,61000,100,1112.3333333333333,266.12143
DQN,50,16,62000,100,119.33333333333331,313.18518
DQN,50,16,63000,100,221.33333333333331,321.3574
DQN,50,16,64000,100,179.33333333333334,315.0232
DQN,50,16,65000,100,1472.6666666666667,274.01755
DQN,50,16,66000,100,255.66666666666663,256.33774
DQN,50,16,67000,100,142.0,243.35991
DQN,50,16,68000,100,356.0,210.17955
DQN,50,16,69000,100,140.33333333333334,210.80597
DQN,50,16,70000,100,146.33333333333334,200.523
DQN,50,16,71000,100,141.0,192.76192
DQN,50,16,72000,100,229.0,171.6646
DQN,50,16,73000,100,353.0,165.782
DQN,50,16,74000,100,315.6666666666667,154.27644
DQN,50,16,75000,100,3000.0,141.97826
DQN,50,16,76000,100,3000.0,133.93773
DQN,50,16,77000,100,3000.0,128.02266
DQN,50,16,78000,100,479.3333333333333,142.19598
DQN,50,16,79000,100,3000.0,170.79765
DQN,50,16,80000,100,3000.0,180.08838
DQN,50,16,81000,100,3000.0,174.3523
DQN,50,16,82000,100,776.6666666666666,165.50203
DQN,50,16,83000,100,458.3333333333333,169.63857
DQN,50,16,84000,100,263.0,175.18481
DQN,50,16,85000,100,177.33333333333334,172.88945
DQN,50,16,86000,100,348.3333333333333,143.21426
DQN,50,16,87000,100,1517.6666666666667,130.28831
DQN,50,16,88000,100,1770.0,121.26064
DQN,50,16,89000,100,3000.0,126.484474
DQN,50,16,90000,100,3000.0,125.080284
DQN,50,16,91000,100,3000.0,123.573204
DQN,50,16,92000,100,3000.0,116.300964
DQN,50,16,93000,100,3000.0,111.48389
DQN,50,16,94000,100,490.0,107.44876
DQN,50,16,95000,100,381.3333333333333,104.00631
DQN,50,16,96000,100,403.0,105.08402
DQN,50,16,97000,100,451.6666666666667,104.215904
DQN,50,16,98000,100,534.6666666666666,102.47248
DQN,50,16,99000,100,554.6666666666666,100.47455
DQN,50,16,100000,100,506.3333333333333,95.96247
DQN,50,17,1000,100,9.333333333333334,-8.955171
DQN,50,17,2000,100,142.0,-57.54188
DQN,50,17,3000,100,240.33333333333331,-55.440945
DQN,50,17,4000,100,368.0,-43.606976
DQN,50,17,5000,100,246.0,-15.593692
DQN,50,17,6000,100,341.3333333333333,10.476016
DQN,50,17,7000,100,286.6666666666667,48.767742
DQN,50,17,8000,100,285.0,95.84015
DQN,50,17,9000,100,265.0,157.15715
DQN,50,17,10000,100,284.0,216.51509
DQN,50,17,11000,100,270.3333333333333,294.09232
DQN,50,17,12000,100,264.6666666666667,375.40738
DQN,50,17,13000,100,263.3333333333333,465.14392
DQN,50,17,14000,100,263.6666666666667,562.42053
DQN,50,17,15000,100,267.3333333333333,664.92596
DQN,50,17,16000,100,274.3333333333333,783.0786
DQN,50,17,17000,100,281.6666666666667,911.9707
DQN,50,17,18000,100,280.0,1035.5995
DQN,50,17,19000,100,281.6666666666667,1168.3063
DQN,50,17,20000,100,285.0,1332.1012
DQN,50,17,21000,100,277.6666666666667,1482.6178
DQN,50,17,22000,100,285.6666666666667,1644.9688
DQN,50,17,23000,100,276.0,1812.7245
DQN,50,17,24000,100,289.6666666666667,1945.3392
DQN,50,17,25000,100,282.3333333333333,2065.185
DQN,50,17,26000,100,287.6666666666667,2213.8135
DQN,50,17,27000,100,300.3333333333333,2363.6655
DQN,50,17,28000,100,312.6666666666667,2509.4539
DQN,50,17,29000,100,327.6666666666667,2621.457
DQN,50,17,30000,100,357.0,2720.495
DQN,50,17,31000,100,306.3333333333333,2828.9016
DQN,50,17,32000,100,381.0,2926.8953
DQN,50,17,33000,100,307.0,2984.0964
DQN,50,17,34000,100,299.0,3022.597
DQN,50,17,35000,100,310.3333333333333,3019.3027
DQN,50,17,36000,100,346.3333333333333,3003.8665
DQN,50,17,37000,100,283.3333333333333,2978.543
DQN,50,17,38000,100,274.6666666666667,2915.2605
DQN,50,17,39000,100,273.0,2846.341
DQN,50,17,40000,100,269.6666666666667,2743.712
DQN,50,17,41000,100,297.6666666666667,2610.5417
DQN,50,17,42000,100,279.0,2465.572
DQN,50,17,43000,100,273.0,2314.8977
DQN,50,17,44000,100,320.3333333333333,2166.6565
DQN,50,17,45000,100,232.66666666666663,2004.3385
DQN,50,17,46000,100,295.0,1842.7275
DQN,50,17,47000,100,227.66666666666663,1674.8419
DQN,50,17,48000,100,234.0,1516.1494
DQN,50,17,49000,100,226.33333333333331,1356.6357
DQN,50,17,50000,100,204.33333333333331,1207.3165
DQN,50,17,51000,100,374.6666666666667,1064.1825
DQN,50,17,52000,100,224.0,936.74054
DQN,50,17,53000,100,293.0,827.9107
DQN,50,17,54000,100,191.33333333333331,745.63824
DQN,50,17,55000,100,170.66666666666666,730.19525
DQN,50,17,56000,100,228.66666666666663,752.25806
DQN,50,17,57000,100,168.66666666666666,909.0213
DQN,50,17,58000,100,342.0,900.33057
DQN,50,17,59000,100,614.3333333333334,798.2209
DQN,50,17,60000,100,348.3333333333333,722.3333
DQN,50,17,61000,100,306.6666666666667,658.1331
DQN,50,17,62000,100,349.6666666666667,599.3334
DQN,50,17,63000,100,3000.0,527.3554
DQN,50,17,64000,100,263.0,477.93173
DQN,50,17,65000,100,375.3333333333333,421.58163
DQN,50,17,66000,100,310.0,379.20203
DQN,50,17,67000,100,261.3333333333333,339.38937
DQN,50,17,68000,100,260.3333333333333,300.52
DQN,50,17,69000,100,249.66666666666663,268.20206
DQN,50,17,70000,100,3000.0,230.18378
DQN,50,17,71000,100,3000.0,204.1803
DQN,50,17,72000,100,2083.333333333333,187.64783
DQN,50,17,73000,100,238.33333333333331,182.24565
DQN,50,17,74000,100,265.6666666666667,187.59491
DQN,50,17,75000,100,168.0,213.4613
DQN,50,17,76000,100,149.33333333333334,231.27657
DQN,50,17,77000,100,164.0,230.34761
DQN,50,17,78000,100,928.3333333333334,199.70073
DQN,50,17,79000,100,3000.0,178.99184
DQN,50,17,80000,100,3000.0,163.53204
DQN,50,17,81000,100,155.0,179.63704
DQN,50,17,82000,100,141.66666666666666,210.34975
DQN,50,17,83000,100,3000.0,174.18835
DQN,50,17,84000,100,133.33333333333334,185.12299
DQN,50,17,85000,100,123.66666666666669,184.37682
DQN,50,17,86000,100,124.66666666666669,172.32623
DQN,50,17,87000,100,3000.0,128.1992
DQN,50,17,88000,100,3000.0,116.860344
DQN,50,17,89000,100,3000.0,109.36759
DQN,50,17,90000,100,3000.0,103.325935
DQN,50,17,91000,100,3000.0,94.87955
DQN,50,17,92000,100,2088.333333333333,89.62325
DQN,50,17,93000,100,2382.6666666666665,82.52912
DQN,50,17,94000,100,163.66666666666666,98.91803
DQN,50,17,95000,100,3000.0,76.377686
DQN,50,17,96000,100,172.66666666666666,92.04063
DQN,50,17,97000,100,158.66666666666666,90.57072
DQN,50,17,98000,100,3000.0,66.472046
DQN,50,17,99000,100,3000.0,60.930088
DQN,50,17,100000,100,3000.0,58.80028
DQN,50,18,1000,100,9.333333333333334,-8.89829
DQN,50,18,2000,100,57.333333333333336,-26.300163
DQN,50,18,3000,100,218.0,-54.046783
DQN,50,18,4000,100,192.0,-31.713736
DQN,50,18,5000,100,150.0,-4.332072
DQN,50,18,6000,100,129.66666666666666,26.546782
DQN,50,18,7000,100,150.66666666666666,53.98357
DQN,50,18,8000,100,143.33333333333334,95.93453
DQN,50,18,9000,100,160.0,140.74359
DQN,50,18,10000,100,170.66666666666666,193.82573
DQN,50,18,11000,100,173.33333333333334,258.22263
DQN,50,18,12000,100,232.33333333333331,330.66763
DQN,50,18,13000,100,202.33333333333331,415.73373
DQN,50,18,14000,100,266.0,515.60614
DQN,50,18,15000,100,257.6666666666667,610.1245
DQN,50,18,16000,100,255.0,723.79224
DQN,50,18,17000,100,257.3333333333333,834.73517
DQN,50,18,18000,100,195.0,958.7332
DQN,50,18,19000,100,269.0,1074.4258
DQN,50,18,20000,100,249.66666666666663,1208.181
DQN,50,18,21000,100,252.0,1329.418
DQN,50,18,22000,100,232.33333333333331,1480.6735
DQN,50,18,23000,100,215.33333333333331,1630.0707
DQN,50,18,24000,100,227.33333333333331,1782.2665
DQN,50,18,25000,100,226.0,1913.5135
DQN,50,18,26000,100,249.33333333333331,2051.6296
DQN,50,18,27000,100,259.6666666666667,2188.1575
DQN,50,18,28000,100,278.0,2288.3044
DQN,50,18,29000,100,342.0,2399.8918
DQN,50,18,30000,100,301.6666666666667,2520.014
DQN,50,18,31000,100,306.6666666666667,2602.517
DQN,50,18,32000,100,283.0,2672.624
DQN,50,18,33000,100,352.3333333333333,2728.7722
DQN,50,18,34000,100,284.6666666666667,2782.552
DQN,50,18,35000,100,343.0,2817.153
DQN,50,18,36000,100,265.3333333333333,2822.6506
DQN,50,18,37000,100,303.0,2778.758
DQN,50,18,38000,100,277.3333333333333,2738.4824
DQN,50,18,39000,100,246.33333333333331,2668.277
DQN,50,18,40000,100,257.0,2576.049
DQN,50,18,41000,100,277.6666666666667,2473.4915
DQN,50,18,42000,100,277.6666666666667,2339.9822
DQN,50,18,43000,100,301.0,2221.5996
DQN,50,18,44000,100,278.3333333333333,2091.3547
DQN,50,18,45000,100,294.6666666666667,1954.8163
DQN,50,18,46000,100,283.0,1819.1908
DQN,50,18,47000,100,267.6666666666667,1690.4838
DQN,50,18,48000,100,262.6666666666667,1555.9873
DQN,50,18,49000,100,260.3333333333333,1442.3846
DQN,50,18,50000,100,244.0,1314.5101
DQN,50,18,51000,100,248.0,1182.2653
DQN,50,18,52000,100,251.33333333333331,1062.0687
DQN,50,18,53000,100,278.0,957.4597
DQN,50,18,54000,100,206.66666666666663,913.2334
DQN,50,18,55000,100,311.3333333333333,938.09576
DQN,50,18,56000,100,245.33333333333331,902.35693
DQN,50,18,57000,100,250.33333333333331,846.5659
DQN,50,18,58000,100,305.6666666666667,758.49365
DQN,50,18,59000,100,237.0,667.47394
DQN,50,18,60000,100,274.3333333333333,577.127
DQN,50,18,61000,100,303.3333333333333,499.5057
DQN,50,18,62000,100,433.0,431.52466
DQN,50,18,63000,100,283.6666666666667,382.69922
DQN,50,18,64000,100,309.6666666666667,332.57474
DQN,50,18,65000,100,288.0,291.73965
DQN,50,18,66000,100,343.6666666666667,250.98994
DQN,50,18,67000,100,217.66666666666663,225.4989
DQN,50,18,68000,100,183.33333333333331,205.98256
DQN,50,18,69000,100,149.66666666666666,197.8158
DQN,50,18,70000,100,172.0,177.63843
DQN,50,18,71000,100,151.33333333333334,166.14323
DQN,50,18,72000,100,158.33333333333334,149.94226
DQN,50,18,73000,100,156.0,137.80699
DQN,50,18,74000,100,165.66666666666666,123.94968
DQN,50,18,75000,100,151.66666666666666,117.99741
DQN,50,18,76000,100,146.66666666666666,113.43601
DQN,50,18,77000,100,171.33333333333334,103.11962
DQN,50,18,78000,100,155.33333333333334,115.44761
DQN,50,18,79000,100,173.33333333333334,131.56429
DQN,50,18,80000,100,203.33333333333331,148.77888
DQN,50,18,81000,100,205.66666666666663,160.23256
DQN,50,18,82000,100,292.0,153.27863
DQN,50,18,83000,100,363.3333333333333,142.92146
DQN,50,18,84000,100,3000.0,128.92625
DQN,50,18,85000,100,3000.0,117.01257
DQN,50,18,86000,100,3000.0,108.50933
DQN,50,18,87000,100,466.6666666666667,99.26666
DQN,50,18,88000,100,641.6666666666666,93.043396
DQN,50,18,89000,100,2539.333333333333,86.5254
DQN,50,18,90000,100,3000.0,79.134
DQN,50,18,91000,100,3000.0,75.51643
DQN,50,18,92000,100,3000.0,72.15682
DQN,50,18,93000,100,3000.0,67.64626
DQN,50,18,94000,100,3000.0,63.340588
DQN,50,18,95000,100,2188.0,59.705494
DQN,50,18,96000,100,438.6666666666667,59.912495
DQN,50,18,97000,100,273.6666666666667,63.591293
DQN,50,18,98000,100,277.0,64.21698
DQN,50,18,99000,100,393.3333333333333,61.653316
DQN,50,18,100000,100,1013.6666666666666,66.58466
DQN,50,19,1000,100,27.0,-23.568237
DQN,50,19,2000,100,109.33333333333331,-46.95171
DQN,50,19,3000,100,698.3333333333334,-62.20664
DQN,50,19,4000,100,138.0,-17.416395
DQN,50,19,5000,100,193.66666666666663,-5.0106683
DQN,50,19,6000,100,214.0,22.855005
DQN,50,19,7000,100,206.33333333333331,59.135586
DQN,50,19,8000,100,193.0,106.21671
DQN,50,19,9000,100,252.33333333333331,152.16641
DQN,50,19,10000,100,237.0,208.61662
DQN,50,19,11000,100,232.33333333333331,276.93286
DQN,50,19,12000,100,304.3333333333333,334.33084
DQN,50,19,13000,100,234.33333333333331,416.61792
DQN,50,19,14000,100,294.6666666666667,487.66104
DQN,50,19,15000,100,245.0,576.6578
DQN,50,19,16000,100,299.6666666666667,654.26044
DQN,50,19,17000,100,250.33333333333331,744.59064
DQN,50,19,18000,100,232.66666666666663,828.7415
DQN,50,19,19000,100,258.6666666666667,912.49164
DQN,50,19,20000,100,288.3333333333333,995.064
DQN,50,19,21000,100,259.6666666666667,1097.3706
DQN,50,19,22000,100,231.33333333333331,1188.769
DQN,50,19,23000,100,271.3333333333333,1260.063
DQN,50,19,24000,100,265.3333333333333,1332.6633
DQN,50,19,25000,100,246.66666666666663,1401.9199
DQN,50,19,26000,100,296.0,1473.7969
DQN,50,19,27000,100,258.6666666666667,1558.1556
DQN,50,19,28000,100,292.0,1603.563
DQN,50,19,29000,100,304.3333333333333,1635.702
DQN,50,19,30000,100,299.0,1669.7803
DQN,50,19,31000,100,313.3333333333333,1674.8115
DQN,50,19,32000,100,290.0,1679.349
DQN,50,19,33000,100,275.3333333333333,1649.1982
DQN,50,19,34000,100,293.0,1622.2633
DQN,50,19,35000,100,280.3333333333333,1572.3849
DQN,50,19,36000,100,249.66666666666663,1501.6006
DQN,50,19,37000,100,250.33333333333331,1422.6694
DQN,50,19,38000,100,257.0,1327.964
DQN,50,19,39000,100,227.0,1242.337
DQN,50,19,40000,100,217.66666666666663,1152.2928
DQN,50,19,41000,100,227.33333333333331,1059.2762
DQN,50,19,42000,100,226.33333333333331,953.0169
DQN,50,19,43000,100,199.0,865.2686
DQN,50,19,44000,100,229.66666666666663,777.2238
DQN,50,19,45000,100,209.0,702.28876
DQN,50,19,46000,100,265.3333333333333,615.7881
DQN,50,19,47000,100,228.0,547.9892
DQN,50,19,48000,100,339.0,472.26587
DQN,50,19,49000,100,2577.333333333333,411.4319
DQN,50,19,50000,100,3000.0,364.17297
DQN,50,19,51000,100,3000.0,326.462
DQN,50,19,52000,100,3000.0,297.7347
DQN,50,19,53000,100,3000.0,266.1212
DQN,50,19,54000,100,3000.0,238.95305
DQN,50,19,55000,100,1691.3333333333333,213.68944
DQN,50,19,56000,100,1915.0,191.44829
DQN,50,19,57000,100,1489.3333333333333,171.8907
DQN,50,19,58000,100,679.0,153.05208
DQN,50,19,59000,100,314.3333333333333,139.19432
DQN,50,19,60000,100,172.33333333333334,142.6834
DQN,50,19,61000,100,205.33333333333331,129.13759
DQN,50,19,62000,100,190.66666666666663,119.196045
DQN,50,19,63000,100,171.66666666666666,114.63334
DQN,50,19,64000,100,183.33333333333331,102.82534
DQN,50,19,65000,100,157.66666666666666,100.486115
DQN,50,19,66000,100,279.6666666666667,82.8872
DQN,50,19,67000,100,163.33333333333334,91.08417
DQN,50,19,68000,100,243.33333333333331,73.60288
DQN,50,19,69000,100,238.66666666666663,69.36533
DQN,50,19,70000,100,195.33333333333331,69.434845
DQN,50,19,71000,100,199.33333333333331,62.58977
DQN,50,19,72000,100,1238.0,48.90216
DQN,50,19,73000,100,173.0,59.69734
DQN,50,19,74000,100,220.33333333333331,53.074192
DQN,50,19,75000,100,149.0,61.592815
DQN,50,19,76000,100,217.0,49.85886
DQN,50,19,77000,100,165.0,55.44193
DQN,50,19,78000,100,3000.0,35.424458
DQN,50,19,79000,100,3000.0,36.72034
DQN,50,19,80000,100,3000.0,38.964954
DQN,50,19,81000,100,3000.0,43.219143
DQN,50,19,82000,100,3000.0,50.443283
DQN,50,19,83000,100,1808.6666666666667,59.2137
DQN,50,19,84000,100,3000.0,62.432163
DQN,50,19,85000,100,3000.0,64.95579
DQN,50,19,86000,100,3000.0,65.81632
DQN,50,19,87000,100,3000.0,64.82864
DQN,50,19,88000,100,3000.0,64.52918
DQN,50,19,89000,100,638.0,66.865715
DQN,50,19,90000,100,514.6666666666666,71.88085
DQN,50,19,91000,100,588.6666666666666,72.28102
DQN,50,19,92000,100,748.3333333333334,71.56501
DQN,50,19,93000,100,3000.0,67.802345
DQN,50,19,94000,100,3000.0,67.890335
DQN,50,19,95000,100,420.3333333333333,67.33398
DQN,50,19,96000,100,3000.0,67.37937
DQN,50,19,97000,100,3000.0,72.330505
DQN,50,19,98000,100,3000.0,79.587975
DQN,50,19,99000,100,3000.0,87.98519
DQN,50,19,100000,100,3000.0,95.3041
DQN,200,10,1000,100,9.666666666666666,-9.239344
DQN,200,10,2000,100,419.3333333333333,-93.44085
DQN,200,10,3000,100,423.3333333333333,-88.02289
DQN,200,10,4000,100,292.6666666666667,-78.66738
DQN,200,10,5000,100,216.0,-68.205635
DQN,200,10,6000,100,194.33333333333331,-59.957092
DQN,200,10,7000,100,224.66666666666663,-56.730865
DQN,200,10,8000,100,189.33333333333331,-47.64233
DQN,200,10,9000,100,211.66666666666663,-44.690395
DQN,200,10,10000,100,180.33333333333331,-34.084866
DQN,200,10,11000,100,168.66666666666666,-26.170319
DQN,200,10,12000,100,248.0,-29.303125
DQN,200,10,13000,100,185.66666666666663,-17.619423
DQN,200,10,14000,100,203.0,-15.17069
DQN,200,10,15000,100,227.0,-13.858617
DQN,200,10,16000,100,224.0,-8.707355
DQN,200,10,17000,100,220.0,-3.9601643
DQN,200,10,18000,100,249.33333333333331,-3.7357204
DQN,200,10,19000,100,244.0,0.1975301
DQN,200,10,20000,100,420.6666666666667,-4.66657
DQN,200,10,21000,100,340.0,-0.5767517
DQN,200,10,22000,100,3000.0,-1.6249822
DQN,200,10,23000,100,3000.0,0.7920761
DQN,200,10,24000,100,308.3333333333333,11.549637
DQN,200,10,25000,100,302.0,10.770595
DQN,200,10,26000,100,302.3333333333333,15.4533205
DQN,200,10,27000,100,149.66666666666666,32.35043
DQN,200,10,28000,100,180.0,29.52188
DQN,200,10,29000,100,200.66666666666663,28.281092
DQN,200,10,30000,100,172.66666666666666,34.249664
DQN,200,10,31000,100,157.33333333333334,40.39111
DQN,200,10,32000,100,163.33333333333334,40.870544
DQN,200,10,33000,100,153.66666666666666,44.690044
DQN,200,10,34000,100,143.0,48.716236
DQN,200,10,35000,100,156.33333333333334,47.821163
DQN,200,10,36000,100,155.0,50.008514
DQN,200,10,37000,100,128.66666666666666,59.54851
DQN,200,10,38000,100,148.33333333333334,56.650463
DQN,200,10,39000,100,132.0,62.752335
DQN,200,10,40000,100,114.33333333333331,70.12998
DQN,200,10,41000,100,125.33333333333331,69.544395
DQN,200,10,42000,100,119.0,74.77265
DQN,200,10,43000,100,139.66666666666666,71.2503
DQN,200,10,44000,100,143.66666666666666,72.81663
DQN,200,10,45000,100,156.66666666666666,72.74783
DQN,200,10,46000,100,156.0,74.81104
DQN,200,10,47000,100,174.0,73.995705
DQN,200,10,48000,100,198.33333333333331,72.0766
DQN,200,10,49000,100,183.66666666666663,77.46691
DQN,200,10,50000,100,175.33333333333334,81.33781
DQN,200,10,51000,100,336.0,72.15789
DQN,200,10,52000,100,408.6666666666667,67.741844
DQN,200,10,53000,100,399.3333333333333,68.13703
DQN,200,10,54000,100,428.3333333333333,68.33083
DQN,200,10,55000,100,423.3333333333333,69.591194
DQN,200,10,56000,100,423.6666666666667,69.85582
DQN,200,10,57000,100,440.0,70.59097
DQN,200,10,58000,100,472.0,70.332184
DQN,200,10,59000,100,492.0,69.20565
DQN,200,10,60000,100,500.0,67.76705
DQN,200,10,61000,100,412.6666666666667,66.24886
DQN,200,10,62000,100,1097.3333333333333,62.602768
DQN,200,10,63000,100,592.3333333333334,60.275707
DQN,200,10,64000,100,1441.6666666666667,57.782253
DQN,200,10,65000,100,3000.0,55.915318
DQN,200,10,66000,100,3000.0,54.144833
DQN,200,10,67000,100,3000.0,52.415874
DQN,200,10,68000,100,3000.0,50.009964
DQN,200,10,69000,100,3000.0,49.60632
DQN,200,10,70000,100,3000.0,48.30627
DQN,200,10,71000,100,3000.0,46.49611
DQN,200,10,72000,100,3000.0,44.734528
DQN,200,10,73000,100,3000.0,43.55882
DQN,200,10,74000,100,3000.0,42.201782
DQN,200,10,75000,100,3000.0,40.784073
DQN,200,10,76000,100,3000.0,39.55235
DQN,200,10,77000,100,3000.0,38.697144
DQN,200,10,78000,100,3000.0,37.14346
DQN,200,10,79000,100,3000.0,35.49138
DQN,200,10,80000,100,3000.0,34.160877
DQN,200,10,81000,100,3000.0,32.853405
DQN,200,10,82000,100,3000.0,31.373388
DQN,200,10,83000,100,3000.0,29.955347
DQN,200,10,84000,100,3000.0,28.301023
DQN,200,10,85000,100,3000.0,26.927317
DQN,200,10,86000,100,3000.0,26.179884
DQN,200,10,87000,100,3000.0,24.957972
DQN,200,10,88000,100,3000.0,24.066305
DQN,200,10,89000,100,3000.0,22.774223
DQN,200,10,90000,100,3000.0,21.577593
DQN,200,10,91000,100,3000.0,20.886961
DQN,200,10,92000,100,3000.0,20.31534
DQN,200,10,93000,100,3000.0,19.574247
DQN,200,10,94000,100,3000.0,19.488495
DQN,200,10,95000,100,3000.0,18.992609
DQN,200,10,96000,100,3000.0,18.558954
DQN,200,10,97000,100,3000.0,18.031382
DQN,200,10,98000,100,3000.0,17.53183
DQN,200,10,99000,100,3000.0,17.080751
DQN,200,10,100000,100,2086.0,20.185259
DQN,200,11,1000,100,9.333333333333334,-8.951115
DQN,200,11,2000,100,394.3333333333333,-93.0032
DQN,200,11,3000,100,225.33333333333331,-79.56757
DQN,200,11,4000,100,187.0,-69.627014
DQN,200,11,5000,100,146.0,-56.551304
DQN,200,11,6000,100,162.0,-54.056957
DQN,200,11,7000,100,153.33333333333334,-45.764294
DQN,200,11,8000,100,199.0,-46.77576
DQN,200,11,9000,100,143.33333333333334,-31.00174
DQN,200,11,10000,100,160.0,-27.108633
DQN,200,11,11000,100,154.0,-19.349783
DQN,200,11,12000,100,229.33333333333331,-21.93701
DQN,200,11,13000,100,218.0,-14.934799
DQN,200,11,14000,100,249.33333333333331,-10.639483
DQN,200,11,15000,100,232.33333333333331,-1.2333755
DQN,200,11,16000,100,225.0,4.2604575
DQN,200,11,17000,100,208.66666666666663,12.647591
DQN,200,11,18000,100,263.6666666666667,12.856252
DQN,200,11,19000,100,204.33333333333331,24.131266
DQN,200,11,20000,100,358.3333333333333,20.345434
DQN,200,11,21000,100,330.6666666666667,26.279
DQN,200,11,22000,100,348.3333333333333,30.644735
DQN,200,11,23000,100,443.0,32.378174
DQN,200,11,24000,100,256.6666666666667,41.73346
DQN,200,11,25000,100,754.0,36.724472
DQN,200,11,26000,100,307.3333333333333,43.884
DQN,200,11,27000,100,316.6666666666667,46.07242
DQN,200,11,28000,100,256.0,51.695484
DQN,200,11,29000,100,548.0,47.011883
DQN,200,11,30000,100,3000.0,46.34701
DQN,200,11,31000,100,3000.0,46.149113
DQN,200,11,32000,100,3000.0,46.29871
DQN,200,11,33000,100,3000.0,46.552723
DQN,200,11,34000,100,3000.0,47.005436
DQN,200,11,35000,100,3000.0,47.97942
DQN,200,11,36000,100,639.3333333333334,49.155777
DQN,200,11,37000,100,339.3333333333333,52.51164
DQN,200,11,38000,100,220.0,60.714935
DQN,200,11,39000,100,491.6666666666667,52.276043
DQN,200,11,40000,100,362.3333333333333,50.91811
DQN,200,11,41000,100,364.0,51.573864
DQN,200,11,42000,100,178.33333333333334,65.72266
DQN,200,11,43000,100,195.66666666666663,63.00771
DQN,200,11,44000,100,145.0,72.11686
DQN,200,11,45000,100,174.33333333333334,65.97161
DQN,200,11,46000,100,198.66666666666663,61.292553
DQN,200,11,47000,100,170.33333333333334,65.13937
DQN,200,11,48000,100,154.66666666666666,68.0816
DQN,200,11,49000,100,157.0,67.13803
DQN,200,11,50000,100,182.0,62.61371
DQN,200,11,51000,100,194.0,59.592472
DQN,200,11,52000,100,115.33333333333331,75.15079
DQN,200,11,53000,100,309.3333333333333,47.940674
DQN,200,11,54000,100,461.3333333333333,43.342194
DQN,200,11,55000,100,370.3333333333333,43.25325
DQN,200,11,56000,100,375.3333333333333,42.252464
DQN,200,11,57000,100,378.0,41.92832
DQN,200,11,58000,100,333.3333333333333,41.300823
DQN,200,11,59000,100,293.6666666666667,42.319794
DQN,200,11,60000,100,251.66666666666663,44.153904
DQN,200,11,61000,100,405.6666666666667,37.955845
DQN,200,11,62000,100,3000.0,35.09303
DQN,200,11,63000,100,3000.0,35.61317
DQN,200,11,64000,100,3000.0,35.941177
DQN,200,11,65000,100,3000.0,36.152027
DQN,200,11,66000,100,3000.0,36.099014
DQN,200,11,67000,100,3000.0,36.750248
DQN,200,11,68000,100,3000.0,37.459366
DQN,200,11,69000,100,3000.0,37.002365
DQN,200,11,70000,100,3000.0,36.47379
DQN,200,11,71000,100,3000.0,35.81781
DQN,200,11,72000,100,3000.0,35.661587
DQN,200,11,73000,100,3000.0,36.851425
DQN,200,11,74000,100,3000.0,36.752224
DQN,200,11,75000,100,3000.0,36.336777
DQN,200,11,76000,100,3000.0,35.84395
DQN,200,11,77000,100,3000.0,35.82808
DQN,200,11,78000,100,3000.0,35.369114
DQN,200,11,79000,100,3000.0,34.996563
DQN,200,11,80000,100,3000.0,34.577408
DQN,200,11,81000,100,3000.0,33.516693
DQN,200,11,82000,100,3000.0,32.426178
DQN,200,11,83000,100,3000.0,31.792856
DQN,200,11,84000,100,3000.0,30.923416
DQN,200,11,85000,100,3000.0,30.32454
DQN,200,11,86000,100,3000.0,30.00271
DQN,200,11,87000,100,3000.0,29.580313
DQN,200,11,88000,100,3000.0,29.22112
DQN,200,11,89000,100,3000.0,28.645945
DQN,200,11,90000,100,3000.0,28.47732
DQN,200,11,91000,100,3000.0,27.70675
DQN,200,11,92000,100,3000.0,26.39432
DQN,200,11,93000,100,3000.0,25.099945
DQN,200,11,94000,100,3000.0,24.028292
DQN,200,11,95000,100,3000.0,24.05343
DQN,200,11,96000,100,3000.0,23.203058
DQN,200,11,97000,100,3000.0,22.158583
DQN,200,11,98000,100,3000.0,21.31801
DQN,200,11,99000,100,3000.0,21.123932
DQN,200,11,100000,100,3000.0,20.738716
DQN,200,12,1000,100,9.333333333333334,-8.881207
DQN,200,12,2000,100,100.33333333333331,-58.2619
DQN,200,12,3000,100,823.0,-90.00342
DQN,200,12,4000,100,250.33333333333331,-77.03513
DQN,200,12,5000,100,190.33333333333331,-65.17718
DQN,200,12,6000,100,196.0,-60.43935
DQN,200,12,7000,100,194.0,-54.350132
DQN,200,12,8000,100,174.33333333333334,-45.197083
DQN,200,12,9000,100,154.33333333333334,-35.362377
DQN,200,12,10000,100,193.33333333333331,-35.60268
DQN,200,12,11000,100,183.0,-27.974356
DQN,200,12,12000,100,243.0,-28.827833
DQN,200,12,13000,100,235.33333333333331,-22.981483
DQN,200,12,14000,100,258.3333333333333,-18.403694
DQN,200,12,15000,100,244.66666666666663,-13.068067
DQN,200,12,16000,100,240.0,-8.595685
DQN,200,12,17000,100,227.66666666666663,-3.717252
DQN,200,12,18000,100,237.66666666666663,0.056678772
DQN,200,12,19000,100,187.66666666666663,8.962527
DQN,200,12,20000,100,179.66666666666666,12.776024
DQN,200,12,21000,100,283.6666666666667,7.818423
DQN,200,12,22000,100,145.0,25.182108
DQN,200,12,23000,100,186.0,20.181536
DQN,200,12,24000,100,197.66666666666663,20.210745
DQN,200,12,25000,100,196.66666666666663,22.634697
DQN,200,12,26000,100,550.0,12.251999
DQN,200,12,27000,100,155.33333333333334,32.746487
DQN,200,12,28000,100,194.0,27.457268
DQN,200,12,29000,100,149.0,36.39475
DQN,200,12,30000,100,201.0,28.31961
DQN,200,12,31000,100,165.0,34.25793
DQN,200,12,32000,100,151.0,38.961163
DQN,200,12,33000,100,189.33333333333331,33.97025
DQN,200,12,34000,100,145.33333333333334,44.016796
DQN,200,12,35000,100,170.33333333333334,39.940823
DQN,200,12,36000,100,160.66666666666666,42.833527
DQN,200,12,37000,100,160.0,42.8818
DQN,200,12,38000,100,156.33333333333334,46.164837
DQN,200,12,39000,100,139.0,52.907246
DQN,200,12,40000,100,147.66666666666666,52.51532
DQN,200,12,41000,100,155.66666666666666,52.80614
DQN,200,12,42000,100,150.33333333333334,55.26515
DQN,200,12,43000,100,166.33333333333334,52.44253
DQN,200,12,44000,100,147.33333333333334,57.805683
DQN,200,12,45000,100,152.66666666666666,58.475994
DQN,200,12,46000,100,154.66666666666666,59.30945
DQN,200,12,47000,100,158.66666666666666,60.39291
DQN,200,12,48000,100,156.33333333333334,62.094646
DQN,200,12,49000,100,175.66666666666666,58.701183
DQN,200,12,50000,100,159.66666666666666,61.008347
DQN,200,12,51000,100,190.33333333333331,55.459747
DQN,200,12,52000,100,165.33333333333334,60.097748
DQN,200,12,53000,100,186.66666666666663,56.83601
DQN,200,12,54000,100,245.0,49.26471
DQN,200,12,55000,100,3000.0,40.091003
DQN,200,12,56000,100,3000.0,40.6162
DQN,200,12,57000,100,3000.0,39.75857
DQN,200,12,58000,100,371.3333333333333,41.273014
DQN,200,12,59000,100,337.6666666666667,40.992714
DQN,200,12,60000,100,376.3333333333333,39.34378
DQN,200,12,61000,100,373.3333333333333,38.422268
DQN,200,12,62000,100,385.6666666666667,36.12694
DQN,200,12,63000,100,426.6666666666667,33.75075
DQN,200,12,64000,100,434.6666666666667,32.402718
DQN,200,12,65000,100,441.0,30.481491
DQN,200,12,66000,100,1365.0,28.539808
DQN,200,12,67000,100,597.3333333333334,27.663832
DQN,200,12,68000,100,616.0,26.404633
DQN,200,12,69000,100,825.3333333333334,25.056433
DQN,200,12,70000,100,424.6666666666667,25.039919
DQN,200,12,71000,100,376.0,25.063532
DQN,200,12,72000,100,349.6666666666667,25.317133
DQN,200,12,73000,100,427.0,23.710632
DQN,200,12,74000,100,341.3333333333333,25.193644
DQN,200,12,75000,100,336.6666666666667,25.617025
DQN,200,12,76000,100,357.6666666666667,25.711279
DQN,200,12,77000,100,385.3333333333333,25.088392
DQN,200,12,78000,100,386.0,25.084242
DQN,200,12,79000,100,608.0,23.486847
DQN,200,12,80000,100,3000.0,22.614637
DQN,200,12,81000,100,3000.0,23.119743
DQN,200,12,82000,100,3000.0,23.587854
DQN,200,12,83000,100,3000.0,23.263643
DQN,200,12,84000,100,3000.0,23.839464
DQN,200,12,85000,100,3000.0,24.560654
DQN,200,12,86000,100,3000.0,25.074736
DQN,200,12,87000,100,3000.0,25.729004
DQN,200,12,88000,100,3000.0,26.123901
DQN,200,12,89000,100,3000.0,25.72728
DQN,200,12,90000,100,3000.0,26.103601
DQN,200,12,91000,100,3000.0,26.199379
DQN,200,12,92000,100,3000.0,26.796288
DQN,200,12,93000,100,3000.0,26.629463
DQN,200,12,94000,100,3000.0,26.44056
DQN,200,12,95000,100,3000.0,25.62726
DQN,200,12,96000,100,3000.0,25.148329
DQN,200,12,97000,100,3000.0,24.24898
DQN,200,12,98000,100,3000.0,23.822144
DQN,200,12,99000,100,3000.0,23.513344
DQN,200,12,100000,100,3000.0,23.480255
DQN,200,13,1000,100,10.333333333333334,-9.878335
DQN,200,13,2000,100,39.0,-27.377668
DQN,200,13,3000,100,369.6666666666667,-87.2453
DQN,200,13,4000,100,294.0,-78.80357
DQN,200,13,5000,100,204.33333333333331,-66.56736
DQN,200,13,6000,100,245.33333333333331,-64.71154
DQN,200,13,7000,100,228.0,-57.53766
DQN,200,13,8000,100,176.66666666666666,-45.342213
DQN,200,13,9000,100,235.33333333333331,-45.930195
DQN,200,13,10000,100,245.66666666666663,-40.473293
DQN,200,13,11000,100,224.33333333333331,-31.555902
DQN,200,13,12000,100,222.33333333333331,-23.847345
DQN,200,13,13000,100,244.66666666666663,-15.84019
DQN,200,13,14000,100,216.33333333333331,-7.9517417
DQN,200,13,15000,100,198.0,1.1278585
DQN,200,13,16000,100,220.0,4.0622177
DQN,200,13,17000,100,227.33333333333331,8.586179
DQN,200,13,18000,100,220.0,14.946301
DQN,200,13,19000,100,227.0,19.749506
DQN,200,13,20000,100,205.33333333333331,26.776697
DQN,200,13,21000,100,208.33333333333331,30.39002
DQN,200,13,22000,100,200.33333333333331,34.80665
DQN,200,13,23000,100,174.66666666666666,41.51236
DQN,200,13,24000,100,170.0,44.628082
DQN,200,13,25000,100,188.66666666666663,43.99539
DQN,200,13,26000,100,151.0,54.47777
DQN,200,13,27000,100,165.33333333333334,54.933666
DQN,200,13,28000,100,159.0,58.84933
DQN,200,13,29000,100,187.0,55.305996
DQN,200,13,30000,100,182.0,57.80942
DQN,200,13,31000,100,146.0,66.02548
DQN,200,13,32000,100,150.0,65.57843
DQN,200,13,33000,100,139.66666666666666,68.93337
DQN,200,13,34000,100,141.0,69.54049
DQN,200,13,35000,100,125.0,75.51007
DQN,200,13,36000,100,125.33333333333331,76.06216
DQN,200,13,37000,100,125.0,77.44811
DQN,200,13,38000,100,116.33333333333331,80.93523
DQN,200,13,39000,100,109.66666666666669,83.23891
DQN,200,13,40000,100,105.66666666666669,85.46256
DQN,200,13,41000,100,109.0,85.28964
DQN,200,13,42000,100,326.3333333333333,55.110657
DQN,200,13,43000,100,259.3333333333333,58.140667
DQN,200,13,44000,100,158.33333333333334,71.70804
DQN,200,13,45000,100,371.6666666666667,53.71875
DQN,200,13,46000,100,337.6666666666667,54.230427
DQN,200,13,47000,100,276.6666666666667,55.090076
DQN,200,13,48000,100,294.0,54.301655
DQN,200,13,49000,100,183.0,65.173
DQN,200,13,50000,100,189.66666666666663,63.434704
DQN,200,13,51000,100,232.33333333333331,57.915344
DQN,200,13,52000,100,379.3333333333333,49.52714
DQN,200,13,53000,100,452.0,48.016186
DQN,200,13,54000,100,321.6666666666667,50.62091
DQN,200,13,55000,100,445.3333333333333,48.466198
DQN,200,13,56000,100,1296.0,47.71754
DQN,200,13,57000,100,299.0,52.338055
DQN,200,13,58000,100,363.0,48.910076
DQN,200,13,59000,100,315.0,50.047775
DQN,200,13,60000,100,380.0,47.458843
DQN,200,13,61000,100,325.0,47.01053
DQN,200,13,62000,100,174.0,58.91792
DQN,200,13,63000,100,320.0,44.59018
DQN,200,13,64000,100,184.66666666666663,54.304836
DQN,200,13,65000,100,157.66666666666666,58.0329
DQN,200,13,66000,100,159.33333333333334,57.373516
DQN,200,13,67000,100,166.0,54.93979
DQN,200,13,68000,100,365.6666666666667,38.28242
DQN,200,13,69000,100,503.0,34.014675
DQN,200,13,70000,100,514.0,32.82781
DQN,200,13,71000,100,465.0,32.48302
DQN,200,13,72000,100,721.3333333333334,30.904043
DQN,200,13,73000,100,1808.3333333333333,30.500208
DQN,200,13,74000,100,2227.0,29.405706
DQN,200,13,75000,100,3000.0,28.794428
DQN,200,13,76000,100,3000.0,28.119822
DQN,200,13,77000,100,3000.0,27.836924
DQN,200,13,78000,100,3000.0,27.352478
DQN,200,13,79000,100,3000.0,26.899612
DQN,200,13,80000,100,3000.0,26.468605
DQN,200,13,81000,100,3000.0,26.164778
DQN,200,13,82000,100,908.3333333333334,26.786886
DQN,200,13,83000,100,3000.0,25.856972
DQN,200,13,84000,100,3000.0,25.90132
DQN,200,13,85000,100,3000.0,26.844046
DQN,200,13,86000,100,3000.0,26.777391
DQN,200,13,87000,100,3000.0,26.262497
DQN,200,13,88000,100,3000.0,25.617186
DQN,200,13,89000,100,3000.0,24.882406
DQN,200,13,90000,100,3000.0,24.175562
DQN,200,13,91000,100,3000.0,23.813643
DQN,200,13,92000,100,3000.0,22.84072
DQN,200,13,93000,100,3000.0,22.257914
DQN,200,13,94000,100,3000.0,21.412064
DQN,200,13,95000,100,3000.0,20.863304
DQN,200,13,96000,100,3000.0,20.36283
DQN,200,13,97000,100,3000.0,19.991228
DQN,200,13,98000,100,3000.0,19.204607
DQN,200,13,99000,100,3000.0,18.384905
DQN,200,13,100000,100,3000.0,17.778687
DQN,200,14,1000,100,9.666666666666666,-9.21662
DQN,200,14,2000,100,161.33333333333334,-74.853134
DQN,200,14,3000,100,486.3333333333333,-89.22538
DQN,200,14,4000,100,345.3333333333333,-81.73312
DQN,200,14,5000,100,198.0,-65.87173
DQN,200,14,6000,100,248.33333333333331,-65.83249
DQN,200,14,7000,100,289.0,-61.3333
DQN,200,14,8000,100,247.0,-53.52509
DQN,200,14,9000,100,249.33333333333331,-46.720776
DQN,200,14,10000,100,196.0,-34.175365
DQN,200,14,11000,100,265.3333333333333,-34.410877
DQN,200,14,12000,100,223.33333333333331,-24.24015
DQN,200,14,13000,100,250.0,-20.741224
DQN,200,14,14000,100,257.0,-15.01517
DQN,200,14,15000,100,226.33333333333331,-5.4211197
DQN,200,14,16000,100,255.0,-1.7473577
DQN,200,14,17000,100,236.0,6.2207665
DQN,200,14,18000,100,244.66666666666663,10.302447
DQN,200,14,19000,100,236.33333333333331,16.174576
DQN,200,14,20000,100,410.0,14.15625
DQN,200,14,21000,100,528.0,16.987144
DQN,200,14,22000,100,556.0,20.669626
DQN,200,14,23000,100,3000.0,23.548975
DQN,200,14,24000,100,3000.0,26.836296
DQN,200,14,25000,100,3000.0,29.288717
DQN,200,14,26000,100,3000.0,31.35639
DQN,200,14,27000,100,3000.0,33.967373
DQN,200,14,28000,100,3000.0,36.81135
DQN,200,14,29000,100,3000.0,37.279324
DQN,200,14,30000,100,3000.0,37.79247
DQN,200,14,31000,100,2622.0,39.946304
DQN,200,14,32000,100,3000.0,42.82466
DQN,200,14,33000,100,1072.0,45.21211
DQN,200,14,34000,100,550.0,47.015675
DQN,200,14,35000,100,353.0,51.311512
DQN,200,14,36000,100,529.0,53.041775
DQN,200,14,37000,100,509.3333333333333,55.785065
DQN,200,14,38000,100,241.0,66.11877
DQN,200,14,39000,100,470.0,58.995224
DQN,200,14,40000,100,284.3333333333333,64.45782
DQN,200,14,41000,100,175.0,77.6772
DQN,200,14,42000,100,256.6666666666667,68.90683
DQN,200,14,43000,100,416.3333333333333,64.1446
DQN,200,14,44000,100,231.33333333333331,73.62321
DQN,200,14,45000,100,407.6666666666667,67.311424
DQN,200,14,46000,100,681.0,64.33832
DQN,200,14,47000,100,606.0,65.65872
DQN,200,14,48000,100,541.0,65.600746
DQN,200,14,49000,100,443.0,66.37808
DQN,200,14,50000,100,292.6666666666667,68.354225
DQN,200,14,51000,100,305.0,68.24969
DQN,200,14,52000,100,363.0,65.629974
DQN,200,14,53000,100,529.3333333333334,62.170532
DQN,200,14,54000,100,379.3333333333333,61.97526
DQN,200,14,55000,100,472.6666666666667,60.340427
DQN,200,14,56000,100,387.3333333333333,59.44696
DQN,200,14,57000,100,383.3333333333333,58.372616
DQN,200,14,58000,100,383.0,57.399822
DQN,200,14,59000,100,372.0,57.28001
DQN,200,14,60000,100,318.6666666666667,60.61464
DQN,200,14,61000,100,326.3333333333333,57.46269
DQN,200,14,62000,100,297.3333333333333,59.11899
DQN,200,14,63000,100,347.0,56.35596
DQN,200,14,64000,100,352.3333333333333,56.052692
DQN,200,14,65000,100,366.3333333333333,56.45122
DQN,200,14,66000,100,402.0,57.06902
DQN,200,14,67000,100,468.0,56.519577
DQN,200,14,68000,100,481.3333333333333,56.103558
DQN,200,14,69000,100,638.0,54.68025
DQN,200,14,70000,100,574.0,55.639416
DQN,200,14,71000,100,1478.0,54.602215
DQN,200,14,72000,100,3000.0,53.113216
DQN,200,14,73000,100,3000.0,52.171
DQN,200,14,74000,100,3000.0,50.17009
DQN,200,14,75000,100,3000.0,49.4635
DQN,200,14,76000,100,3000.0,49.16768
DQN,200,14,77000,100,533.6666666666666,48.919727
DQN,200,14,78000,100,3000.0,47.8517
DQN,200,14,79000,100,1044.3333333333333,46.19521
DQN,200,14,80000,100,845.6666666666666,44.542217
DQN,200,14,81000,100,1059.6666666666667,43.639175
DQN,200,14,82000,100,1162.6666666666667,42.260788
DQN,200,14,83000,100,3000.0,41.015354
DQN,200,14,84000,100,3000.0,40.10615
DQN,200,14,85000,100,3000.0,38.598385
DQN,200,14,86000,100,3000.0,37.606155
DQN,200,14,87000,100,3000.0,37.09303
DQN,200,14,88000,100,3000.0,36.54091
DQN,200,14,89000,100,3000.0,35.146282
DQN,200,14,90000,100,3000.0,34.166607
DQN,200,14,91000,100,3000.0,32.801147
DQN,200,14,92000,100,3000.0,31.62976
DQN,200,14,93000,100,2204.333333333333,30.760117
DQN,200,14,94000,100,3000.0,29.786514
DQN,200,14,95000,100,131.33333333333334,55.426945
DQN,200,14,96000,100,2128.0,28.369474
DQN,200,14,97000,100,387.6666666666667,29.515253
DQN,200,14,98000,100,369.6666666666667,29.08373
DQN,200,14,99000,100,369.0,28.29437
DQN,200,14,100000,100,3000.0,25.63141
DQN,200,15,1000,100,9.333333333333334,-8.90232
DQN,200,15,2000,100,47.66666666666666,-33.015945
DQN,200,15,3000,100,404.3333333333333,-88.35786
DQN,200,15,4000,100,215.66666666666663,-73.2338
DQN,200,15,5000,100,259.0,-70.551765
DQN,200,15,6000,100,166.0,-55.20805
DQN,200,15,7000,100,139.0,-43.924088
DQN,200,15,8000,100,167.66666666666666,-43.563213
DQN,200,15,9000,100,161.33333333333334,-36.083317
DQN,200,15,10000,100,157.33333333333334,-28.484266
DQN,200,15,11000,100,170.0,-23.968332
DQN,200,15,12000,100,190.66666666666663,-20.330305
DQN,200,15,13000,100,189.66666666666663,-13.934466
DQN,200,15,14000,100,237.0,-12.755585
DQN,200,15,15000,100,205.0,-3.476181
DQN,200,15,16000,100,206.33333333333331,3.592313
DQN,200,15,17000,100,250.33333333333331,5.012983
DQN,200,15,18000,100,253.0,10.603378
DQN,200,15,19000,100,247.33333333333331,15.889857
DQN,200,15,20000,100,224.0,22.984268
DQN,200,15,21000,100,366.3333333333333,18.558142
DQN,200,15,22000,100,372.3333333333333,22.294744
DQN,200,15,23000,100,3000.0,23.205002
DQN,200,15,24000,100,3000.0,26.259705
DQN,200,15,25000,100,3000.0,29.565939
DQN,200,15,26000,100,3000.0,31.553885
DQN,200,15,27000,100,430.6666666666667,34.170395
DQN,200,15,28000,100,470.0,36.317894
DQN,200,15,29000,100,568.3333333333334,36.798336
DQN,200,15,30000,100,318.3333333333333,42.18307
DQN,200,15,31000,100,266.6666666666667,48.198303
DQN,200,15,32000,100,152.0,63.079437
DQN,200,15,33000,100,129.66666666666666,70.47898
DQN,200,15,34000,100,122.66666666666669,74.87567
DQN,200,15,35000,100,125.33333333333331,77.6491
DQN,200,15,36000,100,120.66666666666669,81.633095
DQN,200,15,37000,100,129.66666666666666,80.96482
DQN,200,15,38000,100,132.66666666666666,81.57052
DQN,200,15,39000,100,133.33333333333334,83.94735
DQN,200,15,40000,100,115.66666666666669,92.21857
DQN,200,15,41000,100,156.66666666666666,84.25248
DQN,200,15,42000,100,122.66666666666669,93.77045
DQN,200,15,43000,100,142.33333333333334,90.11668
DQN,200,15,44000,100,127.33333333333331,94.905266
DQN,200,15,45000,100,128.66666666666666,98.207634
DQN,200,15,46000,100,123.66666666666669,103.94071
DQN,200,15,47000,100,132.66666666666666,103.9755
DQN,200,15,48000,100,168.66666666666666,97.57477
DQN,200,15,49000,100,3000.0,79.994446
DQN,200,15,50000,100,3000.0,80.97049
DQN,200,15,51000,100,3000.0,80.64255
DQN,200,15,52000,100,3000.0,79.96862
DQN,200,15,53000,100,3000.0,78.94023
DQN,200,15,54000,100,3000.0,77.95445
DQN,200,15,55000,100,3000.0,76.65156
DQN,200,15,56000,100,3000.0,73.19859
DQN,200,15,57000,100,3000.0,72.918724
DQN,200,15,58000,100,2204.6666666666665,71.36488
DQN,200,15,59000,100,2089.0,72.18573
DQN,200,15,60000,100,3000.0,67.11782
DQN,200,15,61000,100,135.0,90.60215
DQN,200,15,62000,100,501.3333333333333,66.57084
DQN,200,15,63000,100,149.33333333333334,87.96362
DQN,200,15,64000,100,180.66666666666663,86.08271
DQN,200,15,65000,100,577.3333333333334,69.86283
DQN,200,15,66000,100,150.66666666666666,91.36963
DQN,200,15,67000,100,2115.333333333333,70.21465
DQN,200,15,68000,100,470.6666666666667,76.65909
DQN,200,15,69000,100,146.33333333333334,94.11729
DQN,200,15,70000,100,150.33333333333334,94.37063
DQN,200,15,71000,100,149.33333333333334,97.83628
DQN,200,15,72000,100,151.0,101.016235
DQN,200,15,73000,100,153.33333333333334,104.930695
DQN,200,15,74000,100,158.0,109.21801
DQN,200,15,75000,100,152.0,115.30926
DQN,200,15,76000,100,159.0,118.619026
DQN,200,15,77000,100,169.66666666666666,120.96244
DQN,200,15,78000,100,171.33333333333334,125.650734
DQN,200,15,79000,100,669.3333333333334,112.608055
DQN,200,15,80000,100,3000.0,116.652916
DQN,200,15,81000,100,3000.0,119.87072
DQN,200,15,82000,100,3000.0,122.65998
DQN,200,15,83000,100,3000.0,125.79368
DQN,200,15,84000,100,3000.0,128.90375
DQN,200,15,85000,100,3000.0,130.14502
DQN,200,15,86000,100,1355.3333333333333,131.73244
DQN,200,15,87000,100,3000.0,131.1628
DQN,200,15,88000,100,3000.0,129.53273
DQN,200,15,89000,100,3000.0,128.2538
DQN,200,15,90000,100,3000.0,126.31842
DQN,200,15,91000,100,3000.0,124.35767
DQN,200,15,92000,100,3000.0,121.57163
DQN,200,15,93000,100,595.0,117.96317
DQN,200,15,94000,100,3000.0,113.849205
DQN,200,15,95000,100,233.66666666666663,121.12445
DQN,200,15,96000,100,3000.0,108.57706
DQN,200,15,97000,100,3000.0,106.49048
DQN,200,15,98000,100,3000.0,103.398926
DQN,200,15,99000,100,3000.0,100.34017
DQN,200,15,100000,100,3000.0,97.62972
DQN,200,16,1000,100,9.666666666666666,-9.2862625
DQN,200,16,2000,100,417.3333333333333,-92.77639
DQN,200,16,3000,100,223.33333333333331,-79.58877
DQN,200,16,4000,100,194.33333333333331,-71.05667
DQN,200,16,5000,100,232.33333333333331,-70.69751
DQN,200,16,6000,100,198.33333333333331,-60.619274
DQN,200,16,7000,100,212.0,-55.62161
DQN,200,16,8000,100,204.0,-49.8295
DQN,200,16,9000,100,156.0,-37.33389
DQN,200,16,10000,100,180.0,-35.944675
DQN,200,16,11000,100,142.66666666666666,-23.230652
DQN,200,16,12000,100,149.33333333333334,-19.070448
DQN,200,16,13000,100,168.33333333333334,-17.015074
DQN,200,16,14000,100,167.33333333333334,-11.342183
DQN,200,16,15000,100,206.33333333333331,-10.902461
DQN,200,16,16000,100,194.66666666666663,-5.296524
DQN,200,16,17000,100,175.0,2.6846645
DQN,200,16,18000,100,284.0,-1.1259257
DQN,200,16,19000,100,261.0,3.7659302
DQN,200,16,20000,100,248.0,6.626999
DQN,200,16,21000,100,267.0,8.652377
DQN,200,16,22000,100,198.33333333333331,18.345436
DQN,200,16,23000,100,172.33333333333334,24.669785
DQN,200,16,24000,100,164.66666666666666,29.747763
DQN,200,16,25000,100,174.33333333333334,31.808617
DQN,200,16,26000,100,181.66666666666663,33.789143
DQN,200,16,27000,100,154.66666666666666,41.59887
DQN,200,16,28000,100,159.33333333333334,43.83835
DQN,200,16,29000,100,167.33333333333334,45.092743
DQN,200,16,30000,100,159.66666666666666,49.906048
DQN,200,16,31000,100,144.0,56.93158
DQN,200,16,32000,100,149.66666666666666,58.260742
DQN,200,16,33000,100,154.66666666666666,58.623608
DQN,200,16,34000,100,138.33333333333334,65.65211
DQN,200,16,35000,100,160.0,62.728954
DQN,200,16,36000,100,143.33333333333334,68.0986
DQN,200,16,37000,100,144.0,68.49851
DQN,200,16,38000,100,136.66666666666666,71.27038
DQN,200,16,39000,100,129.66666666666666,76.44918
DQN,200,16,40000,100,141.66666666666666,73.71103
DQN,200,16,41000,100,140.0,76.922005
DQN,200,16,42000,100,137.66666666666666,79.39203
DQN,200,16,43000,100,147.66666666666666,78.91763
DQN,200,16,44000,100,140.0,80.80468
DQN,200,16,45000,100,190.66666666666663,69.90234
DQN,200,16,46000,100,232.66666666666663,63.94579
DQN,200,16,47000,100,337.3333333333333,58.979218
DQN,200,16,48000,100,437.3333333333333,54.693096
DQN,200,16,49000,100,206.66666666666663,64.57142
DQN,200,16,50000,100,375.3333333333333,57.61717
DQN,200,16,51000,100,145.33333333333334,73.3682
DQN,200,16,52000,100,142.33333333333334,74.29931
DQN,200,16,53000,100,149.66666666666666,71.65247
DQN,200,16,54000,100,157.33333333333334,69.738495
DQN,200,16,55000,100,158.33333333333334,69.45752
DQN,200,16,56000,100,161.66666666666666,68.886986
DQN,200,16,57000,100,162.66666666666666,69.09271
DQN,200,16,58000,100,164.33333333333334,68.42158
DQN,200,16,59000,100,160.66666666666666,68.93304
DQN,200,16,60000,100,170.66666666666666,67.5012
DQN,200,16,61000,100,163.66666666666666,69.972664
DQN,200,16,62000,100,164.0,70.26088
DQN,200,16,63000,100,174.66666666666666,68.37374
DQN,200,16,64000,100,192.0,65.31603
DQN,200,16,65000,100,183.66666666666663,66.58478
DQN,200,16,66000,100,174.66666666666666,68.58531
DQN,200,16,67000,100,185.33333333333331,66.89334
DQN,200,16,68000,100,203.33333333333331,63.412186
DQN,200,16,69000,100,228.0,59.169327
DQN,200,16,70000,100,249.66666666666663,57.016346
DQN,200,16,71000,100,270.0,55.022877
DQN,200,16,72000,100,258.3333333333333,56.5943
DQN,200,16,73000,100,436.0,48.660812
DQN,200,16,74000,100,3000.0,45.71988
DQN,200,16,75000,100,3000.0,44.418365
DQN,200,16,76000,100,1471.6666666666667,42.55306
DQN,200,16,77000,100,851.6666666666666,40.76817
DQN,200,16,78000,100,3000.0,39.541775
DQN,200,16,79000,100,3000.0,40.4899
DQN,200,16,80000,100,3000.0,41.562275
DQN,200,16,81000,100,3000.0,42.456417
DQN,200,16,82000,100,3000.0,44.89862
DQN,200,16,83000,100,3000.0,46.39494
DQN,200,16,84000,100,3000.0,46.799465
DQN,200,16,85000,100,3000.0,48.075623
DQN,200,16,86000,100,3000.0,47.319485
DQN,200,16,87000,100,3000.0,45.450195
DQN,200,16,88000,100,3000.0,43.71961
DQN,200,16,89000,100,3000.0,41.949818
DQN,200,16,90000,100,3000.0,40.31239
DQN,200,16,91000,100,3000.0,38.87242
DQN,200,16,92000,100,3000.0,38.347126
DQN,200,16,93000,100,3000.0,37.15224
DQN,200,16,94000,100,3000.0,36.584118
DQN,200,16,95000,100,3000.0,36.900578
DQN,200,16,96000,100,3000.0,37.169647
DQN,200,16,97000,100,3000.0,36.757008
DQN,200,16,98000,100,3000.0,36.988083
DQN,200,16,99000,100,3000.0,37.259907
DQN,200,16,100000,100,3000.0,37.559788
DQN,200,17,1000,100,9.333333333333334,-8.955171
DQN,200,17,2000,100,775.0,-91.78864
DQN,200,17,3000,100,356.3333333333333,-87.37885
DQN,200,17,4000,100,244.33333333333331,-76.73464
DQN,200,17,5000,100,187.66666666666663,-64.80289
DQN,200,17,6000,100,170.33333333333334,-56.366795
DQN,200,17,7000,100,166.0,-49.966335
DQN,200,17,8000,100,158.66666666666666,-43.09958
DQN,200,17,9000,100,149.66666666666666,-35.469433
DQN,200,17,10000,100,153.0,-30.617239
DQN,200,17,11000,100,162.0,-27.142761
DQN,200,17,12000,100,211.0,-29.595465
DQN,200,17,13000,100,197.66666666666663,-22.776413
DQN,200,17,14000,100,208.0,-19.91953
DQN,200,17,15000,100,165.0,-9.190152
DQN,200,17,16000,100,150.33333333333334,-2.5913544
DQN,200,17,17000,100,162.33333333333334,-2.215828
DQN,200,17,18000,100,175.33333333333334,-1.7584203
DQN,200,17,19000,100,221.66666666666663,-4.6334863
DQN,200,17,20000,100,127.0,14.002887
DQN,200,17,21000,100,128.66666666666666,15.961514
DQN,200,17,22000,100,113.0,23.345839
DQN,200,17,23000,100,135.0,18.994474
DQN,200,17,24000,100,3000.0,-5.247335
DQN,200,17,25000,100,150.66666666666666,19.320318
DQN,200,17,26000,100,151.33333333333334,20.676123
DQN,200,17,27000,100,123.0,29.457888
DQN,200,17,28000,100,112.33333333333331,33.609985
DQN,200,17,29000,100,113.66666666666669,35.6294
DQN,200,17,30000,100,126.0,33.47919
DQN,200,17,31000,100,163.0,26.821709
DQN,200,17,32000,100,221.0,22.14567
DQN,200,17,33000,100,373.0,14.644818
DQN,200,17,34000,100,376.0,14.409879
DQN,200,17,35000,100,125.0,41.687664
DQN,200,17,36000,100,153.0,36.363888
DQN,200,17,37000,100,252.33333333333331,25.06336
DQN,200,17,38000,100,204.0,30.507225
DQN,200,17,39000,100,164.66666666666666,38.07308
DQN,200,17,40000,100,185.0,36.01169
DQN,200,17,41000,100,236.0,29.679062
DQN,200,17,42000,100,229.66666666666663,32.10168
DQN,200,17,43000,100,262.3333333333333,29.895172
DQN,200,17,44000,100,219.66666666666663,34.98342
DQN,200,17,45000,100,429.0,27.412966
DQN,200,17,46000,100,358.3333333333333,33.36753
DQN,200,17,47000,100,493.3333333333333,28.728582
DQN,200,17,48000,100,611.3333333333334,28.653543
DQN,200,17,49000,100,460.0,33.807484
DQN,200,17,50000,100,412.6666666666667,34.14969
DQN,200,17,51000,100,341.0,36.18742
DQN,200,17,52000,100,320.3333333333333,38.887554
DQN,200,17,53000,100,320.6666666666667,39.58604
DQN,200,17,54000,100,228.33333333333331,42.01623
DQN,200,17,55000,100,298.6666666666667,38.786877
DQN,200,17,56000,100,351.0,37.449017
DQN,200,17,57000,100,303.6666666666667,40.03343
DQN,200,17,58000,100,542.3333333333334,37.186466
DQN,200,17,59000,100,624.3333333333334,39.214043
DQN,200,17,60000,100,390.6666666666667,47.342487
DQN,200,17,61000,100,629.6666666666666,41.871437
DQN,200,17,62000,100,627.6666666666666,42.690777
DQN,200,17,63000,100,613.3333333333334,42.42108
DQN,200,17,64000,100,558.0,43.011654
DQN,200,17,65000,100,590.6666666666666,43.355774
DQN,200,17,66000,100,598.0,43.617573
DQN,200,17,67000,100,3000.0,43.975468
DQN,200,17,68000,100,3000.0,43.782475
DQN,200,17,69000,100,3000.0,43.106342
DQN,200,17,70000,100,3000.0,42.68099
DQN,200,17,71000,100,3000.0,42.881725
DQN,200,17,72000,100,3000.0,43.04974
DQN,200,17,73000,100,3000.0,43.318253
DQN,200,17,74000,100,3000.0,43.70627
DQN,200,17,75000,100,3000.0,43.333954
DQN,200,17,76000,100,3000.0,42.68338
DQN,200,17,77000,100,3000.0,42.058613
DQN,200,17,78000,100,3000.0,41.69887
DQN,200,17,79000,100,3000.0,40.638992
DQN,200,17,80000,100,655.3333333333334,39.883507
DQN,200,17,81000,100,3000.0,38.403355
DQN,200,17,82000,100,3000.0,37.15155
DQN,200,17,83000,100,805.0,36.44107
DQN,200,17,84000,100,3000.0,35.550766
DQN,200,17,85000,100,3000.0,34.7114
DQN,200,17,86000,100,3000.0,34.033756
DQN,200,17,87000,100,314.3333333333333,37.636005
DQN,200,17,88000,100,3000.0,32.319004
DQN,200,17,89000,100,3000.0,31.073568
DQN,200,17,90000,100,880.6666666666666,30.857384
DQN,200,17,91000,100,269.3333333333333,36.78522
DQN,200,17,92000,100,3000.0,29.057327
DQN,200,17,93000,100,546.6666666666666,29.307281
DQN,200,17,94000,100,1948.3333333333333,28.666815
DQN,200,17,95000,100,805.6666666666666,28.220139
DQN,200,17,96000,100,3000.0,27.745901
DQN,200,17,97000,100,261.3333333333333,34.667526
DQN,200,17,98000,100,3000.0,26.753159
DQN,200,17,99000,100,2113.6666666666665,27.076433
DQN,200,17,100000,100,3000.0,25.496737
DQN,200,18,1000,100,9.333333333333334,-8.89829
DQN,200,18,2000,100,169.66666666666666,-76.8269
DQN,200,18,3000,100,1040.6666666666667,-89.87463
DQN,200,18,4000,100,196.33333333333331,-71.210945
DQN,200,18,5000,100,149.33333333333334,-57.44665
DQN,200,18,6000,100,125.66666666666669,-45.90907
DQN,200,18,7000,100,140.33333333333334,-43.97154
DQN,200,18,8000,100,143.33333333333334,-38.121243
DQN,200,18,9000,100,188.0,-39.37491
DQN,200,18,10000,100,251.66666666666663,-37.42474
DQN,200,18,11000,100,256.6666666666667,-32.138172
DQN,200,18,12000,100,243.0,-25.075638
DQN,200,18,13000,100,223.66666666666663,-15.336441
DQN,200,18,14000,100,312.3333333333333,-13.643367
DQN,200,18,15000,100,284.6666666666667,-4.1908517
DQN,200,18,16000,100,291.0,2.6558533
DQN,200,18,17000,100,264.3333333333333,12.617058
DQN,200,18,18000,100,251.33333333333331,20.170118
DQN,200,18,19000,100,274.3333333333333,25.690851
DQN,200,18,20000,100,278.3333333333333,32.006256
DQN,200,18,21000,100,327.6666666666667,34.818897
DQN,200,18,22000,100,290.0,42.71884
DQN,200,18,23000,100,379.3333333333333,44.740818
DQN,200,18,24000,100,322.0,50.666965
DQN,200,18,25000,100,270.6666666666667,56.061527
DQN,200,18,26000,100,293.0,57.638138
DQN,200,18,27000,100,233.33333333333331,64.06196
DQN,200,18,28000,100,236.66666666666663,66.88654
DQN,200,18,29000,100,223.0,70.577446
DQN,200,18,30000,100,263.6666666666667,68.244705
DQN,200,18,31000,100,306.3333333333333,65.941765
DQN,200,18,32000,100,244.66666666666663,70.46212
DQN,200,18,33000,100,231.33333333333331,72.69465
DQN,200,18,34000,100,212.66666666666663,75.38559
DQN,200,18,35000,100,241.33333333333331,72.491295
DQN,200,18,36000,100,178.66666666666666,80.60157
DQN,200,18,37000,100,169.66666666666666,83.488045
DQN,200,18,38000,100,191.0,80.1722
DQN,200,18,39000,100,150.0,87.1072
DQN,200,18,40000,100,198.0,77.349915
DQN,200,18,41000,100,152.66666666666666,85.154396
DQN,200,18,42000,100,189.0,77.641525
DQN,200,18,43000,100,169.66666666666666,80.84032
DQN,200,18,44000,100,133.33333333333334,88.75943
DQN,200,18,45000,100,118.0,93.38813
DQN,200,18,46000,100,173.0,80.41651
DQN,200,18,47000,100,164.33333333333334,81.659706
DQN,200,18,48000,100,170.33333333333334,79.443436
DQN,200,18,49000,100,196.66666666666663,74.83988
DQN,200,18,50000,100,164.66666666666666,80.0251
DQN,200,18,51000,100,182.0,76.38531
DQN,200,18,52000,100,2085.6666666666665,61.467182
DQN,200,18,53000,100,3000.0,57.39279
DQN,200,18,54000,100,219.0,66.128456
DQN,200,18,55000,100,3000.0,54.741608
DQN,200,18,56000,100,3000.0,53.589493
DQN,200,18,57000,100,3000.0,51.843555
DQN,200,18,58000,100,3000.0,50.19869
DQN,200,18,59000,100,3000.0,47.949223
DQN,200,18,60000,100,3000.0,46.797073
DQN,200,18,61000,100,3000.0,45.256577
DQN,200,18,62000,100,3000.0,43.526035
DQN,200,18,63000,100,3000.0,42.72167
DQN,200,18,64000,100,3000.0,41.172558
DQN,200,18,65000,100,3000.0,38.96372
DQN,200,18,66000,100,3000.0,37.508972
DQN,200,18,67000,100,3000.0,36.53345
DQN,200,18,68000,100,3000.0,34.95343
DQN,200,18,69000,100,3000.0,34.20287
DQN,200,18,70000,100,3000.0,33.302578
DQN,200,18,71000,100,3000.0,32.12859
DQN,200,18,72000,100,3000.0,31.693985
DQN,200,18,73000,100,3000.0,30.68455
DQN,200,18,74000,100,3000.0,29.794138
DQN,200,18,75000,100,3000.0,29.696848
DQN,200,18,76000,100,3000.0,28.81547
DQN,200,18,77000,100,3000.0,27.604187
DQN,200,18,78000,100,3000.0,26.607529
DQN,200,18,79000,100,3000.0,25.640554
DQN,200,18,80000,100,3000.0,24.75415
DQN,200,18,81000,100,3000.0,23.897894
DQN,200,18,82000,100,3000.0,23.678259
DQN,200,18,83000,100,3000.0,23.31308
DQN,200,18,84000,100,3000.0,23.0978
DQN,200,18,85000,100,3000.0,22.810106
DQN,200,18,86000,100,3000.0,22.542032
DQN,200,18,87000,100,3000.0,21.982065
DQN,200,18,88000,100,3000.0,21.650068
DQN,200,18,89000,100,3000.0,20.774092
DQN,200,18,90000,100,3000.0,19.970697
DQN,200,18,91000,100,3000.0,19.722612
DQN,200,18,92000,100,3000.0,19.414658
DQN,200,18,93000,100,3000.0,19.076286
DQN,200,18,94000,100,262.6666666666667,25.998274
DQN,200,18,95000,100,3000.0,18.339401
DQN,200,18,96000,100,3000.0,18.268396
DQN,200,18,97000,100,3000.0,18.079184
DQN,200,18,98000,100,354.6666666666667,20.777082
DQN,200,18,99000,100,2159.6666666666665,17.68754
DQN,200,18,100000,100,422.3333333333333,18.839205
DQN,200,19,1000,100,27.0,-23.568237
DQN,200,19,2000,100,2583.6666666666665,-95.06155
DQN,200,19,3000,100,524.3333333333334,-89.21484
DQN,200,19,4000,100,201.66666666666663,-71.97888
DQN,200,19,5000,100,182.66666666666663,-64.17301
DQN,200,19,6000,100,218.33333333333331,-63.72189
DQN,200,19,7000,100,186.66666666666663,-53.92731
DQN,200,19,8000,100,290.3333333333333,-57.3779
DQN,200,19,9000,100,327.0,-51.94568
DQN,200,19,10000,100,289.3333333333333,-45.067326
DQN,200,19,11000,100,294.3333333333333,-38.457294
DQN,200,19,12000,100,279.0,-29.79682
DQN,200,19,13000,100,251.0,-21.521042
DQN,200,19,14000,100,287.3333333333333,-17.632452
DQN,200,19,15000,100,304.6666666666667,-13.219058
DQN,200,19,16000,100,345.3333333333333,-7.209971
DQN,200,19,17000,100,289.6666666666667,-1.1728312
DQN,200,19,18000,100,281.6666666666667,3.9106724
DQN,200,19,19000,100,205.66666666666663,15.937378
DQN,200,19,20000,100,428.3333333333333,8.297933
DQN,200,19,21000,100,774.3333333333334,10.194179
DQN,200,19,22000,100,3000.0,13.4770155
DQN,200,19,23000,100,3000.0,16.566977
DQN,200,19,24000,100,3000.0,19.186018
DQN,200,19,25000,100,3000.0,22.449486
DQN,200,19,26000,100,3000.0,25.419004
DQN,200,19,27000,100,416.6666666666667,29.698889
DQN,200,19,28000,100,850.0,31.678473
DQN,200,19,29000,100,360.6666666666667,35.948753
DQN,200,19,30000,100,361.6666666666667,37.404655
DQN,200,19,31000,100,127.33333333333331,65.432785
DQN,200,19,32000,100,173.33333333333334,58.140102
DQN,200,19,33000,100,213.0,54.394672
DQN,200,19,34000,100,168.0,64.234856
DQN,200,19,35000,100,148.0,72.30362
DQN,200,19,36000,100,127.0,80.41589
DQN,200,19,37000,100,140.0,80.08583
DQN,200,19,38000,100,130.66666666666666,85.91764
DQN,200,19,39000,100,123.0,91.0675
DQN,200,19,40000,100,133.33333333333334,91.18197
DQN,200,19,41000,100,142.0,90.864136
DQN,200,19,42000,100,133.66666666666666,93.71295
DQN,200,19,43000,100,133.66666666666666,96.12756
DQN,200,19,44000,100,154.0,93.43697
DQN,200,19,45000,100,140.66666666666666,99.680695
DQN,200,19,46000,100,145.33333333333334,101.6482
DQN,200,19,47000,100,144.33333333333334,105.37878
DQN,200,19,48000,100,200.66666666666663,94.74526
DQN,200,19,49000,100,427.0,81.71357
DQN,200,19,50000,100,120.66666666666669,108.4638
DQN,200,19,51000,100,353.3333333333333,82.37723
DQN,200,19,52000,100,348.6666666666667,82.39969
DQN,200,19,53000,100,135.0,102.72925
DQN,200,19,54000,100,291.6666666666667,81.59818
DQN,200,19,55000,100,137.33333333333334,99.715294
DQN,200,19,56000,100,150.66666666666666,95.738495
DQN,200,19,57000,100,147.33333333333334,95.188354
DQN,200,19,58000,100,210.33333333333331,84.48823
DQN,200,19,59000,100,153.66666666666666,90.993805
DQN,200,19,60000,100,341.3333333333333,73.45782
DQN,200,19,61000,100,217.33333333333331,79.06367
DQN,200,19,62000,100,260.6666666666667,73.29644
DQN,200,19,63000,100,325.3333333333333,71.090965
DQN,200,19,64000,100,171.0,81.32397
DQN,200,19,65000,100,255.0,69.55425
DQN,200,19,66000,100,262.3333333333333,67.29371
DQN,200,19,67000,100,237.33333333333331,66.68493
DQN,200,19,68000,100,345.6666666666667,58.604813
DQN,200,19,69000,100,303.3333333333333,61.498425
DQN,200,19,70000,100,261.6666666666667,58.878292
DQN,200,19,71000,100,280.6666666666667,55.70818
DQN,200,19,72000,100,611.6666666666666,50.173626
DQN,200,19,73000,100,266.3333333333333,53.314194
DQN,200,19,74000,100,428.6666666666667,46.239506
DQN,200,19,75000,100,3000.0,43.440613
DQN,200,19,76000,100,3000.0,41.743057
DQN,200,19,77000,100,2060.333333333333,40.689922
DQN,200,19,78000,100,834.3333333333334,40.534138
DQN,200,19,79000,100,3000.0,39.512783
DQN,200,19,80000,100,3000.0,38.263733
DQN,200,19,81000,100,3000.0,36.93025
DQN,200,19,82000,100,3000.0,36.79608
DQN,200,19,83000,100,3000.0,36.13863
DQN,200,19,84000,100,3000.0,35.38355
DQN,200,19,85000,100,3000.0,34.564777
DQN,200,19,86000,100,3000.0,34.743317
DQN,200,19,87000,100,337.0,41.23928
DQN,200,19,88000,100,2091.0,38.577076
DQN,200,19,89000,100,3000.0,35.855366
DQN,200,19,90000,100,3000.0,35.75057
DQN,200,19,91000,100,3000.0,35.276764
DQN,200,19,92000,100,3000.0,34.363117
DQN,200,19,93000,100,705.3333333333334,33.891903
DQN,200,19,94000,100,2659.333333333333,32.785854
DQN,200,19,95000,100,3000.0,32.392635
DQN,200,19,96000,100,3000.0,31.22178
DQN,200,19,97000,100,3000.0,30.307837
DQN,200,19,98000,100,347.6666666666667,34.17685
DQN,200,19,99000,100,3000.0,31.254013
DQN,200,19,100000,100,3000.0,30.901556
DQN,500,10,1000,100,9.666666666666666,-9.239344
DQN,500,10,2000,100,9.666666666666666,-7.2067413
DQN,500,10,3000,100,214.66666666666663,-84.27026
DQN,500,10,4000,100,247.66666666666663,-85.59778
DQN,500,10,5000,100,232.66666666666663,-82.09118
DQN,500,10,6000,100,257.3333333333333,-81.646065
DQN,500,10,7000,100,155.0,-66.7174
DQN,500,10,8000,100,267.0,-75.95101
DQN,500,10,9000,100,231.0,-73.70748
DQN,500,10,10000,100,240.33333333333331,-70.879295
DQN,500,10,11000,100,250.0,-70.64261
DQN,500,10,12000,100,254.0,-68.44366
DQN,500,10,13000,100,222.33333333333331,-63.704914
DQN,500,10,14000,100,216.0,-60.969074
DQN,500,10,15000,100,159.33333333333334,-51.03149
DQN,500,10,16000,100,115.0,-37.825542
DQN,500,10,17000,100,118.66666666666669,-37.240677
DQN,500,10,18000,100,149.33333333333334,-42.962925
DQN,500,10,19000,100,139.0,-39.321056
DQN,500,10,20000,100,143.66666666666666,-39.07596
DQN,500,10,21000,100,236.33333333333331,-48.45766
DQN,500,10,22000,100,113.33333333333331,-27.28863
DQN,500,10,23000,100,112.33333333333331,-25.311636
DQN,500,10,24000,100,251.0,-46.75191
DQN,500,10,25000,100,198.33333333333331,-40.72868
DQN,500,10,26000,100,172.0,-35.306408
DQN,500,10,27000,100,179.0,-34.93704
DQN,500,10,28000,100,246.66666666666663,-41.79116
DQN,500,10,29000,100,427.0,-45.87877
DQN,500,10,30000,100,219.66666666666663,-36.32562
DQN,500,10,31000,100,217.0,-34.718525
DQN,500,10,32000,100,168.0,-25.940298
DQN,500,10,33000,100,176.66666666666666,-25.887512
DQN,500,10,34000,100,171.33333333333334,-23.668749
DQN,500,10,35000,100,150.0,-18.040352
DQN,500,10,36000,100,106.33333333333331,-4.805948
DQN,500,10,37000,100,104.33333333333331,-2.9856427
DQN,500,10,38000,100,145.0,-13.582591
DQN,500,10,39000,100,139.33333333333334,-10.84346
DQN,500,10,40000,100,139.33333333333334,-9.712379
DQN,500,10,41000,100,156.0,-11.384982
DQN,500,10,42000,100,138.66666666666666,-7.259392
DQN,500,10,43000,100,154.33333333333334,-9.445638
DQN,500,10,44000,100,134.33333333333334,-3.7344768
DQN,500,10,45000,100,131.0,-2.108495
DQN,500,10,46000,100,133.33333333333334,-1.5637182
DQN,500,10,47000,100,134.0,-0.9204381
DQN,500,10,48000,100,139.33333333333334,-1.5657705
DQN,500,10,49000,100,144.33333333333334,-1.464765
DQN,500,10,50000,100,140.33333333333334,0.65308124
DQN,500,10,51000,100,140.66666666666666,1.4060669
DQN,500,10,52000,100,148.33333333333334,0.6829478
DQN,500,10,53000,100,136.66666666666666,4.925817
DQN,500,10,54000,100,151.33333333333334,2.8891704
DQN,500,10,55000,100,159.33333333333334,1.9517492
DQN,500,10,56000,100,163.66666666666666,1.8887354
DQN,500,10,57000,100,170.33333333333334,1.6127294
DQN,500,10,58000,100,175.0,1.6549683
DQN,500,10,59000,100,162.66666666666666,4.7755637
DQN,500,10,60000,100,167.0,5.022199
DQN,500,10,61000,100,279.6666666666667,-6.899279
DQN,500,10,62000,100,232.66666666666663,-2.4187496
DQN,500,10,63000,100,528.3333333333334,-10.884537
DQN,500,10,64000,100,415.0,-7.996325
DQN,500,10,65000,100,524.3333333333334,-9.42215
DQN,500,10,66000,100,257.6666666666667,-2.174258
DQN,500,10,67000,100,295.3333333333333,-3.7752278
DQN,500,10,68000,100,281.3333333333333,-2.8293686
DQN,500,10,69000,100,298.0,-3.150945
DQN,500,10,70000,100,299.0,-2.61232
DQN,500,10,71000,100,392.6666666666667,-4.9501114
DQN,500,10,72000,100,451.3333333333333,-5.02771
DQN,500,10,73000,100,430.6666666666667,-3.5040207
DQN,500,10,74000,100,3000.0,-3.8743057
DQN,500,10,75000,100,481.3333333333333,-2.245519
DQN,500,10,76000,100,3000.0,-2.2550838
DQN,500,10,77000,100,3000.0,-1.2401377
DQN,500,10,78000,100,3000.0,-0.7202835
DQN,500,10,79000,100,3000.0,-0.44330597
DQN,500,10,80000,100,3000.0,-0.05601756
DQN,500,10,81000,100,3000.0,0.17834727
DQN,500,10,82000,100,3000.0,0.66928357
DQN,500,10,83000,100,3000.0,0.9572347
DQN,500,10,84000,100,3000.0,0.80933887
DQN,500,10,85000,100,3000.0,1.1708374
DQN,500,10,86000,100,3000.0,1.2056986
DQN,500,10,87000,100,3000.0,1.3139191
DQN,500,10,88000,100,3000.0,1.4553045
DQN,500,10,89000,100,3000.0,1.729983
DQN,500,10,90000,100,3000.0,2.194893
DQN,500,10,91000,100,3000.0,2.5051014
DQN,500,10,92000,100,3000.0,2.805743
DQN,500,10,93000,100,3000.0,3.1488113
DQN,500,10,94000,100,3000.0,3.4107285
DQN,500,10,95000,100,2347.0,3.5324223
DQN,500,10,96000,100,182.0,20.019478
DQN,500,10,97000,100,279.0,10.3154955
DQN,500,10,98000,100,3000.0,4.138809
DQN,500,10,99000,100,3000.0,4.068741
DQN,500,10,100000,100,3000.0,4.17602
DQN,500,11,1000,100,9.333333333333334,-8.951115
DQN,500,11,2000,100,181.33333333333331,-54.2648
DQN,500,11,3000,100,157.0,-75.2983
DQN,500,11,4000,100,177.0,-77.08074
DQN,500,11,5000,100,187.0,-76.583824
DQN,500,11,6000,100,158.66666666666666,-69.42159
DQN,500,11,7000,100,147.0,-64.57073
DQN,500,11,8000,100,159.33333333333334,-64.86614
DQN,500,11,9000,100,128.0,-55.5677
DQN,500,11,10000,100,156.66666666666666,-60.091877
DQN,500,11,11000,100,164.66666666666666,-59.588833
DQN,500,11,12000,100,174.66666666666666,-59.304066
DQN,500,11,13000,100,188.66666666666663,-59.05984
DQN,500,11,14000,100,172.33333333333334,-54.878414
DQN,500,11,15000,100,175.66666666666666,-52.5973
DQN,500,11,16000,100,211.33333333333331,-55.978924
DQN,500,11,17000,100,157.33333333333334,-46.643322
DQN,500,11,18000,100,159.66666666666666,-45.45306
DQN,500,11,19000,100,187.0,-48.760326
DQN,500,11,20000,100,144.66666666666666,-39.09105
DQN,500,11,21000,100,139.33333333333334,-36.057663
DQN,500,11,22000,100,168.66666666666666,-40.661625
DQN,500,11,23000,100,170.33333333333334,-39.48588
DQN,500,11,24000,100,225.33333333333331,-45.615448
DQN,500,11,25000,100,166.66666666666666,-35.659496
DQN,500,11,26000,100,169.66666666666666,-34.466335
DQN,500,11,27000,100,142.0,-26.975443
DQN,500,11,28000,100,154.66666666666666,-28.33906
DQN,500,11,29000,100,182.66666666666663,-31.89953
DQN,500,11,30000,100,129.33333333333334,-19.682064
DQN,500,11,31000,100,169.0,-27.386343
DQN,500,11,32000,100,201.66666666666663,-31.71607
DQN,500,11,33000,100,215.66666666666663,-31.926933
DQN,500,11,34000,100,134.33333333333334,-16.728159
DQN,500,11,35000,100,149.0,-18.702826
DQN,500,11,36000,100,135.33333333333334,-14.0885515
DQN,500,11,37000,100,161.0,-18.692593
DQN,500,11,38000,100,118.66666666666669,-7.3619194
DQN,500,11,39000,100,112.66666666666669,-3.9243228
DQN,500,11,40000,100,133.66666666666666,-8.654056
DQN,500,11,41000,100,131.33333333333334,-6.6956353
DQN,500,11,42000,100,134.66666666666666,-6.429853
DQN,500,11,43000,100,130.66666666666666,-4.1267676
DQN,500,11,44000,100,128.33333333333334,-1.8366369
DQN,500,11,45000,100,139.0,-3.6043777
DQN,500,11,46000,100,129.66666666666666,0.15548706
DQN,500,11,47000,100,132.66666666666666,0.8459371
DQN,500,11,48000,100,141.0,-0.17072041
DQN,500,11,49000,100,167.33333333333334,-4.5820336
DQN,500,11,50000,100,145.33333333333334,1.2949804
DQN,500,11,51000,100,143.33333333333334,3.1657207
DQN,500,11,52000,100,156.66666666666666,0.8422928
DQN,500,11,53000,100,177.66666666666666,-1.9370245
DQN,500,11,54000,100,133.66666666666666,8.182808
DQN,500,11,55000,100,131.0,9.93558
DQN,500,11,56000,100,132.0,10.994449
DQN,500,11,57000,100,124.33333333333331,14.346026
DQN,500,11,58000,100,123.0,16.047632
DQN,500,11,59000,100,125.66666666666669,16.415209
DQN,500,11,60000,100,123.66666666666669,18.394958
DQN,500,11,61000,100,125.0,19.280869
DQN,500,11,62000,100,132.0,18.253662
DQN,500,11,63000,100,130.66666666666666,19.677267
DQN,500,11,64000,100,141.0,17.59661
DQN,500,11,65000,100,147.0,16.559977
DQN,500,11,66000,100,145.0,18.03182
DQN,500,11,67000,100,144.33333333333334,19.10888
DQN,500,11,68000,100,142.33333333333334,20.724968
DQN,500,11,69000,100,143.66666666666666,21.373367
DQN,500,11,70000,100,139.66666666666666,23.178095
DQN,500,11,71000,100,161.0,19.437082
DQN,500,11,72000,100,159.33333333333334,20.573244
DQN,500,11,73000,100,164.33333333333334,20.483482
DQN,500,11,74000,100,169.33333333333334,20.605299
DQN,500,11,75000,100,166.66666666666666,22.239008
DQN,500,11,76000,100,186.0,19.51299
DQN,500,11,77000,100,280.0,11.754695
DQN,500,11,78000,100,203.33333333333331,18.175936
DQN,500,11,79000,100,189.66666666666663,21.174139
DQN,500,11,80000,100,291.3333333333333,12.460666
DQN,500,11,81000,100,360.6666666666667,10.685745
DQN,500,11,82000,100,426.3333333333333,10.551684
DQN,500,11,83000,100,3000.0,8.7823515
DQN,500,11,84000,100,2153.6666666666665,9.723971
DQN,500,11,85000,100,3000.0,9.834653
DQN,500,11,86000,100,3000.0,9.764171
DQN,500,11,87000,100,3000.0,10.061603
DQN,500,11,88000,100,3000.0,9.740924
DQN,500,11,89000,100,3000.0,9.914162
DQN,500,11,90000,100,3000.0,9.9919
DQN,500,11,91000,100,3000.0,10.243754
DQN,500,11,92000,100,3000.0,10.392932
DQN,500,11,93000,100,3000.0,10.753316
DQN,500,11,94000,100,3000.0,10.858566
DQN,500,11,95000,100,3000.0,10.585139
DQN,500,11,96000,100,3000.0,10.607297
DQN,500,11,97000,100,3000.0,10.585899
DQN,500,11,98000,100,3000.0,10.766688
DQN,500,11,99000,100,3000.0,10.806618
DQN,500,11,100000,100,3000.0,10.851117
DQN,500,12,1000,100,9.333333333333334,-8.881207
DQN,500,12,2000,100,21.0,-16.939041
DQN,500,12,3000,100,3000.0,-95.96639
DQN,500,12,4000,100,205.33333333333331,-81.17725
DQN,500,12,5000,100,286.0,-85.97141
DQN,500,12,6000,100,178.66666666666666,-73.067955
DQN,500,12,7000,100,187.0,-72.184166
DQN,500,12,8000,100,213.0,-73.35143
DQN,500,12,9000,100,170.33333333333334,-65.04943
DQN,500,12,10000,100,167.33333333333334,-62.30692
DQN,500,12,11000,100,171.33333333333334,-60.534985
DQN,500,12,12000,100,256.6666666666667,-68.163765
DQN,500,12,13000,100,197.33333333333331,-60.409763
DQN,500,12,14000,100,227.66666666666663,-62.24901
DQN,500,12,15000,100,219.0,-59.5846
DQN,500,12,16000,100,287.3333333333333,-62.586517
DQN,500,12,17000,100,246.66666666666663,-58.74203
DQN,500,12,18000,100,149.33333333333334,-43.353363
DQN,500,12,19000,100,235.66666666666663,-54.85593
DQN,500,12,20000,100,384.0,-60.613453
DQN,500,12,21000,100,109.0,-27.937132
DQN,500,12,22000,100,116.66666666666669,-28.802244
DQN,500,12,23000,100,122.33333333333331,-28.642576
DQN,500,12,24000,100,120.0,-26.421776
DQN,500,12,25000,100,130.66666666666666,-28.120865
DQN,500,12,26000,100,217.66666666666663,-42.707138
DQN,500,12,27000,100,181.0,-35.241287
DQN,500,12,28000,100,212.33333333333331,-36.475315
DQN,500,12,29000,100,112.66666666666669,-17.200079
DQN,500,12,30000,100,123.0,-18.801886
DQN,500,12,31000,100,123.0,-17.361965
DQN,500,12,32000,100,117.33333333333331,-14.0474
DQN,500,12,33000,100,133.33333333333334,-17.075651
DQN,500,12,34000,100,141.0,-17.82797
DQN,500,12,35000,100,147.33333333333334,-18.011786
DQN,500,12,36000,100,147.33333333333334,-16.733679
DQN,500,12,37000,100,114.66666666666669,-6.5427184
DQN,500,12,38000,100,177.33333333333334,-18.544731
DQN,500,12,39000,100,110.33333333333331,-2.3992794
DQN,500,12,40000,100,197.66666666666663,-20.108986
DQN,500,12,41000,100,165.66666666666666,-13.385106
DQN,500,12,42000,100,140.66666666666666,-7.4302063
DQN,500,12,43000,100,164.0,-10.878491
DQN,500,12,44000,100,155.66666666666666,-7.11426
DQN,500,12,45000,100,152.66666666666666,-5.646276
DQN,500,12,46000,100,151.0,-3.623164
DQN,500,12,47000,100,155.33333333333334,-3.5743866
DQN,500,12,48000,100,133.33333333333334,3.9954274
DQN,500,12,49000,100,165.66666666666666,-3.3312352
DQN,500,12,50000,100,143.66666666666666,3.2467296
DQN,500,12,51000,100,147.66666666666666,3.6824825
DQN,500,12,52000,100,144.33333333333334,5.86409
DQN,500,12,53000,100,150.33333333333334,5.606888
DQN,500,12,54000,100,152.33333333333334,6.660642
DQN,500,12,55000,100,150.33333333333334,8.69196
DQN,500,12,56000,100,154.0,9.301834
DQN,500,12,57000,100,155.0,10.392131
DQN,500,12,58000,100,150.33333333333334,12.742459
DQN,500,12,59000,100,140.33333333333334,16.830393
DQN,500,12,60000,100,155.66666666666666,14.817113
DQN,500,12,61000,100,154.66666666666666,16.591797
DQN,500,12,62000,100,154.66666666666666,17.689234
DQN,500,12,63000,100,161.33333333333334,17.722418
DQN,500,12,64000,100,156.66666666666666,19.957611
DQN,500,12,65000,100,160.0,20.171423
DQN,500,12,66000,100,150.0,23.752039
DQN,500,12,67000,100,162.66666666666666,22.201979
DQN,500,12,68000,100,151.0,25.583504
DQN,500,12,69000,100,159.33333333333334,24.86934
DQN,500,12,70000,100,171.33333333333334,23.474304
DQN,500,12,71000,100,187.0,21.504478
DQN,500,12,72000,100,205.33333333333331,19.548887
DQN,500,12,73000,100,189.33333333333331,22.791925
DQN,500,12,74000,100,179.0,25.450974
DQN,500,12,75000,100,186.0,25.076553
DQN,500,12,76000,100,211.33333333333331,22.145279
DQN,500,12,77000,100,201.66666666666663,24.146828
DQN,500,12,78000,100,3000.0,11.5431185
DQN,500,12,79000,100,3000.0,11.818797
DQN,500,12,80000,100,768.3333333333334,12.046216
DQN,500,12,81000,100,475.3333333333333,13.182742
DQN,500,12,82000,100,535.0,12.647174
DQN,500,12,83000,100,553.3333333333334,12.556033
DQN,500,12,84000,100,2179.0,12.399933
DQN,500,12,85000,100,3000.0,12.302846
DQN,500,12,86000,100,3000.0,12.147461
DQN,500,12,87000,100,1374.6666666666667,12.175977
DQN,500,12,88000,100,416.3333333333333,13.392749
DQN,500,12,89000,100,344.6666666666667,15.549083
DQN,500,12,90000,100,229.33333333333331,21.543852
DQN,500,12,91000,100,293.3333333333333,16.113173
DQN,500,12,92000,100,228.0,20.521868
DQN,500,12,93000,100,230.66666666666663,19.977058
DQN,500,12,94000,100,291.6666666666667,16.20907
DQN,500,12,95000,100,246.66666666666663,18.237406
DQN,500,12,96000,100,236.66666666666663,18.897184
DQN,500,12,97000,100,214.66666666666663,20.714357
DQN,500,12,98000,100,201.66666666666663,21.953066
DQN,500,12,99000,100,202.66666666666663,21.382895
DQN,500,12,100000,100,207.66666666666663,20.498697
DQN,500,13,1000,100,10.333333333333334,-9.878335
DQN,500,13,2000,100,11.333333333333334,-8.760395
DQN,500,13,3000,100,406.3333333333333,-92.992584
DQN,500,13,4000,100,198.33333333333331,-80.33344
DQN,500,13,5000,100,172.33333333333334,-74.23272
DQN,500,13,6000,100,178.33333333333334,-72.95749
DQN,500,13,7000,100,214.0,-75.39889
DQN,500,13,8000,100,163.66666666666666,-66.35415
DQN,500,13,9000,100,216.33333333333331,-71.56425
DQN,500,13,10000,100,234.33333333333331,-71.718864
DQN,500,13,11000,100,213.0,-67.11554
DQN,500,13,12000,100,241.0,-66.74027
DQN,500,13,13000,100,219.0,-64.023895
DQN,500,13,14000,100,165.0,-54.22234
DQN,500,13,15000,100,144.66666666666666,-47.85493
DQN,500,13,16000,100,156.0,-48.408733
DQN,500,13,17000,100,147.33333333333334,-44.614197
DQN,500,13,18000,100,1146.0,-58.30281
DQN,500,13,19000,100,196.66666666666663,-49.736706
DQN,500,13,20000,100,227.66666666666663,-52.284725
DQN,500,13,21000,100,239.66666666666663,-47.796284
DQN,500,13,22000,100,180.66666666666663,-42.223515
DQN,500,13,23000,100,126.66666666666669,-29.820532
DQN,500,13,24000,100,246.33333333333331,-44.539318
DQN,500,13,25000,100,124.66666666666669,-26.189371
DQN,500,13,26000,100,125.0,-24.93252
DQN,500,13,27000,100,125.0,-23.117233
DQN,500,13,28000,100,138.33333333333334,-24.940641
DQN,500,13,29000,100,120.66666666666669,-18.228926
DQN,500,13,30000,100,124.33333333333331,-17.782291
DQN,500,13,31000,100,132.33333333333334,-18.684055
DQN,500,13,32000,100,132.33333333333334,-17.080172
DQN,500,13,33000,100,130.66666666666666,-15.364236
DQN,500,13,34000,100,128.0,-13.173824
DQN,500,13,35000,100,126.0,-11.359504
DQN,500,13,36000,100,129.66666666666666,-11.210574
DQN,500,13,37000,100,127.33333333333331,-9.373597
DQN,500,13,38000,100,133.0,-9.499881
DQN,500,13,39000,100,109.0,-0.7476705
DQN,500,13,40000,100,128.66666666666666,-5.223007
DQN,500,13,41000,100,112.33333333333331,0.741216
DQN,500,13,42000,100,118.0,-0.19098918
DQN,500,13,43000,100,110.0,3.5491612
DQN,500,13,44000,100,106.66666666666669,6.251457
DQN,500,13,45000,100,121.33333333333331,2.8171005
DQN,500,13,46000,100,142.0,-1.121549
DQN,500,13,47000,100,130.0,3.0718663
DQN,500,13,48000,100,133.33333333333334,3.3902767
DQN,500,13,49000,100,153.33333333333334,-0.35341898
DQN,500,13,50000,100,141.66666666666666,3.445137
DQN,500,13,51000,100,125.0,8.709976
DQN,500,13,52000,100,124.66666666666669,9.699506
DQN,500,13,53000,100,131.66666666666666,8.57545
DQN,500,13,54000,100,132.0,9.722873
DQN,500,13,55000,100,114.0,15.592346
DQN,500,13,56000,100,124.66666666666669,13.62442
DQN,500,13,57000,100,109.33333333333331,19.598083
DQN,500,13,58000,100,507.3333333333333,-12.105573
DQN,500,13,59000,100,441.6666666666667,-10.452046
DQN,500,13,60000,100,380.6666666666667,-2.065328
DQN,500,13,61000,100,443.0,-5.6317267
DQN,500,13,62000,100,109.33333333333331,24.567879
DQN,500,13,63000,100,123.66666666666669,21.500452
DQN,500,13,64000,100,346.0,-3.075587
DQN,500,13,65000,100,348.3333333333333,-1.9693323
DQN,500,13,66000,100,283.6666666666667,6.0317
DQN,500,13,67000,100,334.0,0.71622723
DQN,500,13,68000,100,320.3333333333333,1.9389954
DQN,500,13,69000,100,326.6666666666667,2.718773
DQN,500,13,70000,100,324.6666666666667,3.7536113
DQN,500,13,71000,100,350.0,3.7737477
DQN,500,13,72000,100,340.3333333333333,4.7893295
DQN,500,13,73000,100,302.3333333333333,6.7898483
DQN,500,13,74000,100,272.6666666666667,9.219525
DQN,500,13,75000,100,229.0,13.199634
DQN,500,13,76000,100,338.6666666666667,6.895429
DQN,500,13,77000,100,418.3333333333333,7.726583
DQN,500,13,78000,100,326.6666666666667,7.8147964
DQN,500,13,79000,100,429.6666666666667,5.844284
DQN,500,13,80000,100,656.3333333333334,5.0196533
DQN,500,13,81000,100,761.3333333333334,4.8731995
DQN,500,13,82000,100,937.0,4.748703
DQN,500,13,83000,100,3000.0,5.0349526
DQN,500,13,84000,100,3000.0,5.3040643
DQN,500,13,85000,100,2915.0,5.852422
DQN,500,13,86000,100,3000.0,6.3131156
DQN,500,13,87000,100,3000.0,6.6538086
DQN,500,13,88000,100,3000.0,7.0295997
DQN,500,13,89000,100,3000.0,7.3843102
DQN,500,13,90000,100,3000.0,7.2110267
DQN,500,13,91000,100,3000.0,7.2228065
DQN,500,13,92000,100,3000.0,7.455602
DQN,500,13,93000,100,3000.0,7.5978446
DQN,500,13,94000,100,3000.0,7.8051734
DQN,500,13,95000,100,3000.0,7.967649
DQN,500,13,96000,100,3000.0,7.9881873
DQN,500,13,97000,100,3000.0,8.002617
DQN,500,13,98000,100,3000.0,7.9209037
DQN,500,13,99000,100,3000.0,7.910566
DQN,500,13,100000,100,3000.0,8.042195
DQN,500,14,1000,100,9.666666666666666,-9.21662
DQN,500,14,2000,100,13.0,-10.206161
DQN,500,14,3000,100,242.0,-87.05541
DQN,500,14,4000,100,212.33333333333331,-81.92358
DQN,500,14,5000,100,222.66666666666663,-81.14224
DQN,500,14,6000,100,242.66666666666663,-80.600945
DQN,500,14,7000,100,163.0,-68.21305
DQN,500,14,8000,100,141.66666666666666,-61.40337
DQN,500,14,9000,100,139.0,-58.59676
DQN,500,14,10000,100,155.33333333333334,-60.00059
DQN,500,14,11000,100,181.0,-62.623905
DQN,500,14,12000,100,183.0,-61.047546
DQN,500,14,13000,100,234.33333333333331,-64.90266
DQN,500,14,14000,100,195.0,-58.77359
DQN,500,14,15000,100,131.0,-44.047855
DQN,500,14,16000,100,230.66666666666663,-58.82915
DQN,500,14,17000,100,169.0,-48.68419
DQN,500,14,18000,100,153.66666666666666,-43.779095
DQN,500,14,19000,100,172.0,-45.475708
DQN,500,14,20000,100,151.33333333333334,-39.60692
DQN,500,14,21000,100,221.33333333333331,-48.894775
DQN,500,14,22000,100,184.0,-42.49656
DQN,500,14,23000,100,149.33333333333334,-34.243153
DQN,500,14,24000,100,136.66666666666666,-29.936625
DQN,500,14,25000,100,225.0,-42.886303
DQN,500,14,26000,100,234.66666666666663,-42.623203
DQN,500,14,27000,100,172.0,-32.23201
DQN,500,14,28000,100,131.66666666666666,-22.521368
DQN,500,14,29000,100,311.6666666666667,-42.218685
DQN,500,14,30000,100,235.33333333333331,-36.56512
DQN,500,14,31000,100,270.3333333333333,-36.579742
DQN,500,14,32000,100,241.0,-34.572914
DQN,500,14,33000,100,260.6666666666667,-35.013577
DQN,500,14,34000,100,212.0,-29.13385
DQN,500,14,35000,100,299.6666666666667,-35.023037
DQN,500,14,36000,100,160.66666666666666,-18.406622
DQN,500,14,37000,100,142.33333333333334,-11.896188
DQN,500,14,38000,100,171.66666666666666,-16.09043
DQN,500,14,39000,100,168.66666666666666,-15.796718
DQN,500,14,40000,100,208.66666666666663,-19.880583
DQN,500,14,41000,100,293.6666666666667,-26.616302
DQN,500,14,42000,100,211.33333333333331,-17.960342
DQN,500,14,43000,100,353.0,-23.29873
DQN,500,14,44000,100,271.0,-19.88455
DQN,500,14,45000,100,187.66666666666663,-11.445099
DQN,500,14,46000,100,143.0,-1.7443339
DQN,500,14,47000,100,159.33333333333334,-4.1877313
DQN,500,14,48000,100,142.66666666666666,0.80384827
DQN,500,14,49000,100,134.33333333333334,4.2321496
DQN,500,14,50000,100,130.33333333333334,6.7053146
DQN,500,14,51000,100,138.66666666666666,5.470772
DQN,500,14,52000,100,139.33333333333334,6.474566
DQN,500,14,53000,100,136.66666666666666,8.706116
DQN,500,14,54000,100,167.33333333333334,3.0852382
DQN,500,14,55000,100,162.66666666666666,5.296776
DQN,500,14,56000,100,169.0,5.2732697
DQN,500,14,57000,100,163.33333333333334,7.049525
DQN,500,14,58000,100,153.66666666666666,10.437533
DQN,500,14,59000,100,139.0,15.419815
DQN,500,14,60000,100,152.0,13.829661
DQN,500,14,61000,100,132.0,20.26959
DQN,500,14,62000,100,140.33333333333334,19.807526
DQN,500,14,63000,100,159.33333333333334,16.950226
DQN,500,14,64000,100,151.0,20.073107
DQN,500,14,65000,100,157.66666666666666,20.18384
DQN,500,14,66000,100,192.66666666666663,14.819501
DQN,500,14,67000,100,244.66666666666663,10.005524
DQN,500,14,68000,100,300.6666666666667,6.892105
DQN,500,14,69000,100,215.33333333333331,14.428825
DQN,500,14,70000,100,206.66666666666663,16.824804
DQN,500,14,71000,100,178.0,22.334154
DQN,500,14,72000,100,222.0,17.440126
DQN,500,14,73000,100,219.33333333333331,18.745165
DQN,500,14,74000,100,208.33333333333331,20.980843
DQN,500,14,75000,100,201.0,22.61387
DQN,500,14,76000,100,239.33333333333331,19.539854
DQN,500,14,77000,100,3000.0,11.097692
DQN,500,14,78000,100,3000.0,11.624072
DQN,500,14,79000,100,3000.0,11.841283
DQN,500,14,80000,100,3000.0,12.349945
DQN,500,14,81000,100,3000.0,13.13176
DQN,500,14,82000,100,3000.0,13.93676
DQN,500,14,83000,100,3000.0,14.228912
DQN,500,14,84000,100,3000.0,14.624738
DQN,500,14,85000,100,3000.0,14.754794
DQN,500,14,86000,100,3000.0,14.739202
DQN,500,14,87000,100,3000.0,14.841446
DQN,500,14,88000,100,3000.0,15.2059965
DQN,500,14,89000,100,3000.0,15.821864
DQN,500,14,90000,100,137.33333333333334,41.428654
DQN,500,14,91000,100,496.0,17.031021
DQN,500,14,92000,100,147.33333333333334,39.128178
DQN,500,14,93000,100,3000.0,16.433237
DQN,500,14,94000,100,3000.0,16.84214
DQN,500,14,95000,100,3000.0,16.783188
DQN,500,14,96000,100,151.66666666666666,39.022736
DQN,500,14,97000,100,163.33333333333334,36.658993
DQN,500,14,98000,100,159.33333333333334,37.092236
DQN,500,14,99000,100,3000.0,16.210127
DQN,500,14,100000,100,3000.0,16.01161
DQN,500,15,1000,100,9.333333333333334,-8.90232
DQN,500,15,2000,100,9.666666666666666,-7.199755
DQN,500,15,3000,100,526.0,-95.45879
DQN,500,15,4000,100,190.33333333333331,-79.04343
DQN,500,15,5000,100,247.33333333333331,-83.495476
DQN,500,15,6000,100,240.33333333333331,-80.50381
DQN,500,15,7000,100,140.0,-63.17671
DQN,500,15,8000,100,183.66666666666663,-69.2096
DQN,500,15,9000,100,150.66666666666666,-61.14001
DQN,500,15,10000,100,250.0,-70.76794
DQN,500,15,11000,100,242.66666666666663,-68.56849
DQN,500,15,12000,100,166.0,-57.90642
DQN,500,15,13000,100,272.0,-67.589806
DQN,500,15,14000,100,301.6666666666667,-66.81892
DQN,500,15,15000,100,254.0,-61.781704
DQN,500,15,16000,100,247.33333333333331,-58.79157
DQN,500,15,17000,100,208.0,-53.536106
DQN,500,15,18000,100,195.33333333333331,-50.102695
DQN,500,15,19000,100,152.66666666666666,-40.78368
DQN,500,15,20000,100,174.0,-43.32166
DQN,500,15,21000,100,156.0,-38.070827
DQN,500,15,22000,100,151.66666666666666,-35.47675
DQN,500,15,23000,100,156.66666666666666,-34.84792
DQN,500,15,24000,100,419.3333333333333,-52.22247
DQN,500,15,25000,100,325.3333333333333,-47.73498
DQN,500,15,26000,100,300.6666666666667,-45.953953
DQN,500,15,27000,100,263.6666666666667,-42.299297
DQN,500,15,28000,100,206.0,-35.39165
DQN,500,15,29000,100,396.3333333333333,-40.845936
DQN,500,15,30000,100,227.0,-35.335407
DQN,500,15,31000,100,355.0,-40.7072
DQN,500,15,32000,100,227.66666666666663,-32.651295
DQN,500,15,33000,100,299.0,-32.83946
DQN,500,15,34000,100,141.33333333333334,-16.268572
DQN,500,15,35000,100,282.6666666666667,-32.5762
DQN,500,15,36000,100,144.66666666666666,-14.134239
DQN,500,15,37000,100,171.66666666666666,-17.3691
DQN,500,15,38000,100,230.66666666666663,-24.736723
DQN,500,15,39000,100,240.66666666666663,-24.354256
DQN,500,15,40000,100,209.33333333333331,-20.260569
DQN,500,15,41000,100,124.33333333333331,-2.7959416
DQN,500,15,42000,100,131.66666666666666,-3.925616
DQN,500,15,43000,100,204.66666666666663,-15.704704
DQN,500,15,44000,100,168.66666666666666,-9.5299635
DQN,500,15,45000,100,114.66666666666669,3.9763412
DQN,500,15,46000,100,112.0,6.3092704
DQN,500,15,47000,100,116.0,6.2720947
DQN,500,15,48000,100,115.66666666666669,7.1741967
DQN,500,15,49000,100,263.0,-15.140335
DQN,500,15,50000,100,209.0,-8.797282
DQN,500,15,51000,100,252.0,-13.553403
DQN,500,15,52000,100,244.33333333333331,-12.176659
DQN,500,15,53000,100,296.6666666666667,-14.075874
DQN,500,15,54000,100,198.33333333333331,-4.893603
DQN,500,15,55000,100,195.66666666666663,-3.618187
DQN,500,15,56000,100,155.0,4.2930093
DQN,500,15,57000,100,202.33333333333331,-2.5166805
DQN,500,15,58000,100,212.33333333333331,-1.9435501
DQN,500,15,59000,100,224.33333333333331,-3.2885997
DQN,500,15,60000,100,210.66666666666663,-0.78016406
DQN,500,15,61000,100,158.33333333333334,8.185875
DQN,500,15,62000,100,226.0,-0.6923955
DQN,500,15,63000,100,228.0,0.22894287
DQN,500,15,64000,100,159.33333333333334,10.511775
DQN,500,15,65000,100,165.0,10.172008
DQN,500,15,66000,100,243.33333333333331,4.071429
DQN,500,15,67000,100,152.33333333333334,14.199852
DQN,500,15,68000,100,155.66666666666666,14.433131
DQN,500,15,69000,100,144.33333333333334,17.821806
DQN,500,15,70000,100,158.33333333333334,15.892136
DQN,500,15,71000,100,153.0,18.598532
DQN,500,15,72000,100,158.66666666666666,18.752851
DQN,500,15,73000,100,175.33333333333334,16.828445
DQN,500,15,74000,100,162.0,20.827105
DQN,500,15,75000,100,461.6666666666667,3.6700847
DQN,500,15,76000,100,320.6666666666667,8.079842
DQN,500,15,77000,100,281.6666666666667,11.558789
DQN,500,15,78000,100,273.6666666666667,13.715915
DQN,500,15,79000,100,289.0,14.072479
DQN,500,15,80000,100,300.0,14.491399
DQN,500,15,81000,100,323.3333333333333,14.408406
DQN,500,15,82000,100,342.0,14.516957
DQN,500,15,83000,100,726.3333333333334,12.188187
DQN,500,15,84000,100,652.3333333333334,12.7124605
DQN,500,15,85000,100,616.6666666666666,13.163002
DQN,500,15,86000,100,1895.3333333333333,13.434657
DQN,500,15,87000,100,3000.0,13.748154
DQN,500,15,88000,100,3000.0,13.917023
DQN,500,15,89000,100,2043.0,13.842982
DQN,500,15,90000,100,3000.0,13.626851
DQN,500,15,91000,100,3000.0,13.670674
DQN,500,15,92000,100,3000.0,13.421603
DQN,500,15,93000,100,3000.0,13.558972
DQN,500,15,94000,100,3000.0,13.055542
DQN,500,15,95000,100,3000.0,13.16039
DQN,500,15,96000,100,3000.0,12.74863
DQN,500,15,97000,100,3000.0,12.813357
DQN,500,15,98000,100,3000.0,12.73103
DQN,500,15,99000,100,3000.0,12.173584
DQN,500,15,100000,100,3000.0,12.529492
DQN,500,16,1000,100,9.666666666666666,-9.2862625
DQN,500,16,2000,100,45.333333333333336,-34.515133
DQN,500,16,3000,100,400.3333333333333,-92.85735
DQN,500,16,4000,100,243.0,-85.1144
DQN,500,16,5000,100,247.0,-83.37717
DQN,500,16,6000,100,224.66666666666663,-78.808525
DQN,500,16,7000,100,220.66666666666663,-76.93626
DQN,500,16,8000,100,265.3333333333333,-78.14011
DQN,500,16,9000,100,240.66666666666663,-73.98679
DQN,500,16,10000,100,212.33333333333331,-69.54725
DQN,500,16,11000,100,218.0,-67.78881
DQN,500,16,12000,100,192.0,-62.55369
DQN,500,16,13000,100,203.0,-61.851566
DQN,500,16,14000,100,162.0,-53.55255
DQN,500,16,15000,100,166.66666666666666,-52.50944
DQN,500,16,16000,100,172.0,-51.636738
DQN,500,16,17000,100,186.33333333333331,-52.31117
DQN,500,16,18000,100,184.33333333333331,-50.28021
DQN,500,16,19000,100,189.33333333333331,-49.236706
DQN,500,16,20000,100,337.0,-54.945827
DQN,500,16,21000,100,241.33333333333331,-52.224796
DQN,500,16,22000,100,332.0,-51.881588
DQN,500,16,23000,100,646.3333333333334,-57.516205
DQN,500,16,24000,100,393.3333333333333,-52.675983
DQN,500,16,25000,100,123.66666666666669,-26.511343
DQN,500,16,26000,100,146.0,-30.57934
DQN,500,16,27000,100,280.6666666666667,-45.97455
DQN,500,16,28000,100,132.66666666666666,-24.309118
DQN,500,16,29000,100,158.33333333333334,-29.112991
DQN,500,16,30000,100,165.66666666666666,-26.440659
DQN,500,16,31000,100,154.66666666666666,-25.722832
DQN,500,16,32000,100,154.33333333333334,-24.31246
DQN,500,16,33000,100,204.0,-27.444778
DQN,500,16,34000,100,120.0,-12.838363
DQN,500,16,35000,100,124.66666666666669,-12.868446
DQN,500,16,36000,100,116.66666666666669,-8.971786
DQN,500,16,37000,100,153.66666666666666,-16.403217
DQN,500,16,38000,100,167.33333333333334,-18.645502
DQN,500,16,39000,100,150.66666666666666,-14.701966
DQN,500,16,40000,100,195.66666666666663,-18.68115
DQN,500,16,41000,100,155.33333333333334,-11.736943
DQN,500,16,42000,100,199.0,-16.362839
DQN,500,16,43000,100,200.66666666666663,-17.205908
DQN,500,16,44000,100,152.33333333333334,-8.190976
DQN,500,16,45000,100,194.0,-15.06248
DQN,500,16,46000,100,157.0,-7.453911
DQN,500,16,47000,100,162.66666666666666,-7.268168
DQN,500,16,48000,100,139.66666666666666,-0.9283498
DQN,500,16,49000,100,192.66666666666663,-7.132164
DQN,500,16,50000,100,121.33333333333331,6.172114
DQN,500,16,51000,100,120.0,7.910418
DQN,500,16,52000,100,121.33333333333331,8.5321455
DQN,500,16,53000,100,121.0,9.335663
DQN,500,16,54000,100,130.66666666666666,7.7381134
DQN,500,16,55000,100,121.33333333333331,11.400792
DQN,500,16,56000,100,122.0,12.01032
DQN,500,16,57000,100,130.33333333333334,10.541249
DQN,500,16,58000,100,133.33333333333334,10.238159
DQN,500,16,59000,100,126.33333333333331,13.1853485
DQN,500,16,60000,100,117.33333333333331,16.640882
DQN,500,16,61000,100,136.33333333333334,12.192822
DQN,500,16,62000,100,140.0,12.2197695
DQN,500,16,63000,100,128.33333333333334,16.014166
DQN,500,16,64000,100,139.66666666666666,13.798335
DQN,500,16,65000,100,150.66666666666666,11.865535
DQN,500,16,66000,100,171.0,8.312779
DQN,500,16,67000,100,164.33333333333334,10.092255
DQN,500,16,68000,100,237.66666666666663,0.57160693
DQN,500,16,69000,100,207.0,4.5194244
DQN,500,16,70000,100,415.0,-5.671827
DQN,500,16,71000,100,365.3333333333333,-3.9262493
DQN,500,16,72000,100,349.0,-2.9197845
DQN,500,16,73000,100,530.6666666666666,-3.9152298
DQN,500,16,74000,100,386.0,-2.8733547
DQN,500,16,75000,100,533.3333333333334,-3.748843
DQN,500,16,76000,100,577.6666666666666,-3.9754841
DQN,500,16,77000,100,609.6666666666666,-3.4150696
DQN,500,16,78000,100,677.0,-3.2194595
DQN,500,16,79000,100,3000.0,-2.7371445
DQN,500,16,80000,100,3000.0,-2.2260792
DQN,500,16,81000,100,3000.0,-1.6400579
DQN,500,16,82000,100,3000.0,-0.6857147
DQN,500,16,83000,100,3000.0,0.23386891
DQN,500,16,84000,100,3000.0,1.2931238
DQN,500,16,85000,100,3000.0,2.3890026
DQN,500,16,86000,100,3000.0,3.1005452
DQN,500,16,87000,100,3000.0,4.001663
DQN,500,16,88000,100,3000.0,4.2945504
DQN,500,16,89000,100,3000.0,4.6820703
DQN,500,16,90000,100,3000.0,5.134046
DQN,500,16,91000,100,3000.0,5.33358
DQN,500,16,92000,100,3000.0,5.8550873
DQN,500,16,93000,100,3000.0,6.582672
DQN,500,16,94000,100,3000.0,6.8436813
DQN,500,16,95000,100,859.6666666666666,6.9643683
DQN,500,16,96000,100,3000.0,7.2945123
DQN,500,16,97000,100,3000.0,7.5895104
DQN,500,16,98000,100,3000.0,8.077189
DQN,500,16,99000,100,3000.0,8.549579
DQN,500,16,100000,100,3000.0,8.97746
DQN,500,17,1000,100,9.333333333333334,-8.955171
DQN,500,17,2000,100,12.666666666666666,-9.948585
DQN,500,17,3000,100,229.33333333333331,-85.99131
DQN,500,17,4000,100,270.0,-87.35275
DQN,500,17,5000,100,222.66666666666663,-81.20083
DQN,500,17,6000,100,152.66666666666666,-68.39921
DQN,500,17,7000,100,168.33333333333334,-69.31394
DQN,500,17,8000,100,143.33333333333334,-62.131485
DQN,500,17,9000,100,143.33333333333334,-60.13168
DQN,500,17,10000,100,184.0,-66.070076
DQN,500,17,11000,100,175.0,-62.594482
DQN,500,17,12000,100,179.33333333333334,-61.382504
DQN,500,17,13000,100,162.33333333333334,-56.41438
DQN,500,17,14000,100,219.0,-62.842106
DQN,500,17,15000,100,151.0,-50.0121
DQN,500,17,16000,100,118.0,-39.493988
DQN,500,17,17000,100,199.33333333333331,-54.66261
DQN,500,17,18000,100,114.33333333333331,-34.91191
DQN,500,17,19000,100,147.0,-42.05032
DQN,500,17,20000,100,108.0,-29.327894
DQN,500,17,21000,100,105.0,-26.365107
DQN,500,17,22000,100,108.33333333333331,-26.020693
DQN,500,17,23000,100,111.33333333333331,-25.394876
DQN,500,17,24000,100,113.0,-24.301107
DQN,500,17,25000,100,120.33333333333331,-24.786016
DQN,500,17,26000,100,118.66666666666669,-22.524988
DQN,500,17,27000,100,123.66666666666669,-22.514532
DQN,500,17,28000,100,125.0,-21.208218
DQN,500,17,29000,100,127.33333333333331,-20.640484
DQN,500,17,30000,100,134.66666666666666,-21.249926
DQN,500,17,31000,100,129.0,-18.335081
DQN,500,17,32000,100,125.0,-15.821251
DQN,500,17,33000,100,126.66666666666669,-14.908183
DQN,500,17,34000,100,129.33333333333334,-14.316837
DQN,500,17,35000,100,143.66666666666666,-16.875216
DQN,500,17,36000,100,132.33333333333334,-12.236865
DQN,500,17,37000,100,123.33333333333331,-8.318984
DQN,500,17,38000,100,156.66666666666666,-15.52901
DQN,500,17,39000,100,138.0,-10.09579
DQN,500,17,40000,100,140.33333333333334,-9.114017
DQN,500,17,41000,100,124.0,-3.0842133
DQN,500,17,42000,100,146.33333333333334,-7.43955
DQN,500,17,43000,100,123.0,-0.22002156
DQN,500,17,44000,100,125.0,0.32239532
DQN,500,17,45000,100,148.66666666666666,-4.6812363
DQN,500,17,46000,100,135.66666666666666,-0.05512492
DQN,500,17,47000,100,142.0,-0.8554179
DQN,500,17,48000,100,142.66666666666666,-0.5123215
DQN,500,17,49000,100,146.33333333333334,-0.3011322
DQN,500,17,50000,100,137.33333333333334,2.5946426
DQN,500,17,51000,100,143.66666666666666,2.1794484
DQN,500,17,52000,100,518.0,-6.5311074
DQN,500,17,53000,100,145.0,3.6321843
DQN,500,17,54000,100,121.0,10.7354765
DQN,500,17,55000,100,125.66666666666669,10.363879
DQN,500,17,56000,100,172.66666666666666,0.42850748
DQN,500,17,57000,100,129.33333333333334,10.87928
DQN,500,17,58000,100,122.33333333333331,13.75396
DQN,500,17,59000,100,170.0,3.3271077
DQN,500,17,60000,100,2087.333333333333,-11.980347
DQN,500,17,61000,100,3000.0,-13.844493
DQN,500,17,62000,100,2319.6666666666665,-13.305252
DQN,500,17,63000,100,919.6666666666666,-12.604657
DQN,500,17,64000,100,135.0,13.668248
DQN,500,17,65000,100,368.3333333333333,-8.600398
DQN,500,17,66000,100,463.6666666666667,-8.53999
DQN,500,17,67000,100,669.6666666666666,-10.627866
DQN,500,17,68000,100,974.0,-10.435822
DQN,500,17,69000,100,476.3333333333333,-9.196399
DQN,500,17,70000,100,385.3333333333333,-6.886538
DQN,500,17,71000,100,432.3333333333333,-6.866226
DQN,500,17,72000,100,374.0,-5.21876
DQN,500,17,73000,100,296.0,-2.7809906
DQN,500,17,74000,100,285.3333333333333,-1.4458008
DQN,500,17,75000,100,423.6666666666667,-6.078611
DQN,500,17,76000,100,369.6666666666667,-4.539276
DQN,500,17,77000,100,190.0,8.153401
DQN,500,17,78000,100,374.3333333333333,-1.5339025
DQN,500,17,79000,100,232.33333333333331,4.6869683
DQN,500,17,80000,100,193.0,9.860415
DQN,500,17,81000,100,365.0,-1.5446752
DQN,500,17,82000,100,3000.0,-3.6523159
DQN,500,17,83000,100,531.3333333333334,-2.4347332
DQN,500,17,84000,100,499.6666666666667,-1.5773214
DQN,500,17,85000,100,497.6666666666667,-1.7095184
DQN,500,17,86000,100,426.6666666666667,-1.0003382
DQN,500,17,87000,100,422.3333333333333,-0.74506885
DQN,500,17,88000,100,557.6666666666666,-1.2924576
DQN,500,17,89000,100,977.0,-1.2621841
DQN,500,17,90000,100,902.0,-1.1154556
DQN,500,17,91000,100,3000.0,-0.7743861
DQN,500,17,92000,100,3000.0,-0.6028366
DQN,500,17,93000,100,3000.0,-0.53783923
DQN,500,17,94000,100,3000.0,-0.5739619
DQN,500,17,95000,100,3000.0,-0.4466146
DQN,500,17,96000,100,3000.0,-0.32644907
DQN,500,17,97000,100,3000.0,-0.16151428
DQN,500,17,98000,100,2315.6666666666665,-0.013384501
DQN,500,17,99000,100,3000.0,-0.037002563
DQN,500,17,100000,100,3000.0,0.045524597
DQN,500,18,1000,100,9.333333333333334,-8.89829
DQN,500,18,2000,100,11.333333333333334,-8.689122
DQN,500,18,3000,100,20.33333333333333,-14.381106
DQN,500,18,4000,100,169.33333333333334,-75.53189
DQN,500,18,5000,100,197.66666666666663,-77.91243
DQN,500,18,6000,100,166.66666666666666,-71.0381
DQN,500,18,7000,100,141.33333333333334,-63.532837
DQN,500,18,8000,100,129.33333333333334,-58.28908
DQN,500,18,9000,100,132.33333333333334,-56.96515
DQN,500,18,10000,100,118.0,-50.591564
DQN,500,18,11000,100,140.33333333333334,-54.784443
DQN,500,18,12000,100,131.33333333333334,-50.17796
DQN,500,18,13000,100,155.0,-53.74251
DQN,500,18,14000,100,142.66666666666666,-49.072865
DQN,500,18,15000,100,242.33333333333331,-61.11552
DQN,500,18,16000,100,368.6666666666667,-63.36098
DQN,500,18,17000,100,342.6666666666667,-63.67806
DQN,500,18,18000,100,295.3333333333333,-59.902683
DQN,500,18,19000,100,3000.0,-63.413555
DQN,500,18,20000,100,3000.0,-61.695606
DQN,500,18,21000,100,3000.0,-59.77548
DQN,500,18,22000,100,260.3333333333333,-50.46227
DQN,500,18,23000,100,228.0,-45.845455
DQN,500,18,24000,100,342.3333333333333,-47.52701
DQN,500,18,25000,100,316.6666666666667,-46.45732
DQN,500,18,26000,100,191.33333333333331,-36.623337
DQN,500,18,27000,100,301.6666666666667,-44.463787
DQN,500,18,28000,100,209.0,-35.978596
DQN,500,18,29000,100,212.0,-35.1657
DQN,500,18,30000,100,206.33333333333331,-33.213123
DQN,500,18,31000,100,243.66666666666663,-35.997143
DQN,500,18,32000,100,245.0,-34.832592
DQN,500,18,33000,100,229.66666666666663,-32.061268
DQN,500,18,34000,100,216.0,-29.928835
DQN,500,18,35000,100,213.66666666666663,-26.880468
DQN,500,18,36000,100,145.33333333333334,-15.623138
DQN,500,18,37000,100,158.33333333333334,-17.154835
DQN,500,18,38000,100,154.0,-15.415156
DQN,500,18,39000,100,125.33333333333331,-6.7690125
DQN,500,18,40000,100,155.0,-13.151848
DQN,500,18,41000,100,134.0,-6.8333564
DQN,500,18,42000,100,154.0,-10.59225
DQN,500,18,43000,100,151.66666666666666,-8.939883
DQN,500,18,44000,100,219.66666666666663,-18.820435
DQN,500,18,45000,100,125.66666666666669,-0.35533142
DQN,500,18,46000,100,204.0,-14.383975
DQN,500,18,47000,100,167.0,-7.866913
DQN,500,18,48000,100,155.33333333333334,-4.5164948
DQN,500,18,49000,100,226.33333333333331,-14.446628
DQN,500,18,50000,100,269.0,-17.12764
DQN,500,18,51000,100,242.33333333333331,-13.955441
DQN,500,18,52000,100,149.66666666666666,0.6103058
DQN,500,18,53000,100,242.0,-11.677238
DQN,500,18,54000,100,264.3333333333333,-12.536616
DQN,500,18,55000,100,263.0,-11.360995
DQN,500,18,56000,100,216.0,-6.1159644
DQN,500,18,57000,100,270.0,-9.915436
DQN,500,18,58000,100,321.0,-12.175427
DQN,500,18,59000,100,310.6666666666667,-10.980049
DQN,500,18,60000,100,414.6666666666667,-13.057872
DQN,500,18,61000,100,319.0,-9.517224
DQN,500,18,62000,100,214.66666666666663,-1.6390966
DQN,500,18,63000,100,339.0,-8.072044
DQN,500,18,64000,100,306.0,-7.744835
DQN,500,18,65000,100,328.3333333333333,-7.7952857
DQN,500,18,66000,100,401.0,-8.478778
DQN,500,18,67000,100,3000.0,-10.757088
DQN,500,18,68000,100,316.3333333333333,-5.4525657
DQN,500,18,69000,100,3000.0,-9.888771
DQN,500,18,70000,100,3000.0,-9.335681
DQN,500,18,71000,100,3000.0,-9.022664
DQN,500,18,72000,100,179.66666666666666,8.107038
DQN,500,18,73000,100,172.66666666666666,10.348091
DQN,500,18,74000,100,153.33333333333334,14.588346
DQN,500,18,75000,100,398.6666666666667,-3.812106
DQN,500,18,76000,100,541.3333333333334,-5.7762733
DQN,500,18,77000,100,577.0,-5.356321
DQN,500,18,78000,100,795.6666666666666,-5.368599
DQN,500,18,79000,100,487.6666666666667,-4.1443276
DQN,500,18,80000,100,550.6666666666666,-4.2221427
DQN,500,18,81000,100,433.3333333333333,-3.3155441
DQN,500,18,82000,100,689.6666666666666,-2.7246323
DQN,500,18,83000,100,211.0,8.409833
DQN,500,18,84000,100,522.0,-2.5682042
DQN,500,18,85000,100,560.3333333333334,-2.4447377
DQN,500,18,86000,100,650.3333333333334,-1.7612737
DQN,500,18,87000,100,1301.6666666666667,-1.5549164
DQN,500,18,88000,100,3000.0,-1.2851486
DQN,500,18,89000,100,3000.0,-0.86080676
DQN,500,18,90000,100,3000.0,-0.6129659
DQN,500,18,91000,100,3000.0,-0.36439767
DQN,500,18,92000,100,3000.0,0.08519236
DQN,500,18,93000,100,3000.0,0.24911499
DQN,500,18,94000,100,3000.0,0.5067927
DQN,500,18,95000,100,3000.0,0.7276077
DQN,500,18,96000,100,3000.0,0.86861676
DQN,500,18,97000,100,3000.0,1.0077438
DQN,500,18,98000,100,3000.0,1.3152237
DQN,500,18,99000,100,3000.0,1.6844813
DQN,500,18,100000,100,3000.0,1.731486
DQN,500,19,1000,100,27.0,-23.568237
DQN,500,19,2000,100,17.0,-13.635184
DQN,500,19,3000,100,3000.0,-95.96051
DQN,500,19,4000,100,181.66666666666663,-77.78601
DQN,500,19,5000,100,340.0,-86.559715
DQN,500,19,6000,100,157.33333333333334,-68.9284
DQN,500,19,7000,100,217.33333333333331,-75.38201
DQN,500,19,8000,100,172.33333333333334,-67.66955
DQN,500,19,9000,100,165.33333333333334,-64.262344
DQN,500,19,10000,100,183.33333333333331,-64.93831
DQN,500,19,11000,100,239.33333333333331,-69.10006
DQN,500,19,12000,100,193.66666666666663,-60.443523
DQN,500,19,13000,100,253.66666666666663,-65.98278
DQN,500,19,14000,100,183.66666666666663,-55.65901
DQN,500,19,15000,100,224.66666666666663,-58.046772
DQN,500,19,16000,100,246.0,-59.408833
DQN,500,19,17000,100,187.66666666666663,-49.992065
DQN,500,19,18000,100,233.33333333333331,-54.605274
DQN,500,19,19000,100,308.0,-55.82941
DQN,500,19,20000,100,156.33333333333334,-39.81648
DQN,500,19,21000,100,140.33333333333334,-34.570515
DQN,500,19,22000,100,186.33333333333331,-42.176796
DQN,500,19,23000,100,272.3333333333333,-49.324238
DQN,500,19,24000,100,257.3333333333333,-46.89641
DQN,500,19,25000,100,210.0,-41.283726
DQN,500,19,26000,100,211.0,-39.18082
DQN,500,19,27000,100,234.0,-39.115906
DQN,500,19,28000,100,237.66666666666663,-39.629093
DQN,500,19,29000,100,364.3333333333333,-44.499073
DQN,500,19,30000,100,120.66666666666669,-15.745307
DQN,500,19,31000,100,132.33333333333334,-17.843904
DQN,500,19,32000,100,203.0,-28.748306
DQN,500,19,33000,100,358.6666666666667,-37.371273
DQN,500,19,34000,100,196.66666666666663,-26.785528
DQN,500,19,35000,100,187.33333333333331,-23.777359
DQN,500,19,36000,100,228.33333333333331,-27.518087
DQN,500,19,37000,100,380.0,-32.822144
DQN,500,19,38000,100,186.66666666666663,-19.861929
DQN,500,19,39000,100,138.66666666666666,-8.3520155
DQN,500,19,40000,100,134.33333333333334,-6.192894
DQN,500,19,41000,100,142.33333333333334,-7.126246
DQN,500,19,42000,100,170.66666666666666,-11.668286
DQN,500,19,43000,100,180.33333333333331,-12.400556
DQN,500,19,44000,100,157.66666666666666,-6.728605
DQN,500,19,45000,100,211.0,-13.366231
DQN,500,19,46000,100,155.66666666666666,-3.611534
DQN,500,19,47000,100,158.66666666666666,-3.1756897
DQN,500,19,48000,100,148.0,0.59224445
DQN,500,19,49000,100,156.0,0.04644267
DQN,500,19,50000,100,145.33333333333334,4.08164
DQN,500,19,51000,100,148.66666666666666,5.228475
DQN,500,19,52000,100,149.33333333333334,6.6462274
DQN,500,19,53000,100,154.66666666666666,6.03434
DQN,500,19,54000,100,142.66666666666666,9.828522
DQN,500,19,55000,100,144.0,10.707288
DQN,500,19,56000,100,142.66666666666666,12.031705
DQN,500,19,57000,100,143.66666666666666,13.111592
DQN,500,19,58000,100,156.0,11.2314
DQN,500,19,59000,100,159.0,11.812762
DQN,500,19,60000,100,141.66666666666666,16.994522
DQN,500,19,61000,100,177.33333333333334,10.945041
DQN,500,19,62000,100,185.66666666666663,10.524643
DQN,500,19,63000,100,179.66666666666666,12.473198
DQN,500,19,64000,100,178.66666666666666,13.412763
DQN,500,19,65000,100,242.0,6.3315225
DQN,500,19,66000,100,198.33333333333331,11.980731
DQN,500,19,67000,100,201.66666666666663,12.495915
DQN,500,19,68000,100,197.33333333333331,14.131561
DQN,500,19,69000,100,237.33333333333331,10.490756
DQN,500,19,70000,100,583.6666666666666,2.443751
DQN,500,19,71000,100,574.0,2.8520432
DQN,500,19,72000,100,519.3333333333334,3.7811992
DQN,500,19,73000,100,462.0,5.1804833
DQN,500,19,74000,100,429.0,6.7633057
DQN,500,19,75000,100,471.0,7.7232156
DQN,500,19,76000,100,610.6666666666666,7.854917
DQN,500,19,77000,100,388.3333333333333,10.5146
DQN,500,19,78000,100,321.3333333333333,13.494008
DQN,500,19,79000,100,317.6666666666667,14.474559
DQN,500,19,80000,100,331.3333333333333,14.704468
DQN,500,19,81000,100,309.0,16.232765
DQN,500,19,82000,100,376.0,14.40109
DQN,500,19,83000,100,324.0,16.684408
DQN,500,19,84000,100,653.6666666666666,13.601705
DQN,500,19,85000,100,498.6666666666667,15.11512
DQN,500,19,86000,100,710.3333333333334,14.241727
DQN,500,19,87000,100,435.3333333333333,15.877029
DQN,500,19,88000,100,2435.0,15.292811
DQN,500,19,89000,100,3000.0,15.409863
DQN,500,19,90000,100,3000.0,15.466942
DQN,500,19,91000,100,3000.0,15.588773
DQN,500,19,92000,100,2398.333333333333,15.779117
DQN,500,19,93000,100,3000.0,16.082176
DQN,500,19,94000,100,3000.0,16.358948
DQN,500,19,95000,100,3000.0,16.512407
DQN,500,19,96000,100,2713.0,17.05342
DQN,500,19,97000,100,3000.0,17.150093
DQN,500,19,98000,100,3000.0,17.27063
DQN,500,19,99000,100,1307.0,17.317575
DQN,500,19,100000,100,3000.0,17.352407
DQN,1000,10,1000,100,9.666666666666666,-9.239344
DQN,1000,10,2000,100,9.666666666666666,-8.218135
DQN,1000,10,3000,100,9.666666666666666,-7.1953645
DQN,1000,10,4000,100,9.666666666666666,-6.1465626
DQN,1000,10,5000,100,216.0,-84.32085
DQN,1000,10,6000,100,213.33333333333331,-83.01165
DQN,1000,10,7000,100,203.0,-80.50515
DQN,1000,10,8000,100,226.66666666666663,-80.72357
DQN,1000,10,9000,100,215.66666666666663,-79.865974
DQN,1000,10,10000,100,213.66666666666663,-78.88207
DQN,1000,10,11000,100,212.66666666666663,-76.958885
DQN,1000,10,12000,100,184.0,-72.69556
DQN,1000,10,13000,100,221.66666666666663,-76.12466
DQN,1000,10,14000,100,173.0,-68.96845
DQN,1000,10,15000,100,137.33333333333334,-60.76433
DQN,1000,10,16000,100,123.0,-55.931988
DQN,1000,10,17000,100,145.66666666666666,-60.66155
DQN,1000,10,18000,100,144.66666666666666,-59.67033
DQN,1000,10,19000,100,133.33333333333334,-56.128204
DQN,1000,10,20000,100,145.33333333333334,-57.002262
DQN,1000,10,21000,100,118.66666666666669,-50.14712
DQN,1000,10,22000,100,122.0,-50.16623
DQN,1000,10,23000,100,138.33333333333334,-53.74117
DQN,1000,10,24000,100,119.0,-47.567688
DQN,1000,10,25000,100,200.66666666666663,-60.24988
DQN,1000,10,26000,100,133.0,-49.793415
DQN,1000,10,27000,100,134.66666666666666,-49.335583
DQN,1000,10,28000,100,121.66666666666669,-44.720654
DQN,1000,10,29000,100,205.0,-58.588806
DQN,1000,10,30000,100,134.0,-46.414738
DQN,1000,10,31000,100,155.66666666666666,-50.72592
DQN,1000,10,32000,100,114.0,-39.147327
DQN,1000,10,33000,100,130.33333333333334,-43.18059
DQN,1000,10,34000,100,125.66666666666669,-41.102028
DQN,1000,10,35000,100,127.66666666666669,-40.905964
DQN,1000,10,36000,100,198.33333333333331,-51.947018
DQN,1000,10,37000,100,155.66666666666666,-43.40279
DQN,1000,10,38000,100,145.0,-42.88051
DQN,1000,10,39000,100,262.0,-57.374725
DQN,1000,10,40000,100,138.0,-39.534367
DQN,1000,10,41000,100,231.33333333333331,-53.054455
DQN,1000,10,42000,100,282.0,-56.653168
DQN,1000,10,43000,100,252.66666666666663,-52.803364
DQN,1000,10,44000,100,263.3333333333333,-54.024353
DQN,1000,10,45000,100,160.66666666666666,-40.429127
DQN,1000,10,46000,100,222.33333333333331,-48.82262
DQN,1000,10,47000,100,197.33333333333331,-45.223957
DQN,1000,10,48000,100,134.66666666666666,-32.736492
DQN,1000,10,49000,100,152.66666666666666,-36.309586
DQN,1000,10,50000,100,148.33333333333334,-34.6871
DQN,1000,10,51000,100,160.0,-36.444912
DQN,1000,10,52000,100,119.66666666666669,-25.668745
DQN,1000,10,53000,100,123.33333333333331,-26.024313
DQN,1000,10,54000,100,149.66666666666666,-32.063324
DQN,1000,10,55000,100,132.66666666666666,-27.034227
DQN,1000,10,56000,100,165.0,-33.73128
DQN,1000,10,57000,100,131.33333333333334,-25.2436
DQN,1000,10,58000,100,361.0,-46.92781
DQN,1000,10,59000,100,287.6666666666667,-44.881878
DQN,1000,10,60000,100,202.0,-36.444016
DQN,1000,10,61000,100,331.0,-43.316467
DQN,1000,10,62000,100,204.33333333333331,-35.407303
DQN,1000,10,63000,100,119.33333333333331,-17.411558
DQN,1000,10,64000,100,120.33333333333331,-16.947735
DQN,1000,10,65000,100,119.0,-15.853283
DQN,1000,10,66000,100,125.33333333333331,-17.088833
DQN,1000,10,67000,100,120.0,-14.868774
DQN,1000,10,68000,100,127.0,-16.08016
DQN,1000,10,69000,100,115.66666666666669,-12.080052
DQN,1000,10,70000,100,122.0,-13.22826
DQN,1000,10,71000,100,135.0,-16.06277
DQN,1000,10,72000,100,121.0,-11.502892
DQN,1000,10,73000,100,124.66666666666669,-11.920165
DQN,1000,10,74000,100,125.0,-11.327411
DQN,1000,10,75000,100,138.0,-14.057823
DQN,1000,10,76000,100,126.66666666666669,-10.369071
DQN,1000,10,77000,100,131.33333333333334,-10.939784
DQN,1000,10,78000,100,125.66666666666669,-8.596173
DQN,1000,10,79000,100,145.33333333333334,-12.904912
DQN,1000,10,80000,100,142.0,-11.505885
DQN,1000,10,81000,100,198.33333333333331,-21.056547
DQN,1000,10,82000,100,178.33333333333334,-17.638372
DQN,1000,10,83000,100,162.33333333333334,-14.167447
DQN,1000,10,84000,100,189.66666666666663,-18.168192
DQN,1000,10,85000,100,411.6666666666667,-30.824402
DQN,1000,10,86000,100,343.3333333333333,-28.676752
DQN,1000,10,87000,100,268.3333333333333,-23.147158
DQN,1000,10,88000,100,287.3333333333333,-24.07624
DQN,1000,10,89000,100,164.0,-10.495769
DQN,1000,10,90000,100,185.66666666666663,-13.469322
DQN,1000,10,91000,100,609.6666666666666,-28.180662
DQN,1000,10,92000,100,462.0,-26.321754
DQN,1000,10,93000,100,1238.6666666666667,-25.00898
DQN,1000,10,94000,100,1696.6666666666667,-25.602423
DQN,1000,10,95000,100,1047.3333333333333,-26.09237
DQN,1000,10,96000,100,3000.0,-25.3872
DQN,1000,10,97000,100,3000.0,-24.78086
DQN,1000,10,98000,100,323.6666666666667,-20.495562
DQN,1000,10,99000,100,272.6666666666667,-17.54109
DQN,1000,10,100000,100,3000.0,-23.340784
DQN,1000,11,1000,100,9.333333333333334,-8.951115
DQN,1000,11,2000,100,22.666666666666668,-19.339834
DQN,1000,11,3000,100,13.0,-10.228603
DQN,1000,11,4000,100,167.66666666666666,-78.23298
DQN,1000,11,5000,100,129.66666666666666,-68.352264
DQN,1000,11,6000,100,202.66666666666663,-81.65278
DQN,1000,11,7000,100,196.33333333333331,-79.916725
DQN,1000,11,8000,100,190.33333333333331,-78.06525
DQN,1000,11,9000,100,143.0,-68.22113
DQN,1000,11,10000,100,177.0,-73.87045
DQN,1000,11,11000,100,222.0,-77.45727
DQN,1000,11,12000,100,215.0,-76.40707
DQN,1000,11,13000,100,192.0,-73.17104
DQN,1000,11,14000,100,206.33333333333331,-74.18944
DQN,1000,11,15000,100,214.66666666666663,-74.28603
DQN,1000,11,16000,100,215.66666666666663,-73.31429
DQN,1000,11,17000,100,251.66666666666663,-75.665825
DQN,1000,11,18000,100,230.0,-72.84615
DQN,1000,11,19000,100,153.66666666666666,-60.356853
DQN,1000,11,20000,100,156.33333333333334,-59.806194
DQN,1000,11,21000,100,302.6666666666667,-74.951805
DQN,1000,11,22000,100,463.6666666666667,-78.29044
DQN,1000,11,23000,100,173.66666666666666,-60.997364
DQN,1000,11,24000,100,395.3333333333333,-75.60824
DQN,1000,11,25000,100,435.0,-75.247154
DQN,1000,11,26000,100,184.66666666666663,-59.323338
DQN,1000,11,27000,100,142.66666666666666,-51.169224
DQN,1000,11,28000,100,288.3333333333333,-67.557434
DQN,1000,11,29000,100,384.6666666666667,-71.17238
DQN,1000,11,30000,100,170.0,-50.99344
DQN,1000,11,31000,100,113.33333333333331,-39.74145
DQN,1000,11,32000,100,112.33333333333331,-38.568264
DQN,1000,11,33000,100,110.66666666666669,-37.120274
DQN,1000,11,34000,100,108.0,-35.29298
DQN,1000,11,35000,100,103.66666666666669,-33.04251
DQN,1000,11,36000,100,108.66666666666669,-33.934464
DQN,1000,11,37000,100,113.33333333333331,-34.636517
DQN,1000,11,38000,100,115.66666666666669,-34.536564
DQN,1000,11,39000,100,112.33333333333331,-32.54481
DQN,1000,11,40000,100,109.33333333333331,-30.604437
DQN,1000,11,41000,100,193.66666666666663,-44.218388
DQN,1000,11,42000,100,208.0,-41.71872
DQN,1000,11,43000,100,168.33333333333334,-40.5165
DQN,1000,11,44000,100,144.33333333333334,-36.333683
DQN,1000,11,45000,100,116.0,-28.895744
DQN,1000,11,46000,100,125.0,-30.777803
DQN,1000,11,47000,100,223.33333333333331,-48.018627
DQN,1000,11,48000,100,139.33333333333334,-32.65765
DQN,1000,11,49000,100,143.33333333333334,-32.456436
DQN,1000,11,50000,100,221.66666666666663,-45.12891
DQN,1000,11,51000,100,105.33333333333331,-20.697338
DQN,1000,11,52000,100,198.66666666666663,-40.40763
DQN,1000,11,53000,100,160.0,-32.98971
DQN,1000,11,54000,100,235.66666666666663,-41.83995
DQN,1000,11,55000,100,122.66666666666669,-23.914307
DQN,1000,11,56000,100,187.0,-33.297253
DQN,1000,11,57000,100,108.0,-18.047651
DQN,1000,11,58000,100,146.0,-27.911325
DQN,1000,11,59000,100,124.0,-21.32723
DQN,1000,11,60000,100,137.0,-24.072535
DQN,1000,11,61000,100,131.0,-22.14263
DQN,1000,11,62000,100,151.66666666666666,-26.55928
DQN,1000,11,63000,100,232.33333333333331,-35.141342
DQN,1000,11,64000,100,181.0,-30.18566
DQN,1000,11,65000,100,273.3333333333333,-40.05466
DQN,1000,11,66000,100,234.0,-36.476162
DQN,1000,11,67000,100,304.0,-39.172928
DQN,1000,11,68000,100,234.0,-35.39354
DQN,1000,11,69000,100,240.33333333333331,-35.528057
DQN,1000,11,70000,100,190.33333333333331,-29.053406
DQN,1000,11,71000,100,167.33333333333334,-24.601656
DQN,1000,11,72000,100,310.0,-38.024326
DQN,1000,11,73000,100,365.6666666666667,-39.78017
DQN,1000,11,74000,100,199.66666666666663,-28.329351
DQN,1000,11,75000,100,321.6666666666667,-37.175667
DQN,1000,11,76000,100,336.0,-37.016575
DQN,1000,11,77000,100,354.6666666666667,-36.66106
DQN,1000,11,78000,100,379.0,-36.921665
DQN,1000,11,79000,100,378.0,-36.3016
DQN,1000,11,80000,100,118.0,-7.662722
DQN,1000,11,81000,100,108.0,-3.7745502
DQN,1000,11,82000,100,119.0,-6.780319
DQN,1000,11,83000,100,111.66666666666669,-3.7687683
DQN,1000,11,84000,100,114.0,-3.8977687
DQN,1000,11,85000,100,124.0,-6.104421
DQN,1000,11,86000,100,122.33333333333331,-4.8372474
DQN,1000,11,87000,100,113.66666666666669,-1.3537012
DQN,1000,11,88000,100,112.33333333333331,-0.21846008
DQN,1000,11,89000,100,114.0,-0.11911265
DQN,1000,11,90000,100,118.33333333333331,-0.97746277
DQN,1000,11,91000,100,113.33333333333331,1.3261973
DQN,1000,11,92000,100,114.33333333333331,1.6400782
DQN,1000,11,93000,100,119.66666666666669,0.7829819
DQN,1000,11,94000,100,111.0,4.3259406
DQN,1000,11,95000,100,110.66666666666669,5.273361
DQN,1000,11,96000,100,123.66666666666669,1.8277868
DQN,1000,11,97000,100,125.66666666666669,2.0244598
DQN,1000,11,98000,100,196.33333333333331,-11.569641
DQN,1000,11,99000,100,193.66666666666663,-10.912448
DQN,1000,11,100000,100,1772.0,-24.346296
DQN,1000,12,1000,100,9.333333333333334,-8.881207
DQN,1000,12,2000,100,10.333333333333334,-8.771341
DQN,1000,12,3000,100,14.333333333333334,-11.305022
DQN,1000,12,4000,100,17.666666666666668,-13.164117
DQN,1000,12,5000,100,143.0,-71.06169
DQN,1000,12,6000,100,138.33333333333334,-69.87789
DQN,1000,12,7000,100,188.33333333333331,-78.32995
DQN,1000,12,8000,100,201.0,-79.55419
DQN,1000,12,9000,100,198.0,-78.163734
DQN,1000,12,10000,100,224.33333333333331,-80.35821
DQN,1000,12,11000,100,240.0,-79.915276
DQN,1000,12,12000,100,193.33333333333331,-74.162254
DQN,1000,12,13000,100,169.66666666666666,-69.353905
DQN,1000,12,14000,100,181.66666666666663,-70.294235
DQN,1000,12,15000,100,172.33333333333334,-67.87931
DQN,1000,12,16000,100,177.33333333333334,-67.79105
DQN,1000,12,17000,100,171.66666666666666,-65.8615
DQN,1000,12,18000,100,169.66666666666666,-64.554436
DQN,1000,12,19000,100,144.0,-58.08807
DQN,1000,12,20000,100,207.66666666666663,-68.23076
DQN,1000,12,21000,100,220.33333333333331,-68.69511
DQN,1000,12,22000,100,198.66666666666663,-65.0751
DQN,1000,12,23000,100,316.6666666666667,-73.540276
DQN,1000,12,24000,100,427.0,-74.69342
DQN,1000,12,25000,100,183.0,-60.148132
DQN,1000,12,26000,100,131.66666666666666,-48.55434
DQN,1000,12,27000,100,169.33333333333334,-55.306713
DQN,1000,12,28000,100,220.0,-58.25832
DQN,1000,12,29000,100,275.3333333333333,-65.33982
DQN,1000,12,30000,100,306.0,-60.960846
DQN,1000,12,31000,100,356.6666666666667,-67.975006
DQN,1000,12,32000,100,193.33333333333331,-53.236988
DQN,1000,12,33000,100,452.6666666666667,-60.003387
DQN,1000,12,34000,100,306.6666666666667,-56.7491
DQN,1000,12,35000,100,210.66666666666663,-55.637913
DQN,1000,12,36000,100,220.0,-55.90041
DQN,1000,12,37000,100,157.66666666666666,-45.28895
DQN,1000,12,38000,100,161.33333333333334,-45.085346
DQN,1000,12,39000,100,210.0,-51.862198
DQN,1000,12,40000,100,163.66666666666666,-44.0731
DQN,1000,12,41000,100,132.66666666666666,-35.95998
DQN,1000,12,42000,100,149.0,-39.164387
DQN,1000,12,43000,100,111.0,-28.037893
DQN,1000,12,44000,100,141.0,-35.940586
DQN,1000,12,45000,100,145.0,-35.996098
DQN,1000,12,46000,100,135.33333333333334,-33.29743
DQN,1000,12,47000,100,145.0,-34.97929
DQN,1000,12,48000,100,138.0,-32.48505
DQN,1000,12,49000,100,138.66666666666666,-31.944822
DQN,1000,12,50000,100,132.33333333333334,-29.58389
DQN,1000,12,51000,100,147.33333333333334,-32.646107
DQN,1000,12,52000,100,147.0,-31.721094
DQN,1000,12,53000,100,128.0,-26.122328
DQN,1000,12,54000,100,157.0,-31.876463
DQN,1000,12,55000,100,129.66666666666666,-25.015047
DQN,1000,12,56000,100,174.66666666666666,-33.890003
DQN,1000,12,57000,100,150.33333333333334,-28.811438
DQN,1000,12,58000,100,155.66666666666666,-29.403727
DQN,1000,12,59000,100,168.0,-30.994196
DQN,1000,12,60000,100,132.33333333333334,-22.385895
DQN,1000,12,61000,100,148.66666666666666,-25.913086
DQN,1000,12,62000,100,176.66666666666666,-30.747894
DQN,1000,12,63000,100,196.66666666666663,-33.537685
DQN,1000,12,64000,100,149.66666666666666,-24.596024
DQN,1000,12,65000,100,133.33333333333334,-19.876368
DQN,1000,12,66000,100,176.0,-28.517883
DQN,1000,12,67000,100,130.33333333333334,-17.986742
DQN,1000,12,68000,100,148.33333333333334,-21.860703
DQN,1000,12,69000,100,138.66666666666666,-18.954128
DQN,1000,12,70000,100,158.33333333333334,-22.99823
DQN,1000,12,71000,100,136.0,-17.281998
DQN,1000,12,72000,100,136.66666666666666,-16.915714
DQN,1000,12,73000,100,181.66666666666663,-25.600138
DQN,1000,12,74000,100,163.66666666666666,-21.790472
DQN,1000,12,75000,100,150.66666666666666,-18.673477
DQN,1000,12,76000,100,173.33333333333334,-22.54038
DQN,1000,12,77000,100,1166.6666666666667,-31.622381
DQN,1000,12,78000,100,175.66666666666666,-22.062998
DQN,1000,12,79000,100,155.66666666666666,-17.694891
DQN,1000,12,80000,100,175.0,-21.095978
DQN,1000,12,81000,100,222.66666666666663,-26.985956
DQN,1000,12,82000,100,212.66666666666663,-25.55636
DQN,1000,12,83000,100,162.0,-17.305353
DQN,1000,12,84000,100,165.0,-17.423862
DQN,1000,12,85000,100,159.66666666666666,-15.928519
DQN,1000,12,86000,100,157.0,-15.152729
DQN,1000,12,87000,100,159.0,-15.021565
DQN,1000,12,88000,100,178.0,-17.996473
DQN,1000,12,89000,100,166.33333333333334,-15.727588
DQN,1000,12,90000,100,150.0,-11.839543
DQN,1000,12,91000,100,161.66666666666666,-13.991155
DQN,1000,12,92000,100,166.0,-14.446422
DQN,1000,12,93000,100,183.33333333333331,-17.040108
DQN,1000,12,94000,100,156.0,-11.645905
DQN,1000,12,95000,100,164.66666666666666,-12.923825
DQN,1000,12,96000,100,2208.0,-31.631384
DQN,1000,12,97000,100,2207.0,-31.144629
DQN,1000,12,98000,100,2110.0,-29.596039
DQN,1000,12,99000,100,669.0,-28.95095
DQN,1000,12,100000,100,877.0,-29.40477
DQN,1000,13,1000,100,10.333333333333334,-9.878335
DQN,1000,13,2000,100,13.333333333333334,-11.426421
DQN,1000,13,3000,100,11.0,-8.481314
DQN,1000,13,4000,100,31.33333333333333,-23.261995
DQN,1000,13,5000,100,77.66666666666667,-48.386765
DQN,1000,13,6000,100,166.0,-75.83435
DQN,1000,13,7000,100,167.66666666666666,-75.3288
DQN,1000,13,8000,100,152.66666666666666,-71.22605
DQN,1000,13,9000,100,143.66666666666666,-68.27857
DQN,1000,13,10000,100,127.0,-63.013123
DQN,1000,13,11000,100,121.0,-60.22852
DQN,1000,13,12000,100,149.66666666666666,-66.58604
DQN,1000,13,13000,100,116.0,-56.870865
DQN,1000,13,14000,100,112.66666666666669,-54.822803
DQN,1000,13,15000,100,138.66666666666666,-60.355648
DQN,1000,13,16000,100,140.0,-60.651066
DQN,1000,13,17000,100,139.33333333333334,-59.637318
DQN,1000,13,18000,100,123.66666666666669,-54.50978
DQN,1000,13,19000,100,126.33333333333331,-54.22096
DQN,1000,13,20000,100,129.33333333333334,-54.273525
DQN,1000,13,21000,100,127.33333333333331,-52.762157
DQN,1000,13,22000,100,129.33333333333334,-52.4549
DQN,1000,13,23000,100,136.33333333333334,-53.324078
DQN,1000,13,24000,100,123.66666666666669,-49.053272
DQN,1000,13,25000,100,125.0,-48.493484
DQN,1000,13,26000,100,128.33333333333334,-48.524075
DQN,1000,13,27000,100,129.66666666666666,-47.997723
DQN,1000,13,28000,100,127.66666666666669,-46.576824
DQN,1000,13,29000,100,124.66666666666669,-44.687805
DQN,1000,13,30000,100,143.33333333333334,-48.635464
DQN,1000,13,31000,100,128.0,-44.07308
DQN,1000,13,32000,100,133.0,-44.632233
DQN,1000,13,33000,100,130.33333333333334,-42.98697
DQN,1000,13,34000,100,134.33333333333334,-43.217484
DQN,1000,13,35000,100,119.33333333333331,-38.065384
DQN,1000,13,36000,100,130.66666666666666,-40.501472
DQN,1000,13,37000,100,122.0,-37.206867
DQN,1000,13,38000,100,122.33333333333331,-36.467815
DQN,1000,13,39000,100,110.33333333333331,-31.930527
DQN,1000,13,40000,100,113.0,-31.916685
DQN,1000,13,41000,100,124.0,-34.403202
DQN,1000,13,42000,100,116.66666666666669,-31.538467
DQN,1000,13,43000,100,121.66666666666669,-32.26943
DQN,1000,13,44000,100,250.33333333333331,-53.084305
DQN,1000,13,45000,100,144.66666666666666,-36.865177
DQN,1000,13,46000,100,338.0,-55.497463
DQN,1000,13,47000,100,252.66666666666663,-51.315414
DQN,1000,13,48000,100,192.66666666666663,-44.007267
DQN,1000,13,49000,100,145.66666666666666,-34.31062
DQN,1000,13,50000,100,267.6666666666667,-49.41995
DQN,1000,13,51000,100,193.0,-41.729637
DQN,1000,13,52000,100,185.33333333333331,-39.66215
DQN,1000,13,53000,100,247.0,-46.243496
DQN,1000,13,54000,100,248.33333333333331,-45.753544
DQN,1000,13,55000,100,199.0,-39.735306
DQN,1000,13,56000,100,201.0,-39.43461
DQN,1000,13,57000,100,205.66666666666663,-39.496193
DQN,1000,13,58000,100,171.33333333333334,-33.62105
DQN,1000,13,59000,100,298.3333333333333,-45.713486
DQN,1000,13,60000,100,202.0,-37.232594
DQN,1000,13,61000,100,193.0,-35.298218
DQN,1000,13,62000,100,195.33333333333331,-35.05075
DQN,1000,13,63000,100,159.33333333333334,-28.231466
DQN,1000,13,64000,100,298.6666666666667,-41.975525
DQN,1000,13,65000,100,180.0,-30.874437
DQN,1000,13,66000,100,175.33333333333334,-29.43878
DQN,1000,13,67000,100,212.33333333333331,-34.19731
DQN,1000,13,68000,100,212.33333333333331,-33.648224
DQN,1000,13,69000,100,242.0,-36.0856
DQN,1000,13,70000,100,318.6666666666667,-40.231365
DQN,1000,13,71000,100,183.66666666666663,-28.157892
DQN,1000,13,72000,100,265.6666666666667,-36.47583
DQN,1000,13,73000,100,206.66666666666663,-30.264261
DQN,1000,13,74000,100,190.66666666666663,-27.709206
DQN,1000,13,75000,100,269.3333333333333,-35.138683
DQN,1000,13,76000,100,384.3333333333333,-39.21647
DQN,1000,13,77000,100,315.3333333333333,-36.544636
DQN,1000,13,78000,100,300.3333333333333,-35.29399
DQN,1000,13,79000,100,242.66666666666663,-31.144007
DQN,1000,13,80000,100,205.0,-26.684576
DQN,1000,13,81000,100,532.6666666666666,-37.83896
DQN,1000,13,82000,100,262.3333333333333,-31.500692
DQN,1000,13,83000,100,342.0,-34.811993
DQN,1000,13,84000,100,316.6666666666667,-33.569256
DQN,1000,13,85000,100,260.3333333333333,-29.595367
DQN,1000,13,86000,100,254.66666666666663,-28.989265
DQN,1000,13,87000,100,588.3333333333334,-36.024242
DQN,1000,13,88000,100,320.3333333333333,-31.977472
DQN,1000,13,89000,100,275.3333333333333,-28.990509
DQN,1000,13,90000,100,233.0,-24.997858
DQN,1000,13,91000,100,240.33333333333331,-25.295036
DQN,1000,13,92000,100,298.3333333333333,-28.557564
DQN,1000,13,93000,100,225.0,-22.704596
DQN,1000,13,94000,100,234.0,-23.20775
DQN,1000,13,95000,100,180.66666666666663,-15.910823
DQN,1000,13,96000,100,264.3333333333333,-24.516928
DQN,1000,13,97000,100,792.0,-31.074043
DQN,1000,13,98000,100,222.33333333333331,-19.680489
DQN,1000,13,99000,100,203.66666666666663,-17.156843
DQN,1000,13,100000,100,329.6666666666667,-25.914352
DQN,1000,14,1000,100,9.666666666666666,-9.21662
DQN,1000,14,2000,100,9.666666666666666,-8.209147
DQN,1000,14,3000,100,14.333333333333334,-11.378554
DQN,1000,14,4000,100,111.0,-63.2348
DQN,1000,14,5000,100,279.3333333333333,-89.66611
DQN,1000,14,6000,100,132.0,-68.32775
DQN,1000,14,7000,100,308.6666666666667,-88.664986
DQN,1000,14,8000,100,261.0,-85.59072
DQN,1000,14,9000,100,179.66666666666666,-75.20266
DQN,1000,14,10000,100,238.66666666666663,-80.555725
DQN,1000,14,11000,100,225.33333333333331,-79.57348
DQN,1000,14,12000,100,222.33333333333331,-78.075264
DQN,1000,14,13000,100,269.6666666666667,-81.15476
DQN,1000,14,14000,100,238.33333333333331,-77.61358
DQN,1000,14,15000,100,250.0,-77.20086
DQN,1000,14,16000,100,339.3333333333333,-80.38817
DQN,1000,14,17000,100,336.6666666666667,-80.33219
DQN,1000,14,18000,100,362.3333333333333,-80.22283
DQN,1000,14,19000,100,293.6666666666667,-76.80652
DQN,1000,14,20000,100,1042.0,-80.84549
DQN,1000,14,21000,100,303.6666666666667,-75.389244
DQN,1000,14,22000,100,284.6666666666667,-73.54473
DQN,1000,14,23000,100,234.33333333333331,-68.943756
DQN,1000,14,24000,100,247.33333333333331,-69.2051
DQN,1000,14,25000,100,271.6666666666667,-70.01876
DQN,1000,14,26000,100,306.6666666666667,-70.88997
DQN,1000,14,27000,100,263.0,-67.7825
DQN,1000,14,28000,100,241.66666666666663,-65.23133
DQN,1000,14,29000,100,146.33333333333334,-50.214306
DQN,1000,14,30000,100,171.66666666666666,-54.456146
DQN,1000,14,31000,100,190.66666666666663,-56.411373
DQN,1000,14,32000,100,178.66666666666666,-53.934834
DQN,1000,14,33000,100,347.6666666666667,-66.689735
DQN,1000,14,34000,100,288.3333333333333,-60.89017
DQN,1000,14,35000,100,318.3333333333333,-63.019802
DQN,1000,14,36000,100,374.3333333333333,-64.92744
DQN,1000,14,37000,100,129.33333333333334,-39.177746
DQN,1000,14,38000,100,134.66666666666666,-39.958813
DQN,1000,14,39000,100,127.0,-37.07754
DQN,1000,14,40000,100,129.0,-36.716614
DQN,1000,14,41000,100,280.3333333333333,-57.201893
DQN,1000,14,42000,100,152.0,-40.77805
DQN,1000,14,43000,100,119.66666666666669,-31.569025
DQN,1000,14,44000,100,142.0,-36.80737
DQN,1000,14,45000,100,115.66666666666669,-28.744238
DQN,1000,14,46000,100,337.3333333333333,-55.49071
DQN,1000,14,47000,100,138.33333333333334,-33.3557
DQN,1000,14,48000,100,344.3333333333333,-50.05601
DQN,1000,14,49000,100,218.33333333333331,-45.53766
DQN,1000,14,50000,100,253.66666666666663,-48.54535
DQN,1000,14,51000,100,150.0,-33.440838
DQN,1000,14,52000,100,153.33333333333334,-33.57593
DQN,1000,14,53000,100,250.0,-46.07465
DQN,1000,14,54000,100,342.3333333333333,-49.88078
DQN,1000,14,55000,100,294.3333333333333,-45.542114
DQN,1000,14,56000,100,190.0,-37.445362
DQN,1000,14,57000,100,365.3333333333333,-49.17808
DQN,1000,14,58000,100,459.6666666666667,-50.333252
DQN,1000,14,59000,100,373.3333333333333,-48.27147
DQN,1000,14,60000,100,144.66666666666666,-26.689829
DQN,1000,14,61000,100,133.66666666666666,-23.137558
DQN,1000,14,62000,100,221.33333333333331,-37.536285
DQN,1000,14,63000,100,408.6666666666667,-42.555714
DQN,1000,14,64000,100,131.0,-20.460068
DQN,1000,14,65000,100,373.3333333333333,-42.387783
DQN,1000,14,66000,100,145.0,-23.058702
DQN,1000,14,67000,100,282.3333333333333,-34.368748
DQN,1000,14,68000,100,147.0,-22.485308
DQN,1000,14,69000,100,147.33333333333334,-21.84175
DQN,1000,14,70000,100,153.0,-22.665472
DQN,1000,14,71000,100,154.0,-22.286575
DQN,1000,14,72000,100,138.0,-18.09443
DQN,1000,14,73000,100,141.66666666666666,-18.541925
DQN,1000,14,74000,100,140.33333333333334,-17.572737
DQN,1000,14,75000,100,341.0,-33.880398
DQN,1000,14,76000,100,173.33333333333334,-23.421202
DQN,1000,14,77000,100,457.0,-39.368664
DQN,1000,14,78000,100,167.0,-21.153135
DQN,1000,14,79000,100,165.33333333333334,-20.30325
DQN,1000,14,80000,100,170.33333333333334,-20.77377
DQN,1000,14,81000,100,199.33333333333331,-24.905884
DQN,1000,14,82000,100,167.33333333333334,-19.393427
DQN,1000,14,83000,100,307.6666666666667,-30.729193
DQN,1000,14,84000,100,419.6666666666667,-35.59993
DQN,1000,14,85000,100,295.6666666666667,-29.730665
DQN,1000,14,86000,100,165.0,-17.150026
DQN,1000,14,87000,100,295.3333333333333,-28.85231
DQN,1000,14,88000,100,165.66666666666666,-16.38967
DQN,1000,14,89000,100,153.66666666666666,-13.400517
DQN,1000,14,90000,100,152.66666666666666,-12.96976
DQN,1000,14,91000,100,320.3333333333333,-30.132402
DQN,1000,14,92000,100,344.3333333333333,-30.566673
DQN,1000,14,93000,100,345.3333333333333,-30.258635
DQN,1000,14,94000,100,363.3333333333333,-30.200243
DQN,1000,14,95000,100,339.3333333333333,-28.914328
DQN,1000,14,96000,100,312.0,-27.087126
DQN,1000,14,97000,100,341.6666666666667,-27.577703
DQN,1000,14,98000,100,359.6666666666667,-27.527174
DQN,1000,14,99000,100,350.0,-26.71816
DQN,1000,14,100000,100,1114.6666666666667,-28.888834
DQN,1000,15,1000,100,9.333333333333334,-8.90232
DQN,1000,15,2000,100,9.666666666666666,-8.193229
DQN,1000,15,3000,100,10.666666666666666,-8.102643
DQN,1000,15,4000,100,3000.0,-96.951355
DQN,1000,15,5000,100,154.0,-74.541725
DQN,1000,15,6000,100,135.33333333333334,-68.84116
DQN,1000,15,7000,100,118.33333333333331,-63.332287
DQN,1000,15,8000,100,169.0,-74.45069
DQN,1000,15,9000,100,124.66666666666669,-63.202274
DQN,1000,15,10000,100,220.33333333333331,-77.0101
DQN,1000,15,11000,100,184.0,-73.307335
DQN,1000,15,12000,100,193.0,-73.95748
DQN,1000,15,13000,100,179.0,-68.42413
DQN,1000,15,14000,100,160.0,-66.76469
DQN,1000,15,15000,100,243.0,-73.041176
DQN,1000,15,16000,100,241.33333333333331,-74.03503
DQN,1000,15,17000,100,160.0,-63.765522
DQN,1000,15,18000,100,108.0,-49.1041
DQN,1000,15,19000,100,453.0,-78.45325
DQN,1000,15,20000,100,272.3333333333333,-74.15945
DQN,1000,15,21000,100,248.33333333333331,-70.762215
DQN,1000,15,22000,100,115.0,-47.820633
DQN,1000,15,23000,100,112.33333333333331,-46.009083
DQN,1000,15,24000,100,116.33333333333331,-46.253643
DQN,1000,15,25000,100,119.66666666666669,-46.483536
DQN,1000,15,26000,100,121.33333333333331,-46.261433
DQN,1000,15,27000,100,127.66666666666669,-47.210754
DQN,1000,15,28000,100,132.0,-47.57007
DQN,1000,15,29000,100,142.33333333333334,-49.396503
DQN,1000,15,30000,100,154.0,-51.194637
DQN,1000,15,31000,100,163.33333333333334,-52.062984
DQN,1000,15,32000,100,183.66666666666663,-54.7354
DQN,1000,15,33000,100,285.3333333333333,-62.78142
DQN,1000,15,34000,100,278.6666666666667,-62.553555
DQN,1000,15,35000,100,256.0,-59.92404
DQN,1000,15,36000,100,226.66666666666663,-55.964645
DQN,1000,15,37000,100,193.66666666666663,-52.0833
DQN,1000,15,38000,100,228.33333333333331,-54.266388
DQN,1000,15,39000,100,136.66666666666666,-39.94692
DQN,1000,15,40000,100,202.66666666666663,-49.80876
DQN,1000,15,41000,100,131.0,-36.811497
DQN,1000,15,42000,100,157.66666666666666,-42.05402
DQN,1000,15,43000,100,201.66666666666663,-48.343906
DQN,1000,15,44000,100,231.66666666666663,-51.627064
DQN,1000,15,45000,100,240.0,-51.382435
DQN,1000,15,46000,100,141.0,-35.715412
DQN,1000,15,47000,100,238.66666666666663,-47.109222
DQN,1000,15,48000,100,208.66666666666663,-45.72913
DQN,1000,15,49000,100,216.0,-46.1044
DQN,1000,15,50000,100,199.0,-40.287315
DQN,1000,15,51000,100,105.0,-21.238264
DQN,1000,15,52000,100,254.33333333333331,-44.980297
DQN,1000,15,53000,100,107.0,-20.416128
DQN,1000,15,54000,100,121.0,-24.335894
DQN,1000,15,55000,100,120.66666666666669,-23.60269
DQN,1000,15,56000,100,118.33333333333331,-22.329962
DQN,1000,15,57000,100,118.0,-21.644716
DQN,1000,15,58000,100,219.33333333333331,-40.620728
DQN,1000,15,59000,100,326.3333333333333,-47.24103
DQN,1000,15,60000,100,189.66666666666663,-35.784527
DQN,1000,15,61000,100,216.66666666666663,-38.742504
DQN,1000,15,62000,100,185.33333333333331,-33.139763
DQN,1000,15,63000,100,141.33333333333334,-24.55964
DQN,1000,15,64000,100,1299.0,-47.278988
DQN,1000,15,65000,100,308.6666666666667,-42.69456
DQN,1000,15,66000,100,234.0,-37.522556
DQN,1000,15,67000,100,234.33333333333331,-36.80825
DQN,1000,15,68000,100,369.6666666666667,-42.755863
DQN,1000,15,69000,100,255.66666666666663,-37.7337
DQN,1000,15,70000,100,394.6666666666667,-42.78891
DQN,1000,15,71000,100,358.3333333333333,-39.920284
DQN,1000,15,72000,100,318.3333333333333,-39.394077
DQN,1000,15,73000,100,265.3333333333333,-35.846607
DQN,1000,15,74000,100,325.6666666666667,-37.068436
DQN,1000,15,75000,100,247.0,-31.941813
DQN,1000,15,76000,100,197.0,-27.9218
DQN,1000,15,77000,100,301.0,-35.994843
DQN,1000,15,78000,100,164.66666666666666,-21.540964
DQN,1000,15,79000,100,162.66666666666666,-20.571287
DQN,1000,15,80000,100,169.33333333333334,-21.256618
DQN,1000,15,81000,100,151.0,-16.951452
DQN,1000,15,82000,100,167.33333333333334,-19.731585
DQN,1000,15,83000,100,140.66666666666666,-13.297141
DQN,1000,15,84000,100,172.0,-19.2363
DQN,1000,15,85000,100,148.0,-13.795593
DQN,1000,15,86000,100,173.66666666666666,-18.416262
DQN,1000,15,87000,100,175.33333333333334,-18.160667
DQN,1000,15,88000,100,179.33333333333334,-18.258646
DQN,1000,15,89000,100,3000.0,-34.262356
DQN,1000,15,90000,100,181.66666666666663,-17.684364
DQN,1000,15,91000,100,171.33333333333334,-15.354294
DQN,1000,15,92000,100,162.66666666666666,-13.149272
DQN,1000,15,93000,100,282.3333333333333,-26.10364
DQN,1000,15,94000,100,3000.0,-31.526474
DQN,1000,15,95000,100,1288.3333333333333,-30.207872
DQN,1000,15,96000,100,3000.0,-30.678556
DQN,1000,15,97000,100,462.3333333333333,-27.192766
DQN,1000,15,98000,100,351.6666666666667,-26.447357
DQN,1000,15,99000,100,1277.6666666666667,-27.608465
DQN,1000,15,100000,100,304.6666666666667,-23.35319
DQN,1000,16,1000,100,9.666666666666666,-9.2862625
DQN,1000,16,2000,100,19.666666666666668,-16.948885
DQN,1000,16,3000,100,11.333333333333334,-8.772977
DQN,1000,16,4000,100,25.33333333333333,-19.495667
DQN,1000,16,5000,100,149.33333333333334,-73.58202
DQN,1000,16,6000,100,224.66666666666663,-82.06646
DQN,1000,16,7000,100,185.33333333333331,-78.518616
DQN,1000,16,8000,100,162.66666666666666,-73.12507
DQN,1000,16,9000,100,200.66666666666663,-76.64635
DQN,1000,16,10000,100,158.66666666666666,-69.447334
DQN,1000,16,11000,100,206.33333333333331,-73.0183
DQN,1000,16,12000,100,132.33333333333334,-62.269978
DQN,1000,16,13000,100,181.0,-71.24421
DQN,1000,16,14000,100,2376.6666666666665,-86.93624
DQN,1000,16,15000,100,864.6666666666666,-81.16059
DQN,1000,16,16000,100,122.0,-55.684753
DQN,1000,16,17000,100,209.33333333333331,-71.861244
DQN,1000,16,18000,100,205.66666666666663,-70.4934
DQN,1000,16,19000,100,477.3333333333333,-80.72132
DQN,1000,16,20000,100,247.33333333333331,-72.925095
DQN,1000,16,21000,100,474.3333333333333,-77.423325
DQN,1000,16,22000,100,207.0,-66.881805
DQN,1000,16,23000,100,160.0,-58.324566
DQN,1000,16,24000,100,104.0,-42.382305
DQN,1000,16,25000,100,145.33333333333334,-53.384914
DQN,1000,16,26000,100,126.33333333333331,-46.504776
DQN,1000,16,27000,100,110.0,-41.817844
DQN,1000,16,28000,100,160.33333333333334,-53.781128
DQN,1000,16,29000,100,191.66666666666663,-56.19396
DQN,1000,16,30000,100,146.33333333333334,-48.864075
DQN,1000,16,31000,100,114.0,-39.489662
DQN,1000,16,32000,100,113.66666666666669,-38.452038
DQN,1000,16,33000,100,120.66666666666669,-39.962704
DQN,1000,16,34000,100,113.66666666666669,-36.77176
DQN,1000,16,35000,100,115.66666666666669,-36.585438
DQN,1000,16,36000,100,126.33333333333331,-38.921535
DQN,1000,16,37000,100,116.33333333333331,-35.243366
DQN,1000,16,38000,100,113.33333333333331,-33.503437
DQN,1000,16,39000,100,108.66666666666669,-31.096571
DQN,1000,16,40000,100,113.33333333333331,-31.915293
DQN,1000,16,41000,100,116.33333333333331,-32.110294
DQN,1000,16,42000,100,114.66666666666669,-30.779173
DQN,1000,16,43000,100,114.33333333333331,-29.92871
DQN,1000,16,44000,100,118.0,-30.256989
DQN,1000,16,45000,100,113.33333333333331,-27.96459
DQN,1000,16,46000,100,128.0,-31.679184
DQN,1000,16,47000,100,125.33333333333331,-30.236292
DQN,1000,16,48000,100,119.66666666666669,-27.778778
DQN,1000,16,49000,100,127.66666666666669,-29.567953
DQN,1000,16,50000,100,120.66666666666669,-26.724451
DQN,1000,16,51000,100,120.0,-25.765427
DQN,1000,16,52000,100,123.0,-25.875511
DQN,1000,16,53000,100,123.33333333333331,-25.33521
DQN,1000,16,54000,100,129.33333333333334,-26.420355
DQN,1000,16,55000,100,130.0,-26.048925
DQN,1000,16,56000,100,124.66666666666669,-23.867094
DQN,1000,16,57000,100,124.0,-22.968191
DQN,1000,16,58000,100,124.33333333333331,-22.231302
DQN,1000,16,59000,100,122.0,-20.47346
DQN,1000,16,60000,100,123.66666666666669,-20.11514
DQN,1000,16,61000,100,127.0,-20.362822
DQN,1000,16,62000,100,122.33333333333331,-17.991043
DQN,1000,16,63000,100,125.33333333333331,-18.152441
DQN,1000,16,64000,100,131.66666666666666,-19.236153
DQN,1000,16,65000,100,130.0,-18.179193
DQN,1000,16,66000,100,132.0,-18.17797
DQN,1000,16,67000,100,125.33333333333331,-15.702086
DQN,1000,16,68000,100,142.33333333333334,-19.29568
DQN,1000,16,69000,100,125.33333333333331,-14.359116
DQN,1000,16,70000,100,127.66666666666669,-14.313717
DQN,1000,16,71000,100,126.33333333333331,-13.227429
DQN,1000,16,72000,100,121.66666666666669,-11.284831
DQN,1000,16,73000,100,167.66666666666666,-21.470667
DQN,1000,16,74000,100,177.66666666666666,-22.517967
DQN,1000,16,75000,100,220.33333333333331,-28.225458
DQN,1000,16,76000,100,188.0,-23.656797
DQN,1000,16,77000,100,121.33333333333331,-8.802921
DQN,1000,16,78000,100,198.0,-23.98276
DQN,1000,16,79000,100,191.66666666666663,-22.592016
DQN,1000,16,80000,100,117.33333333333331,-5.8181877
DQN,1000,16,81000,100,128.33333333333334,-8.579193
DQN,1000,16,82000,100,161.0,-15.695895
DQN,1000,16,83000,100,251.33333333333331,-27.029068
DQN,1000,16,84000,100,167.33333333333334,-15.873593
DQN,1000,16,85000,100,168.33333333333334,-13.64072
DQN,1000,16,86000,100,209.33333333333331,-19.223795
DQN,1000,16,87000,100,131.0,-7.005918
DQN,1000,16,88000,100,324.0,-27.66179
DQN,1000,16,89000,100,300.3333333333333,-26.9083
DQN,1000,16,90000,100,354.3333333333333,-28.36013
DQN,1000,16,91000,100,353.6666666666667,-27.94705
DQN,1000,16,92000,100,316.0,-26.733892
DQN,1000,16,93000,100,336.0,-26.490885
DQN,1000,16,94000,100,316.0,-25.940153
DQN,1000,16,95000,100,191.66666666666663,-9.138219
DQN,1000,16,96000,100,326.6666666666667,-25.138323
DQN,1000,16,97000,100,322.3333333333333,-24.711412
DQN,1000,16,98000,100,332.6666666666667,-25.017393
DQN,1000,16,99000,100,344.3333333333333,-24.778969
DQN,1000,16,100000,100,384.3333333333333,-26.16294
DQN,1000,17,1000,100,9.333333333333334,-8.955171
DQN,1000,17,2000,100,9.333333333333334,-7.946651
DQN,1000,17,3000,100,10.666666666666666,-8.145345
DQN,1000,17,4000,100,29.666666666666668,-22.752592
DQN,1000,17,5000,100,133.66666666666666,-69.26308
DQN,1000,17,6000,100,118.0,-64.42283
DQN,1000,17,7000,100,151.66666666666666,-72.019714
DQN,1000,17,8000,100,165.66666666666666,-73.94213
DQN,1000,17,9000,100,214.0,-79.18951
DQN,1000,17,10000,100,156.66666666666666,-70.00024
DQN,1000,17,11000,100,201.0,-76.38297
DQN,1000,17,12000,100,148.0,-66.1392
DQN,1000,17,13000,100,205.0,-73.85915
DQN,1000,17,14000,100,124.33333333333331,-58.033585
DQN,1000,17,15000,100,162.33333333333334,-66.33863
DQN,1000,17,16000,100,201.66666666666663,-70.56827
DQN,1000,17,17000,100,128.0,-56.642292
DQN,1000,17,18000,100,126.66666666666669,-55.393116
DQN,1000,17,19000,100,120.66666666666669,-52.705612
DQN,1000,17,20000,100,118.0,-50.943848
DQN,1000,17,21000,100,119.0,-50.29575
DQN,1000,17,22000,100,115.66666666666669,-48.399494
DQN,1000,17,23000,100,119.66666666666669,-48.849483
DQN,1000,17,24000,100,124.0,-49.23792
DQN,1000,17,25000,100,113.33333333333331,-45.08901
DQN,1000,17,26000,100,115.66666666666669,-44.968983
DQN,1000,17,27000,100,119.66666666666669,-45.414165
DQN,1000,17,28000,100,112.0,-42.169384
DQN,1000,17,29000,100,111.66666666666669,-41.313858
DQN,1000,17,30000,100,124.0,-44.29526
DQN,1000,17,31000,100,110.33333333333331,-39.208817
DQN,1000,17,32000,100,114.0,-39.533188
DQN,1000,17,33000,100,120.66666666666669,-41.051273
DQN,1000,17,34000,100,117.33333333333331,-39.285366
DQN,1000,17,35000,100,117.33333333333331,-38.411716
DQN,1000,17,36000,100,121.66666666666669,-38.935047
DQN,1000,17,37000,100,122.0,-38.163017
DQN,1000,17,38000,100,122.0,-37.336563
DQN,1000,17,39000,100,122.33333333333331,-36.483112
DQN,1000,17,40000,100,119.0,-34.57297
DQN,1000,17,41000,100,119.0,-33.711422
DQN,1000,17,42000,100,121.33333333333331,-33.503254
DQN,1000,17,43000,100,122.33333333333331,-32.89571
DQN,1000,17,44000,100,123.66666666666669,-32.53116
DQN,1000,17,45000,100,129.66666666666666,-33.37845
DQN,1000,17,46000,100,128.0,-32.18881
DQN,1000,17,47000,100,124.66666666666669,-30.486856
DQN,1000,17,48000,100,134.66666666666666,-32.438255
DQN,1000,17,49000,100,117.66666666666669,-27.01663
DQN,1000,17,50000,100,214.33333333333331,-44.02971
DQN,1000,17,51000,100,207.33333333333331,-41.110806
DQN,1000,17,52000,100,132.33333333333334,-29.002726
DQN,1000,17,53000,100,138.66666666666666,-29.861084
DQN,1000,17,54000,100,156.0,-32.973827
DQN,1000,17,55000,100,270.0,-46.015614
DQN,1000,17,56000,100,131.0,-25.620361
DQN,1000,17,57000,100,122.66666666666669,-22.491882
DQN,1000,17,58000,100,164.33333333333334,-31.583048
DQN,1000,17,59000,100,130.33333333333334,-23.255579
DQN,1000,17,60000,100,130.66666666666666,-22.747055
DQN,1000,17,61000,100,136.0,-23.489082
DQN,1000,17,62000,100,137.0,-22.913626
DQN,1000,17,63000,100,134.33333333333334,-21.516794
DQN,1000,17,64000,100,158.0,-26.234259
DQN,1000,17,65000,100,129.33333333333334,-18.689272
DQN,1000,17,66000,100,129.0,-17.831154
DQN,1000,17,67000,100,120.33333333333331,-14.639787
DQN,1000,17,68000,100,121.33333333333331,-14.244286
DQN,1000,17,69000,100,126.66666666666669,-15.030723
DQN,1000,17,70000,100,147.33333333333334,-19.776445
DQN,1000,17,71000,100,139.0,-17.271326
DQN,1000,17,72000,100,149.33333333333334,-19.159151
DQN,1000,17,73000,100,135.33333333333334,-15.323464
DQN,1000,17,74000,100,145.0,-17.070518
DQN,1000,17,75000,100,182.33333333333331,-22.784231
DQN,1000,17,76000,100,275.0,-32.44879
DQN,1000,17,77000,100,164.0,-19.583986
DQN,1000,17,78000,100,113.0,-6.1550865
DQN,1000,17,79000,100,257.6666666666667,-30.119408
DQN,1000,17,80000,100,144.0,-13.838757
DQN,1000,17,81000,100,305.6666666666667,-32.41732
DQN,1000,17,82000,100,347.6666666666667,-33.447315
DQN,1000,17,83000,100,149.0,-13.668302
DQN,1000,17,84000,100,3000.0,-35.461433
DQN,1000,17,85000,100,143.0,-11.079094
DQN,1000,17,86000,100,3000.0,-34.210026
DQN,1000,17,87000,100,2221.0,-33.682453
DQN,1000,17,88000,100,3000.0,-33.343
DQN,1000,17,89000,100,2246.333333333333,-32.984074
DQN,1000,17,90000,100,1340.3333333333333,-32.03036
DQN,1000,17,91000,100,462.6666666666667,-30.96267
DQN,1000,17,92000,100,1308.6666666666667,-30.885033
DQN,1000,17,93000,100,3000.0,-31.413284
DQN,1000,17,94000,100,3000.0,-31.123209
DQN,1000,17,95000,100,3000.0,-30.943077
DQN,1000,17,96000,100,3000.0,-30.527542
DQN,1000,17,97000,100,3000.0,-30.305794
DQN,1000,17,98000,100,348.3333333333333,-26.947128
DQN,1000,17,99000,100,522.6666666666666,-29.062239
DQN,1000,17,100000,100,3000.0,-29.303492
DQN,1000,18,1000,100,9.333333333333334,-8.89829
DQN,1000,18,2000,100,9.333333333333334,-7.882309
DQN,1000,18,3000,100,9.333333333333334,-6.861197
DQN,1000,18,4000,100,34.333333333333336,-26.05162
DQN,1000,18,5000,100,123.66666666666669,-66.14385
DQN,1000,18,6000,100,154.66666666666666,-73.32766
DQN,1000,18,7000,100,179.0,-76.96889
DQN,1000,18,8000,100,178.33333333333334,-76.129456
DQN,1000,18,9000,100,273.0,-84.47638
DQN,1000,18,10000,100,176.33333333333334,-73.8027
DQN,1000,18,11000,100,199.33333333333331,-76.24918
DQN,1000,18,12000,100,186.66666666666663,-73.44638
DQN,1000,18,13000,100,179.33333333333334,-71.245094
DQN,1000,18,14000,100,179.0,-70.220085
DQN,1000,18,15000,100,164.0,-66.57371
DQN,1000,18,16000,100,178.33333333333334,-68.18943
DQN,1000,18,17000,100,105.33333333333331,-49.166443
DQN,1000,18,18000,100,106.66666666666669,-48.646954
DQN,1000,18,19000,100,120.33333333333331,-52.093777
DQN,1000,18,20000,100,211.66666666666663,-67.15366
DQN,1000,18,21000,100,120.66666666666669,-50.41919
DQN,1000,18,22000,100,137.0,-53.876064
DQN,1000,18,23000,100,166.0,-58.91971
DQN,1000,18,24000,100,210.33333333333331,-65.017426
DQN,1000,18,25000,100,115.33333333333331,-44.741596
DQN,1000,18,26000,100,241.0,-64.61387
DQN,1000,18,27000,100,114.66666666666669,-42.89726
DQN,1000,18,28000,100,214.33333333333331,-59.95782
DQN,1000,18,29000,100,229.0,-61.432873
DQN,1000,18,30000,100,192.33333333333331,-56.414303
DQN,1000,18,31000,100,233.33333333333331,-59.722073
DQN,1000,18,32000,100,180.0,-51.332714
DQN,1000,18,33000,100,114.0,-36.982937
DQN,1000,18,34000,100,112.33333333333331,-35.519962
DQN,1000,18,35000,100,150.0,-43.97852
DQN,1000,18,36000,100,124.33333333333331,-37.79413
DQN,1000,18,37000,100,163.66666666666666,-44.58771
DQN,1000,18,38000,100,120.33333333333331,-34.952724
DQN,1000,18,39000,100,120.66666666666669,-34.235405
DQN,1000,18,40000,100,130.66666666666666,-35.4378
DQN,1000,18,41000,100,133.66666666666666,-35.12682
DQN,1000,18,42000,100,121.0,-31.904999
DQN,1000,18,43000,100,109.66666666666669,-27.554977
DQN,1000,18,44000,100,119.33333333333331,-29.852583
DQN,1000,18,45000,100,106.66666666666669,-24.886377
DQN,1000,18,46000,100,115.66666666666669,-27.018066
DQN,1000,18,47000,100,130.0,-30.15436
DQN,1000,18,48000,100,111.33333333333331,-23.96206
DQN,1000,18,49000,100,117.0,-25.127335
DQN,1000,18,50000,100,118.33333333333331,-24.745825
DQN,1000,18,51000,100,120.33333333333331,-24.738382
DQN,1000,18,52000,100,121.66666666666669,-24.610023
DQN,1000,18,53000,100,121.33333333333331,-23.906221
DQN,1000,18,54000,100,157.0,-31.197489
DQN,1000,18,55000,100,119.66666666666669,-22.177591
DQN,1000,18,56000,100,115.33333333333331,-20.165709
DQN,1000,18,57000,100,119.33333333333331,-20.546322
DQN,1000,18,58000,100,112.66666666666669,-17.61894
DQN,1000,18,59000,100,115.33333333333331,-17.6214
DQN,1000,18,60000,100,115.66666666666669,-16.97135
DQN,1000,18,61000,100,116.66666666666669,-16.415718
DQN,1000,18,62000,100,121.0,-17.042252
DQN,1000,18,63000,100,112.0,-13.543269
DQN,1000,18,64000,100,115.0,-13.602943
DQN,1000,18,65000,100,119.33333333333331,-14.248577
DQN,1000,18,66000,100,116.66666666666669,-12.772471
DQN,1000,18,67000,100,120.33333333333331,-13.237205
DQN,1000,18,68000,100,125.0,-13.986565
DQN,1000,18,69000,100,119.0,-11.563904
DQN,1000,18,70000,100,114.33333333333331,-9.367923
DQN,1000,18,71000,100,119.0,-10.189636
DQN,1000,18,72000,100,114.66666666666669,-8.231692
DQN,1000,18,73000,100,119.0,-9.015927
DQN,1000,18,74000,100,116.66666666666669,-7.6776786
DQN,1000,18,75000,100,115.0,-6.6178093
DQN,1000,18,76000,100,112.33333333333331,-5.184854
DQN,1000,18,77000,100,124.0,-8.218686
DQN,1000,18,78000,100,117.66666666666669,-5.710729
DQN,1000,18,79000,100,117.66666666666669,-5.086744
DQN,1000,18,80000,100,117.0,-4.050176
DQN,1000,18,81000,100,120.0,-4.1493506
DQN,1000,18,82000,100,120.33333333333331,-3.6923065
DQN,1000,18,83000,100,119.33333333333331,-2.8757706
DQN,1000,18,84000,100,124.66666666666669,-3.974556
DQN,1000,18,85000,100,122.0,-2.776942
DQN,1000,18,86000,100,121.33333333333331,-2.2817738
DQN,1000,18,87000,100,122.33333333333331,-2.198059
DQN,1000,18,88000,100,119.0,-0.6910451
DQN,1000,18,89000,100,116.33333333333331,0.67642975
DQN,1000,18,90000,100,116.33333333333331,1.0866495
DQN,1000,18,91000,100,130.66666666666666,-2.585823
DQN,1000,18,92000,100,123.66666666666669,-0.094177246
DQN,1000,18,93000,100,128.0,-0.75015515
DQN,1000,18,94000,100,117.66666666666669,2.866885
DQN,1000,18,95000,100,119.33333333333331,3.0497768
DQN,1000,18,96000,100,114.66666666666669,4.909467
DQN,1000,18,97000,100,116.66666666666669,4.9831567
DQN,1000,18,98000,100,127.0,2.4881313
DQN,1000,18,99000,100,118.66666666666669,5.4499054
DQN,1000,18,100000,100,203.0,-11.086833
DQN,1000,19,1000,100,27.0,-23.568237
DQN,1000,19,2000,100,23.33333333333333,-19.80508
DQN,1000,19,3000,100,11.666666666666666,-8.988339
DQN,1000,19,4000,100,692.6666666666666,-96.76621
DQN,1000,19,5000,100,429.6666666666667,-94.28751
DQN,1000,19,6000,100,177.66666666666666,-78.07093
DQN,1000,19,7000,100,204.66666666666663,-80.74873
DQN,1000,19,8000,100,211.66666666666663,-81.03744
DQN,1000,19,9000,100,217.33333333333331,-80.21591
DQN,1000,19,10000,100,183.66666666666663,-75.05655
DQN,1000,19,11000,100,210.33333333333331,-77.71091
DQN,1000,19,12000,100,229.66666666666663,-78.564125
DQN,1000,19,13000,100,204.66666666666663,-74.477684
DQN,1000,19,14000,100,238.66666666666663,-75.80486
DQN,1000,19,15000,100,153.0,-64.47332
DQN,1000,19,16000,100,217.0,-73.60589
DQN,1000,19,17000,100,204.66666666666663,-71.27829
DQN,1000,19,18000,100,180.66666666666663,-65.585686
DQN,1000,19,19000,100,240.0,-73.19558
DQN,1000,19,20000,100,2145.6666666666665,-80.796875
DQN,1000,19,21000,100,280.6666666666667,-65.15304
DQN,1000,19,22000,100,237.0,-68.663414
DQN,1000,19,23000,100,230.0,-68.558266
DQN,1000,19,24000,100,211.33333333333331,-65.53763
DQN,1000,19,25000,100,153.66666666666666,-54.6084
DQN,1000,19,26000,100,216.66666666666663,-62.211544
DQN,1000,19,27000,100,114.33333333333331,-43.340927
DQN,1000,19,28000,100,115.66666666666669,-42.89394
DQN,1000,19,29000,100,165.66666666666666,-54.373768
DQN,1000,19,30000,100,140.66666666666666,-48.148254
DQN,1000,19,31000,100,139.66666666666666,-47.04196
DQN,1000,19,32000,100,288.3333333333333,-63.72693
DQN,1000,19,33000,100,193.0,-55.579304
DQN,1000,19,34000,100,282.3333333333333,-62.206028
DQN,1000,19,35000,100,316.0,-64.10785
DQN,1000,19,36000,100,260.0,-60.08281
DQN,1000,19,37000,100,278.3333333333333,-60.592834
DQN,1000,19,38000,100,268.0,-59.1012
DQN,1000,19,39000,100,268.6666666666667,-58.266285
DQN,1000,19,40000,100,281.6666666666667,-57.36624
DQN,1000,19,41000,100,286.0,-58.0583
DQN,1000,19,42000,100,275.6666666666667,-56.627567
DQN,1000,19,43000,100,248.66666666666663,-54.021107
DQN,1000,19,44000,100,228.0,-51.39201
DQN,1000,19,45000,100,208.0,-45.162502
DQN,1000,19,46000,100,745.6666666666666,-59.72344
DQN,1000,19,47000,100,361.6666666666667,-56.320164
DQN,1000,19,48000,100,247.0,-46.996563
DQN,1000,19,49000,100,165.33333333333334,-38.780792
DQN,1000,19,50000,100,340.3333333333333,-53.62904
DQN,1000,19,51000,100,398.0,-54.24367
DQN,1000,19,52000,100,260.3333333333333,-48.158756
DQN,1000,19,53000,100,236.66666666666663,-44.158356
DQN,1000,19,54000,100,152.66666666666666,-32.21489
DQN,1000,19,55000,100,259.6666666666667,-42.33365
DQN,1000,19,56000,100,365.6666666666667,-48.120502
DQN,1000,19,57000,100,240.66666666666663,-42.994526
DQN,1000,19,58000,100,298.6666666666667,-45.268406
DQN,1000,19,59000,100,219.33333333333331,-39.060673
DQN,1000,19,60000,100,252.0,-42.17335
DQN,1000,19,61000,100,108.66666666666669,-16.08433
DQN,1000,19,62000,100,136.0,-23.165781
DQN,1000,19,63000,100,115.66666666666669,-16.914722
DQN,1000,19,64000,100,108.0,-13.516028
DQN,1000,19,65000,100,3000.0,-46.74455
DQN,1000,19,66000,100,115.0,-14.820872
DQN,1000,19,67000,100,792.0,-45.52762
DQN,1000,19,68000,100,112.0,-12.728745
DQN,1000,19,69000,100,200.0,-31.006088
DQN,1000,19,70000,100,150.66666666666666,-21.91175
DQN,1000,19,71000,100,292.3333333333333,-37.507458
DQN,1000,19,72000,100,288.0,-36.876606
DQN,1000,19,73000,100,157.66666666666666,-21.22037
DQN,1000,19,74000,100,203.66666666666663,-28.335625
DQN,1000,19,75000,100,2094.6666666666665,-38.91165
DQN,1000,19,76000,100,418.0,-38.46556
DQN,1000,19,77000,100,1321.0,-38.02872
DQN,1000,19,78000,100,138.66666666666666,-14.475341
DQN,1000,19,79000,100,415.3333333333333,-35.89214
DQN,1000,19,80000,100,121.66666666666669,-9.06125
DQN,1000,19,81000,100,149.0,-15.558498
DQN,1000,19,82000,100,113.0,-5.3487587
DQN,1000,19,83000,100,123.66666666666669,-8.241246
DQN,1000,19,84000,100,127.33333333333331,-8.788611
DQN,1000,19,85000,100,119.33333333333331,-5.736013
DQN,1000,19,86000,100,121.33333333333331,-5.495804
DQN,1000,19,87000,100,117.66666666666669,-3.7344005
DQN,1000,19,88000,100,126.66666666666669,-5.582171
DQN,1000,19,89000,100,145.0,-9.899821
DQN,1000,19,90000,100,150.66666666666666,-10.637652
DQN,1000,19,91000,100,122.0,-2.7703476
DQN,1000,19,92000,100,129.0,-4.162702
DQN,1000,19,93000,100,137.66666666666666,-5.8646774
DQN,1000,19,94000,100,176.0,-13.3385515
DQN,1000,19,95000,100,130.66666666666666,-2.822253
DQN,1000,19,96000,100,127.33333333333331,-1.1991526
DQN,1000,19,97000,100,133.33333333333334,-2.1024678
DQN,1000,19,98000,100,137.0,-2.168948
DQN,1000,19,99000,100,152.33333333333334,-5.179067
DQN,1000,19,100000,100,172.66666666666666,-8.54662
DDQN,535,10,1000,100,9.44,-9.032413
DDQN,535,10,2000,100,9.8,-6.5973315
DDQN,535,10,3000,100,323.52,-89.26495
DDQN,535,10,4000,100,239.96,-82.89081
DDQN,535,10,5000,100,220.68,-79.12912
DDQN,535,10,6000,100,230.2,-76.09283
DDQN,535,10,7000,100,178.08,-67.26577
DDQN,535,10,8000,100,155.24,-62.72533
DDQN,535,10,9000,100,169.08,-63.39778
DDQN,535,10,10000,100,210.76,-67.6091
DDQN,535,10,11000,100,262.12,-69.873985
DDQN,535,10,12000,100,256.2,-68.3092
DDQN,535,10,13000,100,239.92,-64.33918
DDQN,535,10,14000,100,254.24,-64.45068
DDQN,535,10,15000,100,129.68,-44.601387
DDQN,535,10,16000,100,140.68,-46.35812
DDQN,535,10,17000,100,137.84,-43.933872
DDQN,535,10,18000,100,135.8,-41.287785
DDQN,535,10,19000,100,139.56,-40.246925
DDQN,535,10,20000,100,137.48,-38.179287
DDQN,535,10,21000,100,134.44,-35.40126
DDQN,535,10,22000,100,134.04,-33.68636
DDQN,535,10,23000,100,125.32,-30.57348
DDQN,535,10,24000,100,128.04,-29.796087
DDQN,535,10,25000,100,132.32,-29.342047
DDQN,535,10,26000,100,129.44,-26.88208
DDQN,535,10,27000,100,147.84,-29.0025
DDQN,535,10,28000,100,130.44,-23.881529
DDQN,535,10,29000,100,124.92,-20.60164
DDQN,535,10,30000,100,128.52,-19.977423
DDQN,535,10,31000,100,128.08,-18.851862
DDQN,535,10,32000,100,138.2,-20.182524
DDQN,535,10,33000,100,138.2,-18.678783
DDQN,535,10,34000,100,127.52,-13.652365
DDQN,535,10,35000,100,140.44,-14.8684435
DDQN,535,10,36000,100,140.48,-13.66234
DDQN,535,10,37000,100,125.88,-8.174148
DDQN,535,10,38000,100,125.32,-6.1066856
DDQN,535,10,39000,100,127.76,-6.084785
DDQN,535,10,40000,100,126.08,-4.148868
DDQN,535,10,41000,100,118.28,-0.16901977
DDQN,535,10,42000,100,124.52,-0.30874756
DDQN,535,10,43000,100,125.28,1.1525646
DDQN,535,10,44000,100,122.52,3.3302524
DDQN,535,10,45000,100,128.32,3.1799045
DDQN,535,10,46000,100,111.0,9.290616
DDQN,535,10,47000,100,140.76,2.871206
DDQN,535,10,48000,100,252.0,-8.987733
DDQN,535,10,49000,100,197.52,-1.587096
DDQN,535,10,50000,100,241.52,-5.296777
DDQN,535,10,51000,100,163.68,5.111467
DDQN,535,10,52000,100,270.2,-5.126576
DDQN,535,10,53000,100,255.0,-3.0267425
DDQN,535,10,54000,100,261.28,-2.7909472
DDQN,535,10,55000,100,272.08,-2.7553773
DDQN,535,10,56000,100,210.32,3.5559015
DDQN,535,10,57000,100,186.28,7.0724792
DDQN,535,10,58000,100,266.52,1.8934491
DDQN,535,10,59000,100,256.48,2.337413
DDQN,535,10,60000,100,251.0,3.2062528
DDQN,535,10,61000,100,150.12,16.153675
DDQN,535,10,62000,100,240.72,5.359519
DDQN,535,10,63000,100,193.32,10.504736
DDQN,535,10,64000,100,158.8,17.748642
DDQN,535,10,65000,100,161.92,18.400803
DDQN,535,10,66000,100,181.08,16.081625
DDQN,535,10,67000,100,174.88,18.371662
DDQN,535,10,68000,100,162.4,21.674828
DDQN,535,10,69000,100,168.96,20.675264
DDQN,535,10,70000,100,184.84,19.15411
DDQN,535,10,71000,100,218.36,16.732578
DDQN,535,10,72000,100,250.92,14.818141
DDQN,535,10,73000,100,337.16,13.611504
DDQN,535,10,74000,100,500.0,10.211082
DDQN,535,10,75000,100,512.24,12.349326
DDQN,535,10,76000,100,320.08,19.871662
DDQN,535,10,77000,100,458.08,15.13782
DDQN,535,10,78000,100,506.2,16.06388
DDQN,535,10,79000,100,586.4,15.037398
DDQN,535,10,80000,100,621.4,15.950579
DDQN,535,10,81000,100,602.28,17.895636
DDQN,535,10,82000,100,569.0,18.80836
DDQN,535,10,83000,100,577.32,19.506826
DDQN,535,10,84000,100,555.96,20.460308
DDQN,535,10,85000,100,3000.0,21.026848
DDQN,535,10,86000,100,3000.0,21.978012
DDQN,535,10,87000,100,3000.0,22.271973
DDQN,535,10,88000,100,3000.0,23.132437
DDQN,535,10,89000,100,3000.0,23.989843
DDQN,535,10,90000,100,3000.0,24.50835
DDQN,535,10,91000,100,3000.0,25.250593
DDQN,535,10,92000,100,3000.0,25.326649
DDQN,535,10,93000,100,3000.0,25.765226
DDQN,535,10,94000,100,3000.0,26.57809
DDQN,535,10,95000,100,3000.0,26.754707
DDQN,535,10,96000,100,3000.0,27.209536
DDQN,535,10,97000,100,3000.0,27.534435
DDQN,535,10,98000,100,3000.0,27.617683
DDQN,535,10,99000,100,3000.0,27.71948
DDQN,535,10,100000,100,3000.0,28.121798
DDQN,535,11,1000,100,9.28,-8.900425
DDQN,535,11,2000,100,9.84,-6.6887383
DDQN,535,11,3000,100,436.24,-92.62579
DDQN,535,11,4000,100,299.32,-87.12094
DDQN,535,11,5000,100,237.56,-79.99737
DDQN,535,11,6000,100,188.96,-72.49223
DDQN,535,11,7000,100,172.16,-67.620804
DDQN,535,11,8000,100,181.08,-67.45922
DDQN,535,11,9000,100,178.2,-64.645546
DDQN,535,11,10000,100,186.32,-64.70888
DDQN,535,11,11000,100,183.96,-62.080944
DDQN,535,11,12000,100,191.96,-60.973087
DDQN,535,11,13000,100,200.04,-59.756367
DDQN,535,11,14000,100,183.64,-55.437862
DDQN,535,11,15000,100,211.64,-55.918724
DDQN,535,11,16000,100,214.16,-56.00752
DDQN,535,11,17000,100,215.6,-54.397358
DDQN,535,11,18000,100,227.92,-52.61437
DDQN,535,11,19000,100,223.0,-51.208843
DDQN,535,11,20000,100,265.88,-52.150482
DDQN,535,11,21000,100,177.52,-42.228424
DDQN,535,11,22000,100,251.76,-48.472286
DDQN,535,11,23000,100,241.24,-47.16371
DDQN,535,11,24000,100,254.2,-47.04713
DDQN,535,11,25000,100,3000.0,-53.572857
DDQN,535,11,26000,100,513.52,-48.90274
DDQN,535,11,27000,100,149.0,-27.348213
DDQN,535,11,28000,100,221.68,-38.644943
DDQN,535,11,29000,100,319.52,-40.895134
DDQN,535,11,30000,100,290.68,-40.1047
DDQN,535,11,31000,100,167.8,-26.889595
DDQN,535,11,32000,100,315.16,-39.856087
DDQN,535,11,33000,100,363.08,-39.94937
DDQN,535,11,34000,100,380.0,-38.295063
DDQN,535,11,35000,100,120.08,-10.339163
DDQN,535,11,36000,100,247.92,-26.570112
DDQN,535,11,37000,100,117.12,-7.0294733
DDQN,535,11,38000,100,135.6,-8.528504
DDQN,535,11,39000,100,233.32,-22.650105
DDQN,535,11,40000,100,283.2,-22.30656
DDQN,535,11,41000,100,112.56,-1.0951245
DDQN,535,11,42000,100,109.2,1.3796235
DDQN,535,11,43000,100,108.12,3.2511756
DDQN,535,11,44000,100,106.76,4.816154
DDQN,535,11,45000,100,245.32,-18.154718
DDQN,535,11,46000,100,109.4,5.267898
DDQN,535,11,47000,100,113.72,4.917102
DDQN,535,11,48000,100,122.52,3.7390726
DDQN,535,11,49000,100,126.96,3.215622
DDQN,535,11,50000,100,129.16,3.231768
DDQN,535,11,51000,100,121.24,6.225578
DDQN,535,11,52000,100,156.8,-1.5856634
DDQN,535,11,53000,100,111.32,10.652022
DDQN,535,11,54000,100,157.4,0.0006216431
DDQN,535,11,55000,100,119.4,9.135678
DDQN,535,11,56000,100,362.64,-14.801432
DDQN,535,11,57000,100,130.12,7.0334334
DDQN,535,11,58000,100,366.96,-15.728863
DDQN,535,11,59000,100,347.88,-12.139495
DDQN,535,11,60000,100,301.56,-11.689866
DDQN,535,11,61000,100,115.44,15.015489
DDQN,535,11,62000,100,308.88,-10.968087
DDQN,535,11,63000,100,1084.08,-11.786579
DDQN,535,11,64000,100,316.56,-10.903429
DDQN,535,11,65000,100,328.04,-10.205275
DDQN,535,11,66000,100,289.48,-7.970453
DDQN,535,11,67000,100,277.76,-6.250464
DDQN,535,11,68000,100,248.92,0.55087125
DDQN,535,11,69000,100,248.76,2.178833
DDQN,535,11,70000,100,242.32,3.2671356
DDQN,535,11,71000,100,251.68,4.5060244
DDQN,535,11,72000,100,276.04,1.5317218
DDQN,535,11,73000,100,277.72,1.9445468
DDQN,535,11,74000,100,508.52,-4.1056724
DDQN,535,11,75000,100,640.4,-6.3084655
DDQN,535,11,76000,100,694.2,-5.4553194
DDQN,535,11,77000,100,740.36,-4.910173
DDQN,535,11,78000,100,1470.88,-3.3636892
DDQN,535,11,79000,100,760.92,-2.0957718
DDQN,535,11,80000,100,252.88,7.516529
DDQN,535,11,81000,100,364.32,7.8086147
DDQN,535,11,82000,100,2890.24,2.0483673
DDQN,535,11,83000,100,195.84,18.258713
DDQN,535,11,84000,100,2342.96,7.117937
DDQN,535,11,85000,100,3000.0,7.0134473
DDQN,535,11,86000,100,3000.0,8.892296
DDQN,535,11,87000,100,3000.0,10.3852415
DDQN,535,11,88000,100,3000.0,12.512886
DDQN,535,11,89000,100,3000.0,14.0318775
DDQN,535,11,90000,100,3000.0,15.091828
DDQN,535,11,91000,100,3000.0,15.805233
DDQN,535,11,92000,100,3000.0,16.164993
DDQN,535,11,93000,100,3000.0,16.773754
DDQN,535,11,94000,100,3000.0,17.507729
DDQN,535,11,95000,100,3000.0,18.738327
DDQN,535,11,96000,100,3000.0,19.291618
DDQN,535,11,97000,100,3000.0,19.919874
DDQN,535,11,98000,100,3000.0,20.722973
DDQN,535,11,99000,100,3000.0,21.548674
DDQN,535,11,100000,100,3000.0,22.27493
DDQN,535,12,1000,100,9.28,-8.828122
DDQN,535,12,2000,100,13.08,-9.5126915
DDQN,535,12,3000,100,771.28,-95.04786
DDQN,535,12,4000,100,300.4,-86.957245
DDQN,535,12,5000,100,230.92,-80.36513
DDQN,535,12,6000,100,188.56,-72.72151
DDQN,535,12,7000,100,171.08,-67.24407
DDQN,535,12,8000,100,145.92,-60.782738
DDQN,535,12,9000,100,154.4,-60.7395
DDQN,535,12,10000,100,166.84,-60.52973
DDQN,535,12,11000,100,162.08,-57.776928
DDQN,535,12,12000,100,167.08,-56.585888
DDQN,535,12,13000,100,169.52,-53.074898
DDQN,535,12,14000,100,172.68,-52.999245
DDQN,535,12,15000,100,157.08,-48.499134
DDQN,535,12,16000,100,177.96,-50.48551
DDQN,535,12,17000,100,160.24,-46.358925
DDQN,535,12,18000,100,181.28,-48.11004
DDQN,535,12,19000,100,175.2,-45.78911
DDQN,535,12,20000,100,191.08,-47.372074
DDQN,535,12,21000,100,165.76,-41.446465
DDQN,535,12,22000,100,139.72,-34.31124
DDQN,535,12,23000,100,151.52,-36.35942
DDQN,535,12,24000,100,158.92,-36.22959
DDQN,535,12,25000,100,153.2,-33.478596
DDQN,535,12,26000,100,144.56,-30.157194
DDQN,535,12,27000,100,140.68,-27.84081
DDQN,535,12,28000,100,141.56,-26.353237
DDQN,535,12,29000,100,132.24,-22.625744
DDQN,535,12,30000,100,167.72,-29.068304
DDQN,535,12,31000,100,134.4,-21.20642
DDQN,535,12,32000,100,154.0,-23.999746
DDQN,535,12,33000,100,150.24,-21.853601
DDQN,535,12,34000,100,178.36,-25.256863
DDQN,535,12,35000,100,173.88,-22.993603
DDQN,535,12,36000,100,136.96,-14.61362
DDQN,535,12,37000,100,184.76,-23.050766
DDQN,535,12,38000,100,201.76,-23.677683
DDQN,535,12,39000,100,182.56,-17.536762
DDQN,535,12,40000,100,180.8,-17.522299
DDQN,535,12,41000,100,153.88,-12.442788
DDQN,535,12,42000,100,195.88,-18.038912
DDQN,535,12,43000,100,159.92,-10.662541
DDQN,535,12,44000,100,150.68,-8.016711
DDQN,535,12,45000,100,213.36,-17.457207
DDQN,535,12,46000,100,190.52,-13.9236965
DDQN,535,12,47000,100,187.76,-10.512544
DDQN,535,12,48000,100,120.4,2.792756
DDQN,535,12,49000,100,119.12,3.9207418
DDQN,535,12,50000,100,124.52,3.6266592
DDQN,535,12,51000,100,187.84,-5.616832
DDQN,535,12,52000,100,232.24,-12.932081
DDQN,535,12,53000,100,230.48,-11.372978
DDQN,535,12,54000,100,311.6,-17.03914
DDQN,535,12,55000,100,273.24,-13.629441
DDQN,535,12,56000,100,232.16,-9.783268
DDQN,535,12,57000,100,331.8,-15.15151
DDQN,535,12,58000,100,217.56,-6.4421973
DDQN,535,12,59000,100,275.12,-10.298145
DDQN,535,12,60000,100,341.12,-12.980068
DDQN,535,12,61000,100,342.4,-11.23559
DDQN,535,12,62000,100,361.4,-13.612161
DDQN,535,12,63000,100,195.0,-1.7703934
DDQN,535,12,64000,100,388.36,-12.44898
DDQN,535,12,65000,100,366.04,-11.341222
DDQN,535,12,66000,100,1091.8,-13.045193
DDQN,535,12,67000,100,301.64,-7.9164577
DDQN,535,12,68000,100,286.32,-6.532736
DDQN,535,12,69000,100,367.96,-9.224081
DDQN,535,12,70000,100,2243.48,-10.829891
DDQN,535,12,71000,100,3000.0,-12.012268
DDQN,535,12,72000,100,3000.0,-11.562623
DDQN,535,12,73000,100,404.36,-6.772411
DDQN,535,12,74000,100,307.32,-5.562088
DDQN,535,12,75000,100,439.72,-8.479771
DDQN,535,12,76000,100,695.68,-8.870123
DDQN,535,12,77000,100,586.24,-7.2791457
DDQN,535,12,78000,100,350.32,-6.2573256
DDQN,535,12,79000,100,287.92,-3.9122357
DDQN,535,12,80000,100,3000.0,-9.375616
DDQN,535,12,81000,100,350.44,-3.4416685
DDQN,535,12,82000,100,3000.0,-8.964178
DDQN,535,12,83000,100,1964.6,-7.2327824
DDQN,535,12,84000,100,288.6,-2.5484817
DDQN,535,12,85000,100,2336.96,-7.5359483
DDQN,535,12,86000,100,3000.0,-8.145661
DDQN,535,12,87000,100,3000.0,-7.820556
DDQN,535,12,88000,100,2443.76,-5.355216
DDQN,535,12,89000,100,2348.16,-5.9212823
DDQN,535,12,90000,100,3000.0,-7.1116276
DDQN,535,12,91000,100,3000.0,-6.49845
DDQN,535,12,92000,100,3000.0,-6.495959
DDQN,535,12,93000,100,3000.0,-6.460985
DDQN,535,12,94000,100,3000.0,-6.294852
DDQN,535,12,95000,100,3000.0,-5.660597
DDQN,535,12,96000,100,3000.0,-5.517124
DDQN,535,12,97000,100,3000.0,-5.072711
DDQN,535,12,98000,100,2891.16,-4.722802
DDQN,535,12,99000,100,3000.0,-4.8868127
DDQN,535,12,100000,100,3000.0,-4.909398
DDQN,535,13,1000,100,10.56,-10.078116
DDQN,535,13,2000,100,10.56,-7.190764
DDQN,535,13,3000,100,155.56,-73.47237
DDQN,535,13,4000,100,200.92,-78.54442
DDQN,535,13,5000,100,203.16,-76.92807
DDQN,535,13,6000,100,225.4,-76.90948
DDQN,535,13,7000,100,248.36,-77.18252
DDQN,535,13,8000,100,195.44,-69.38716
DDQN,535,13,9000,100,209.8,-69.8771
DDQN,535,13,10000,100,225.72,-70.25719
DDQN,535,13,11000,100,225.04,-68.23688
DDQN,535,13,12000,100,240.92,-67.3989
DDQN,535,13,13000,100,249.4,-65.62822
DDQN,535,13,14000,100,261.44,-65.14609
DDQN,535,13,15000,100,249.08,-62.795204
DDQN,535,13,16000,100,172.6,-52.164623
DDQN,535,13,17000,100,115.12,-36.984055
DDQN,535,13,18000,100,126.44,-38.582844
DDQN,535,13,19000,100,147.96,-42.729435
DDQN,535,13,20000,100,132.56,-37.558506
DDQN,535,13,21000,100,128.56,-34.83528
DDQN,535,13,22000,100,117.4,-29.74635
DDQN,535,13,23000,100,132.16,-33.364334
DDQN,535,13,24000,100,131.52,-31.712584
DDQN,535,13,25000,100,126.6,-28.521482
DDQN,535,13,26000,100,126.88,-26.562933
DDQN,535,13,27000,100,112.72,-21.33839
DDQN,535,13,28000,100,118.68,-21.385204
DDQN,535,13,29000,100,118.84,-20.13183
DDQN,535,13,30000,100,114.88,-17.001856
DDQN,535,13,31000,100,126.56,-19.603262
DDQN,535,13,32000,100,157.64,-25.84614
DDQN,535,13,33000,100,173.88,-26.804077
DDQN,535,13,34000,100,140.04,-18.426285
DDQN,535,13,35000,100,128.96,-14.236909
DDQN,535,13,36000,100,127.48,-12.288036
DDQN,535,13,37000,100,131.92,-12.156629
DDQN,535,13,38000,100,111.92,-5.276639
DDQN,535,13,39000,100,103.52,-1.6895242
DDQN,535,13,40000,100,117.76,-5.1115556
DDQN,535,13,41000,100,108.52,-0.36401582
DDQN,535,13,42000,100,113.2,-0.35417634
DDQN,535,13,43000,100,112.64,1.052178
DDQN,535,13,44000,100,113.92,2.4696212
DDQN,535,13,45000,100,112.56,3.903224
DDQN,535,13,46000,100,107.92,5.6116285
DDQN,535,13,47000,100,123.36,2.3193665
DDQN,535,13,48000,100,101.52,10.50191
DDQN,535,13,49000,100,108.0,9.528793
DDQN,535,13,50000,100,103.76,12.571511
DDQN,535,13,51000,100,103.56,13.980137
DDQN,535,13,52000,100,103.2,16.002073
DDQN,535,13,53000,100,104.88,16.940445
DDQN,535,13,54000,100,105.64,16.966158
DDQN,535,13,55000,100,115.92,15.313608
DDQN,535,13,56000,100,136.8,10.976934
DDQN,535,13,57000,100,134.0,12.340176
DDQN,535,13,58000,100,152.28,9.839233
DDQN,535,13,59000,100,162.12,7.7083435
DDQN,535,13,60000,100,147.8,11.199524
DDQN,535,13,61000,100,131.04,15.646496
DDQN,535,13,62000,100,200.72,3.3020735
DDQN,535,13,63000,100,163.2,10.069813
DDQN,535,13,64000,100,177.16,9.178638
DDQN,535,13,65000,100,216.0,5.147892
DDQN,535,13,66000,100,190.96,8.509161
DDQN,535,13,67000,100,184.0,10.232696
DDQN,535,13,68000,100,225.08,7.976011
DDQN,535,13,69000,100,287.76,6.1284313
DDQN,535,13,70000,100,205.6,10.896004
DDQN,535,13,71000,100,239.56,8.068851
DDQN,535,13,72000,100,396.32,1.8443836
DDQN,535,13,73000,100,631.96,-3.0294688
DDQN,535,13,74000,100,602.52,2.588091
DDQN,535,13,75000,100,534.48,-1.2319626
DDQN,535,13,76000,100,549.76,-0.27800843
DDQN,535,13,77000,100,525.6,1.2497711
DDQN,535,13,78000,100,336.32,11.301059
DDQN,535,13,79000,100,1966.56,3.4952478
DDQN,535,13,80000,100,3000.0,5.5823865
DDQN,535,13,81000,100,3000.0,7.655969
DDQN,535,13,82000,100,3000.0,9.560902
DDQN,535,13,83000,100,3000.0,11.113003
DDQN,535,13,84000,100,3000.0,12.867462
DDQN,535,13,85000,100,3000.0,14.266875
DDQN,535,13,86000,100,3000.0,15.386447
DDQN,535,13,87000,100,3000.0,16.697529
DDQN,535,13,88000,100,3000.0,17.940767
DDQN,535,13,89000,100,3000.0,18.759302
DDQN,535,13,90000,100,3000.0,19.434368
DDQN,535,13,91000,100,3000.0,19.980188
DDQN,535,13,92000,100,3000.0,20.183393
DDQN,535,13,93000,100,3000.0,19.662598
DDQN,535,13,94000,100,3000.0,19.694479
DDQN,535,13,95000,100,3000.0,19.367167
DDQN,535,13,96000,100,3000.0,19.839241
DDQN,535,13,97000,100,3000.0,19.692442
DDQN,535,13,98000,100,3000.0,19.690306
DDQN,535,13,99000,100,3000.0,20.04703
DDQN,535,13,100000,100,3000.0,20.81571
DDQN,535,14,1000,100,9.44,-9.00862
DDQN,535,14,2000,100,14.8,-11.134022
DDQN,535,14,3000,100,159.48,-56.008236
DDQN,535,14,4000,100,394.92,-90.55742
DDQN,535,14,5000,100,253.12,-81.9158
DDQN,535,14,6000,100,224.32,-76.46411
DDQN,535,14,7000,100,181.6,-69.05468
DDQN,535,14,8000,100,169.52,-65.19621
DDQN,535,14,9000,100,196.92,-68.05716
DDQN,535,14,10000,100,175.24,-62.73831
DDQN,535,14,11000,100,197.2,-64.319046
DDQN,535,14,12000,100,194.64,-61.921803
DDQN,535,14,13000,100,170.16,-57.22551
DDQN,535,14,14000,100,147.2,-50.36928
DDQN,535,14,15000,100,186.52,-55.88616
DDQN,535,14,16000,100,191.4,-55.61921
DDQN,535,14,17000,100,211.88,-56.572758
DDQN,535,14,18000,100,164.44,-48.312984
DDQN,535,14,19000,100,254.56,-55.495846
DDQN,535,14,20000,100,138.44,-39.438602
DDQN,535,14,21000,100,140.24,-38.193947
DDQN,535,14,22000,100,142.96,-37.393505
DDQN,535,14,23000,100,172.12,-42.745514
DDQN,535,14,24000,100,163.48,-39.417904
DDQN,535,14,25000,100,244.88,-48.600967
DDQN,535,14,26000,100,309.0,-50.61797
DDQN,535,14,27000,100,246.0,-42.93862
DDQN,535,14,28000,100,130.8,-25.220982
DDQN,535,14,29000,100,247.68,-40.45005
DDQN,535,14,30000,100,148.84,-25.598608
DDQN,535,14,31000,100,175.28,-28.604761
DDQN,535,14,32000,100,148.28,-25.916664
DDQN,535,14,33000,100,188.6,-28.623213
DDQN,535,14,34000,100,174.4,-23.76834
DDQN,535,14,35000,100,185.44,-24.138878
DDQN,535,14,36000,100,112.2,-10.4893265
DDQN,535,14,37000,100,106.32,-7.5344024
DDQN,535,14,38000,100,109.88,-6.7708397
DDQN,535,14,39000,100,107.44,-5.966031
DDQN,535,14,40000,100,102.2,-2.6514692
DDQN,535,14,41000,100,104.6,-1.959635
DDQN,535,14,42000,100,115.6,-2.9186187
DDQN,535,14,43000,100,115.68,-2.338164
DDQN,535,14,44000,100,113.0,0.20118713
DDQN,535,14,45000,100,114.2,0.8399179
DDQN,535,14,46000,100,111.48,1.1707343
DDQN,535,14,47000,100,105.52,4.6665783
DDQN,535,14,48000,100,111.64,4.0184174
DDQN,535,14,49000,100,111.0,4.965491
DDQN,535,14,50000,100,113.16,5.454721
DDQN,535,14,51000,100,111.0,7.3339977
DDQN,535,14,52000,100,119.0,5.5050645
DDQN,535,14,53000,100,116.12,7.631304
DDQN,535,14,54000,100,116.44,7.725525
DDQN,535,14,55000,100,125.44,5.988748
DDQN,535,14,56000,100,111.8,10.996512
DDQN,535,14,57000,100,112.92,11.331082
DDQN,535,14,58000,100,115.32,11.556165
DDQN,535,14,59000,100,116.6,12.084677
DDQN,535,14,60000,100,118.68,12.082342
DDQN,535,14,61000,100,121.48,12.148947
DDQN,535,14,62000,100,120.76,12.911311
DDQN,535,14,63000,100,118.08,14.930019
DDQN,535,14,64000,100,118.72,15.05623
DDQN,535,14,65000,100,126.32,13.930692
DDQN,535,14,66000,100,123.24,15.643318
DDQN,535,14,67000,100,133.08,13.786968
DDQN,535,14,68000,100,134.12,14.168003
DDQN,535,14,69000,100,135.04,14.437116
DDQN,535,14,70000,100,136.16,14.523785
DDQN,535,14,71000,100,133.04,16.295864
DDQN,535,14,72000,100,150.92,12.451563
DDQN,535,14,73000,100,152.12,15.004177
DDQN,535,14,74000,100,165.48,10.8276415
DDQN,535,14,75000,100,189.88,7.9136257
DDQN,535,14,76000,100,211.52,6.1864357
DDQN,535,14,77000,100,267.12,1.9801215
DDQN,535,14,78000,100,261.16,1.6706915
DDQN,535,14,79000,100,439.08,-2.4509132
DDQN,535,14,80000,100,309.36,-1.1137674
DDQN,535,14,81000,100,300.68,0.52455443
DDQN,535,14,82000,100,320.4,-0.67894864
DDQN,535,14,83000,100,295.88,0.56406313
DDQN,535,14,84000,100,263.64,3.349607
DDQN,535,14,85000,100,290.92,2.5675466
DDQN,535,14,86000,100,334.92,1.538371
DDQN,535,14,87000,100,327.12,3.0348039
DDQN,535,14,88000,100,302.08,5.1135526
DDQN,535,14,89000,100,302.96,6.1198597
DDQN,535,14,90000,100,278.24,8.139561
DDQN,535,14,91000,100,276.44,8.863951
DDQN,535,14,92000,100,286.64,8.295167
DDQN,535,14,93000,100,271.68,9.834551
DDQN,535,14,94000,100,256.84,11.007483
DDQN,535,14,95000,100,345.56,6.97214
DDQN,535,14,96000,100,416.2,6.0575013
DDQN,535,14,97000,100,3000.0,5.0112567
DDQN,535,14,98000,100,3000.0,5.5717483
DDQN,535,14,99000,100,3000.0,6.492767
DDQN,535,14,100000,100,3000.0,6.957487
DDQN,535,15,1000,100,9.28,-8.852837
DDQN,535,15,2000,100,11.6,-8.238247
DDQN,535,15,3000,100,212.76,-81.12468
DDQN,535,15,4000,100,170.44,-72.70104
DDQN,535,15,5000,100,189.76,-74.89465
DDQN,535,15,6000,100,184.12,-71.674164
DDQN,535,15,7000,100,177.28,-68.24704
DDQN,535,15,8000,100,192.8,-69.4935
DDQN,535,15,9000,100,194.28,-67.842606
DDQN,535,15,10000,100,193.8,-65.83565
DDQN,535,15,11000,100,220.28,-66.49913
DDQN,535,15,12000,100,216.92,-64.6331
DDQN,535,15,13000,100,242.12,-63.53272
DDQN,535,15,14000,100,229.04,-61.134502
DDQN,535,15,15000,100,217.16,-58.17756
DDQN,535,15,16000,100,268.2,-61.50809
DDQN,535,15,17000,100,330.76,-61.332855
DDQN,535,15,18000,100,232.4,-55.91959
DDQN,535,15,19000,100,233.48,-54.10467
DDQN,535,15,20000,100,747.48,-58.09221
DDQN,535,15,21000,100,1149.56,-55.94929
DDQN,535,15,22000,100,807.48,-57.906967
DDQN,535,15,23000,100,391.0,-54.53027
DDQN,535,15,24000,100,257.72,-43.482285
DDQN,535,15,25000,100,308.12,-47.153038
DDQN,535,15,26000,100,352.4,-47.79642
DDQN,535,15,27000,100,292.68,-44.539597
DDQN,535,15,28000,100,174.76,-28.675186
DDQN,535,15,29000,100,187.24,-30.060736
DDQN,535,15,30000,100,172.6,-27.04101
DDQN,535,15,31000,100,132.8,-19.681906
DDQN,535,15,32000,100,198.0,-29.492617
DDQN,535,15,33000,100,213.64,-29.618952
DDQN,535,15,34000,100,182.08,-23.774693
DDQN,535,15,35000,100,178.28,-22.642126
DDQN,535,15,36000,100,181.4,-21.240345
DDQN,535,15,37000,100,169.56,-18.55392
DDQN,535,15,38000,100,169.4,-17.283325
DDQN,535,15,39000,100,170.84,-17.045412
DDQN,535,15,40000,100,172.72,-15.848553
DDQN,535,15,41000,100,138.72,-8.144936
DDQN,535,15,42000,100,188.4,-16.70999
DDQN,535,15,43000,100,198.92,-16.670738
DDQN,535,15,44000,100,176.28,-12.389513
DDQN,535,15,45000,100,144.76,-3.9432964
DDQN,535,15,46000,100,259.44,-16.616425
DDQN,535,15,47000,100,219.68,-7.6045547
DDQN,535,15,48000,100,307.04,-20.018898
DDQN,535,15,49000,100,318.52,-18.466738
DDQN,535,15,50000,100,488.0,-19.511883
DDQN,535,15,51000,100,805.44,-22.36254
DDQN,535,15,52000,100,153.08,-1.5432947
DDQN,535,15,53000,100,135.76,3.5008512
DDQN,535,15,54000,100,160.64,-1.4666605
DDQN,535,15,55000,100,130.72,5.896422
DDQN,535,15,56000,100,140.04,4.272746
DDQN,535,15,57000,100,144.76,4.0680003
DDQN,535,15,58000,100,171.48,-0.55720156
DDQN,535,15,59000,100,190.96,-2.7907486
DDQN,535,15,60000,100,159.8,3.3737154
DDQN,535,15,61000,100,184.92,-0.40325224
DDQN,535,15,62000,100,178.84,0.96279174
DDQN,535,15,63000,100,271.48,-6.2107983
DDQN,535,15,64000,100,161.64,5.4024878
DDQN,535,15,65000,100,169.68,4.758831
DDQN,535,15,66000,100,175.16,4.3287187
DDQN,535,15,67000,100,220.36,0.20514221
DDQN,535,15,68000,100,367.76,-8.202603
DDQN,535,15,69000,100,403.28,-10.523667
DDQN,535,15,70000,100,191.08,3.1806583
DDQN,535,15,71000,100,170.6,7.1283402
DDQN,535,15,72000,100,169.6,7.3348494
DDQN,535,15,73000,100,191.68,4.5165834
DDQN,535,15,74000,100,160.4,10.340603
DDQN,535,15,75000,100,224.28,2.0866659
DDQN,535,15,76000,100,336.52,-5.8592725
DDQN,535,15,77000,100,347.68,-5.9866486
DDQN,535,15,78000,100,400.12,-6.549007
DDQN,535,15,79000,100,330.08,-4.560753
DDQN,535,15,80000,100,375.12,-5.5479
DDQN,535,15,81000,100,402.08,-5.7956257
DDQN,535,15,82000,100,387.24,-5.26998
DDQN,535,15,83000,100,421.52,-5.6200733
DDQN,535,15,84000,100,396.2,-4.527547
DDQN,535,15,85000,100,447.12,-5.136675
DDQN,535,15,86000,100,440.68,-5.0355315
DDQN,535,15,87000,100,433.2,-4.7007847
DDQN,535,15,88000,100,474.24,-5.024913
DDQN,535,15,89000,100,607.28,-5.0665483
DDQN,535,15,90000,100,2912.28,-5.195775
DDQN,535,15,91000,100,579.04,-4.5508623
DDQN,535,15,92000,100,3000.0,-4.797724
DDQN,535,15,93000,100,3000.0,-4.3242636
DDQN,535,15,94000,100,3000.0,-4.011122
DDQN,535,15,95000,100,3000.0,-3.5593512
DDQN,535,15,96000,100,3000.0,-3.1675131
DDQN,535,15,97000,100,3000.0,-3.2501671
DDQN,535,15,98000,100,3000.0,-3.1712818
DDQN,535,15,99000,100,3000.0,-2.7253263
DDQN,535,15,100000,100,3000.0,-2.7202377
DDQN,535,16,1000,100,9.44,-9.077558
DDQN,535,16,2000,100,12.16,-8.828862
DDQN,535,16,3000,100,21.88,-14.947209
DDQN,535,16,4000,100,323.6,-88.63439
DDQN,535,16,5000,100,196.16,-75.398796
DDQN,535,16,6000,100,194.96,-73.21294
DDQN,535,16,7000,100,211.72,-73.570335
DDQN,535,16,8000,100,231.0,-74.82712
DDQN,535,16,9000,100,225.28,-72.39957
DDQN,535,16,10000,100,229.08,-70.51052
DDQN,535,16,11000,100,212.32,-66.30795
DDQN,535,16,12000,100,234.04,-66.05742
DDQN,535,16,13000,100,228.12,-63.692364
DDQN,535,16,14000,100,241.8,-62.55319
DDQN,535,16,15000,100,212.72,-57.08327
DDQN,535,16,16000,100,223.72,-57.73734
DDQN,535,16,17000,100,216.72,-55.833847
DDQN,535,16,18000,100,160.4,-45.654034
DDQN,535,16,19000,100,169.32,-45.547836
DDQN,535,16,20000,100,173.92,-44.876163
DDQN,535,16,21000,100,161.6,-40.798912
DDQN,535,16,22000,100,165.4,-40.09851
DDQN,535,16,23000,100,186.68,-42.90747
DDQN,535,16,24000,100,479.4,-54.40111
DDQN,535,16,25000,100,216.28,-36.090767
DDQN,535,16,26000,100,120.6,-23.45066
DDQN,535,16,27000,100,143.68,-24.128136
DDQN,535,16,28000,100,456.04,-45.391125
DDQN,535,16,29000,100,126.8,-19.742987
DDQN,535,16,30000,100,282.52,-36.425514
DDQN,535,16,31000,100,129.76,-20.41464
DDQN,535,16,32000,100,271.4,-38.810177
DDQN,535,16,33000,100,239.72,-34.273067
DDQN,535,16,34000,100,126.0,-14.685011
DDQN,535,16,35000,100,132.52,-15.834695
DDQN,535,16,36000,100,138.52,-15.22954
DDQN,535,16,37000,100,236.16,-29.603977
DDQN,535,16,38000,100,124.84,-10.265619
DDQN,535,16,39000,100,141.0,-13.313188
DDQN,535,16,40000,100,236.24,-27.06728
DDQN,535,16,41000,100,223.28,-24.624876
DDQN,535,16,42000,100,216.28,-22.858238
DDQN,535,16,43000,100,205.84,-21.080452
DDQN,535,16,44000,100,217.32,-19.209255
DDQN,535,16,45000,100,157.2,-9.492652
DDQN,535,16,46000,100,174.64,-13.631482
DDQN,535,16,47000,100,153.4,-6.7318935
DDQN,535,16,48000,100,158.88,-7.7555285
DDQN,535,16,49000,100,246.4,-20.661562
DDQN,535,16,50000,100,188.56,-9.334363
DDQN,535,16,51000,100,146.92,-5.242866
DDQN,535,16,52000,100,224.0,-7.852202
DDQN,535,16,53000,100,201.04,-11.32628
DDQN,535,16,54000,100,187.6,-7.8434973
DDQN,535,16,55000,100,131.72,2.1504083
DDQN,535,16,56000,100,159.08,-2.7809222
DDQN,535,16,57000,100,168.28,-3.2934976
DDQN,535,16,58000,100,186.52,-4.9126244
DDQN,535,16,59000,100,374.64,-15.917736
DDQN,535,16,60000,100,349.52,-14.703462
DDQN,535,16,61000,100,646.92,-13.12384
DDQN,535,16,62000,100,3000.0,-17.239325
DDQN,535,16,63000,100,2267.76,-15.839995
DDQN,535,16,64000,100,567.52,-12.80902
DDQN,535,16,65000,100,354.96,-9.469525
DDQN,535,16,66000,100,374.84,-11.526284
DDQN,535,16,67000,100,355.48,-10.660382
DDQN,535,16,68000,100,285.76,-6.853171
DDQN,535,16,69000,100,245.56,-3.8102813
DDQN,535,16,70000,100,338.6,-7.907536
DDQN,535,16,71000,100,3000.0,-11.350663
DDQN,535,16,72000,100,2016.56,-10.803292
DDQN,535,16,73000,100,570.76,-7.248456
DDQN,535,16,74000,100,1954.48,-10.411588
DDQN,535,16,75000,100,494.12,-9.333147
DDQN,535,16,76000,100,524.12,-8.766444
DDQN,535,16,77000,100,839.2,-9.086007
DDQN,535,16,78000,100,3000.0,-8.7765665
DDQN,535,16,79000,100,3000.0,-8.494185
DDQN,535,16,80000,100,3000.0,-8.147929
DDQN,535,16,81000,100,3000.0,-7.718369
DDQN,535,16,82000,100,3000.0,-7.279668
DDQN,535,16,83000,100,3000.0,-6.791984
DDQN,535,16,84000,100,3000.0,-6.148995
DDQN,535,16,85000,100,3000.0,-6.1242466
DDQN,535,16,86000,100,3000.0,-5.957892
DDQN,535,16,87000,100,3000.0,-5.7836266
DDQN,535,16,88000,100,3000.0,-5.5145917
DDQN,535,16,89000,100,3000.0,-5.3072753
DDQN,535,16,90000,100,3000.0,-5.0481906
DDQN,535,16,91000,100,3000.0,-4.9675636
DDQN,535,16,92000,100,3000.0,-4.8415513
DDQN,535,16,93000,100,3000.0,-4.695416
DDQN,535,16,94000,100,3000.0,-4.427623
DDQN,535,16,95000,100,3000.0,-4.274387
DDQN,535,16,96000,100,3000.0,-4.046425
DDQN,535,16,97000,100,3000.0,-3.8874097
DDQN,535,16,98000,100,3000.0,-3.8666937
DDQN,535,16,99000,100,3000.0,-3.9057305
DDQN,535,16,100000,100,3000.0,-3.8014693
DDQN,535,17,1000,100,9.28,-8.903303
DDQN,535,17,2000,100,11.76,-8.614238
DDQN,535,17,3000,100,136.84,-65.084755
DDQN,535,17,4000,100,354.04,-90.04357
DDQN,535,17,5000,100,239.96,-80.35914
DDQN,535,17,6000,100,188.84,-72.26047
DDQN,535,17,7000,100,178.96,-68.08106
DDQN,535,17,8000,100,176.08,-67.34144
DDQN,535,17,9000,100,172.88,-65.41717
DDQN,535,17,10000,100,176.2,-64.06413
DDQN,535,17,11000,100,177.32,-62.053795
DDQN,535,17,12000,100,194.0,-62.6519
DDQN,535,17,13000,100,191.32,-59.98378
DDQN,535,17,14000,100,166.76,-55.341663
DDQN,535,17,15000,100,198.68,-58.9736
DDQN,535,17,16000,100,156.6,-51.027115
DDQN,535,17,17000,100,157.96,-49.678757
DDQN,535,17,18000,100,117.6,-37.846928
DDQN,535,17,19000,100,117.64,-36.041306
DDQN,535,17,20000,100,126.8,-36.716293
DDQN,535,17,21000,100,114.4,-31.831976
DDQN,535,17,22000,100,141.96,-37.997086
DDQN,535,17,23000,100,147.2,-37.679554
DDQN,535,17,24000,100,126.2,-31.016714
DDQN,535,17,25000,100,273.56,-50.432396
DDQN,535,17,26000,100,142.76,-32.032326
DDQN,535,17,27000,100,225.96,-44.0422
DDQN,535,17,28000,100,390.8,-50.52961
DDQN,535,17,29000,100,304.64,-46.515167
DDQN,535,17,30000,100,283.36,-43.691235
DDQN,535,17,31000,100,263.16,-41.672455
DDQN,535,17,32000,100,308.08,-39.479637
DDQN,535,17,33000,100,295.84,-41.72651
DDQN,535,17,34000,100,209.64,-30.543535
DDQN,535,17,35000,100,375.6,-40.258858
DDQN,535,17,36000,100,112.84,-9.996482
DDQN,535,17,37000,100,354.04,-36.538395
DDQN,535,17,38000,100,319.28,-33.949352
DDQN,535,17,39000,100,145.48,-16.690166
DDQN,535,17,40000,100,131.76,-11.888187
DDQN,535,17,41000,100,129.16,-9.461065
DDQN,535,17,42000,100,141.52,-10.774104
DDQN,535,17,43000,100,340.24,-30.29907
DDQN,535,17,44000,100,330.64,-28.3981
DDQN,535,17,45000,100,192.36,-14.552556
DDQN,535,17,46000,100,185.88,-12.797384
DDQN,535,17,47000,100,153.92,-7.263216
DDQN,535,17,48000,100,142.6,-3.1343143
DDQN,535,17,49000,100,136.68,-0.20306641
DDQN,535,17,50000,100,364.12,-21.968603
DDQN,535,17,51000,100,144.96,0.749003
DDQN,535,17,52000,100,385.0,-19.604645
DDQN,535,17,53000,100,131.72,7.53705
DDQN,535,17,54000,100,144.48,5.3149166
DDQN,535,17,55000,100,154.6,4.112359
DDQN,535,17,56000,100,144.08,7.684341
DDQN,535,17,57000,100,142.88,9.315363
DDQN,535,17,58000,100,138.92,11.453753
DDQN,535,17,59000,100,149.44,10.084938
DDQN,535,17,60000,100,148.48,11.301162
DDQN,535,17,61000,100,157.04,10.72481
DDQN,535,17,62000,100,158.28,10.961074
DDQN,535,17,63000,100,374.72,-5.38411
DDQN,535,17,64000,100,360.04,-3.792099
DDQN,535,17,65000,100,360.08,-2.2862785
DDQN,535,17,66000,100,164.0,15.875758
DDQN,535,17,67000,100,375.64,0.24350983
DDQN,535,17,68000,100,338.04,4.256179
DDQN,535,17,69000,100,364.04,2.0422485
DDQN,535,17,70000,100,969.2,0.8850033
DDQN,535,17,71000,100,457.36,2.9139361
DDQN,535,17,72000,100,3000.0,2.9234052
DDQN,535,17,73000,100,3000.0,4.734577
DDQN,535,17,74000,100,3000.0,5.811453
DDQN,535,17,75000,100,3000.0,6.6492825
DDQN,535,17,76000,100,3000.0,7.9293838
DDQN,535,17,77000,100,3000.0,8.388562
DDQN,535,17,78000,100,3000.0,9.080506
DDQN,535,17,79000,100,3000.0,10.079826
DDQN,535,17,80000,100,3000.0,10.592219
DDQN,535,17,81000,100,3000.0,11.2305765
DDQN,535,17,82000,100,3000.0,11.591903
DDQN,535,17,83000,100,3000.0,11.679396
DDQN,535,17,84000,100,3000.0,11.763113
DDQN,535,17,85000,100,3000.0,11.655483
DDQN,535,17,86000,100,3000.0,12.474386
DDQN,535,17,87000,100,3000.0,12.950681
DDQN,535,17,88000,100,3000.0,13.454754
DDQN,535,17,89000,100,3000.0,13.743176
DDQN,535,17,90000,100,3000.0,13.881653
DDQN,535,17,91000,100,3000.0,13.9336815
DDQN,535,17,92000,100,3000.0,14.058902
DDQN,535,17,93000,100,3000.0,14.199521
DDQN,535,17,94000,100,3000.0,14.31744
DDQN,535,17,95000,100,3000.0,14.31768
DDQN,535,17,96000,100,3000.0,14.510664
DDQN,535,17,97000,100,1833.76,15.110928
DDQN,535,17,98000,100,390.6,16.69896
DDQN,535,17,99000,100,3000.0,15.264279
DDQN,535,17,100000,100,365.76,18.393534
DDQN,535,18,1000,100,9.28,-8.845558
DDQN,535,18,2000,100,9.28,-6.129587
DDQN,535,18,3000,100,249.72,-86.618095
DDQN,535,18,4000,100,285.24,-86.37709
DDQN,535,18,5000,100,232.6,-80.253204
DDQN,535,18,6000,100,236.4,-78.44228
DDQN,535,18,7000,100,208.88,-73.38105
DDQN,535,18,8000,100,219.76,-72.56799
DDQN,535,18,9000,100,182.4,-65.85563
DDQN,535,18,10000,100,225.72,-70.163864
DDQN,535,18,11000,100,172.24,-61.600323
DDQN,535,18,12000,100,216.72,-62.98485
DDQN,535,18,13000,100,168.4,-57.19297
DDQN,535,18,14000,100,217.56,-61.40959
DDQN,535,18,15000,100,2674.04,-71.530396
DDQN,535,18,16000,100,2813.96,-70.946365
DDQN,535,18,17000,100,186.04,-53.77567
DDQN,535,18,18000,100,3000.0,-67.56476
DDQN,535,18,19000,100,188.0,-50.277176
DDQN,535,18,20000,100,3000.0,-63.84894
DDQN,535,18,21000,100,1634.96,-62.11416
DDQN,535,18,22000,100,342.44,-53.465298
DDQN,535,18,23000,100,295.64,-51.568882
DDQN,535,18,24000,100,100.44,-20.946335
DDQN,535,18,25000,100,96.56,-17.553652
DDQN,535,18,26000,100,310.56,-46.72485
DDQN,535,18,27000,100,262.24,-43.237564
DDQN,535,18,28000,100,233.32,-38.641464
DDQN,535,18,29000,100,177.96,-30.62124
DDQN,535,18,30000,100,247.28,-38.211613
DDQN,535,18,31000,100,273.56,-39.21689
DDQN,535,18,32000,100,287.96,-39.290253
DDQN,535,18,33000,100,302.04,-37.95904
DDQN,535,18,34000,100,235.48,-30.621998
DDQN,535,18,35000,100,147.12,-17.916082
DDQN,535,18,36000,100,154.68,-17.819408
DDQN,535,18,37000,100,196.16,-22.248638
DDQN,535,18,38000,100,183.72,-18.855415
DDQN,535,18,39000,100,182.96,-18.243715
DDQN,535,18,40000,100,226.6,-23.470076
DDQN,535,18,41000,100,166.72,-13.815496
DDQN,535,18,42000,100,213.6,-18.43622
DDQN,535,18,43000,100,131.92,-3.7603202
DDQN,535,18,44000,100,153.28,-7.656777
DDQN,535,18,45000,100,156.84,-7.9398193
DDQN,535,18,46000,100,192.4,-12.711828
DDQN,535,18,47000,100,216.16,-14.494674
DDQN,535,18,48000,100,270.16,-18.279243
DDQN,535,18,49000,100,260.96,-16.235052
DDQN,535,18,50000,100,243.04,-13.902617
DDQN,535,18,51000,100,314.88,-14.9666195
DDQN,535,18,52000,100,197.76,-6.470971
DDQN,535,18,53000,100,284.24,-12.316202
DDQN,535,18,54000,100,250.16,-10.798418
DDQN,535,18,55000,100,224.76,-7.259221
DDQN,535,18,56000,100,224.6,-5.84733
DDQN,535,18,57000,100,186.84,-1.4252433
DDQN,535,18,58000,100,229.96,-5.8896923
DDQN,535,18,59000,100,231.36,-4.9744473
DDQN,535,18,60000,100,151.28,5.841307
DDQN,535,18,61000,100,298.68,-0.5977307
DDQN,535,18,62000,100,187.88,0.1348648
DDQN,535,18,63000,100,180.76,1.8419583
DDQN,535,18,64000,100,404.76,0.6432846
DDQN,535,18,65000,100,395.88,3.2593355
DDQN,535,18,66000,100,290.36,3.011167
DDQN,535,18,67000,100,422.24,1.1059799
DDQN,535,18,68000,100,159.16,7.9950633
DDQN,535,18,69000,100,171.28,6.219183
DDQN,535,18,70000,100,155.92,9.676608
DDQN,535,18,71000,100,164.32,8.4889555
DDQN,535,18,72000,100,282.0,7.3276405
DDQN,535,18,73000,100,1241.24,-3.3551056
DDQN,535,18,74000,100,202.0,3.9574878
DDQN,535,18,75000,100,179.12,7.832916
DDQN,535,18,76000,100,183.28,7.4261756
DDQN,535,18,77000,100,204.12,4.664423
DDQN,535,18,78000,100,201.56,5.3564577
DDQN,535,18,79000,100,265.36,2.4717715
DDQN,535,18,80000,100,166.44,11.966763
DDQN,535,18,81000,100,193.8,7.6030116
DDQN,535,18,82000,100,222.4,4.2756352
DDQN,535,18,83000,100,209.28,7.02917
DDQN,535,18,84000,100,225.2,4.5390315
DDQN,535,18,85000,100,220.4,5.9127684
DDQN,535,18,86000,100,705.16,-4.7116423
DDQN,535,18,87000,100,494.72,-4.1997056
DDQN,535,18,88000,100,388.44,-2.6237197
DDQN,535,18,89000,100,1264.96,-4.5018597
DDQN,535,18,90000,100,599.36,-3.7326689
DDQN,535,18,91000,100,3000.0,-3.651875
DDQN,535,18,92000,100,2983.04,-3.3276725
DDQN,535,18,93000,100,3000.0,-3.097057
DDQN,535,18,94000,100,3000.0,-2.487439
DDQN,535,18,95000,100,3000.0,-2.3861418
DDQN,535,18,96000,100,3000.0,-2.2181132
DDQN,535,18,97000,100,3000.0,-2.0768294
DDQN,535,18,98000,100,3000.0,-1.5624164
DDQN,535,18,99000,100,3000.0,-1.2650123
DDQN,535,18,100000,100,3000.0,-0.7790317
DDQN,535,19,1000,100,26.44,-23.165796
DDQN,535,19,2000,100,11.68,-8.219645
DDQN,535,19,3000,100,459.44,-94.0279
DDQN,535,19,4000,100,341.64,-88.95731
DDQN,535,19,5000,100,252.72,-81.6813
DDQN,535,19,6000,100,204.96,-74.4208
DDQN,535,19,7000,100,183.32,-68.96644
DDQN,535,19,8000,100,175.08,-66.56005
DDQN,535,19,9000,100,177.96,-65.832596
DDQN,535,19,10000,100,170.68,-62.4059
DDQN,535,19,11000,100,165.64,-59.090015
DDQN,535,19,12000,100,167.76,-57.215565
DDQN,535,19,13000,100,165.12,-55.26684
DDQN,535,19,14000,100,177.56,-56.076942
DDQN,535,19,15000,100,199.68,-57.361816
DDQN,535,19,16000,100,190.12,-55.457466
DDQN,535,19,17000,100,198.72,-54.899837
DDQN,535,19,18000,100,176.92,-50.061752
DDQN,535,19,19000,100,817.88,-63.082584
DDQN,535,19,20000,100,196.16,-49.364132
DDQN,535,19,21000,100,3000.0,-62.21022
DDQN,535,19,22000,100,1298.36,-55.23985
DDQN,535,19,23000,100,852.72,-59.281464
DDQN,535,19,24000,100,280.24,-51.436836
DDQN,535,19,25000,100,268.72,-48.765194
DDQN,535,19,26000,100,263.6,-46.91875
DDQN,535,19,27000,100,228.56,-42.75171
DDQN,535,19,28000,100,261.32,-43.95367
DDQN,535,19,29000,100,322.0,-45.27214
DDQN,535,19,30000,100,240.16,-38.37273
DDQN,535,19,31000,100,217.6,-33.879353
DDQN,535,19,32000,100,253.92,-36.88802
DDQN,535,19,33000,100,240.28,-34.979576
DDQN,535,19,34000,100,184.04,-26.834385
DDQN,535,19,35000,100,164.8,-21.436104
DDQN,535,19,36000,100,186.92,-24.281837
DDQN,535,19,37000,100,232.92,-26.324722
DDQN,535,19,38000,100,219.44,-24.595087
DDQN,535,19,39000,100,187.76,-20.680431
DDQN,535,19,40000,100,174.6,-17.056944
DDQN,535,19,41000,100,177.76,-16.79036
DDQN,535,19,42000,100,142.56,-9.494854
DDQN,535,19,43000,100,152.28,-10.109765
DDQN,535,19,44000,100,208.16,-17.431007
DDQN,535,19,45000,100,223.56,-18.90626
DDQN,535,19,46000,100,245.8,-20.884897
DDQN,535,19,47000,100,251.0,-18.95363
DDQN,535,19,48000,100,245.68,-18.549986
DDQN,535,19,49000,100,258.28,-17.726051
DDQN,535,19,50000,100,173.64,-5.4045577
DDQN,535,19,51000,100,177.72,-4.0891433
DDQN,535,19,52000,100,242.56,-10.875576
DDQN,535,19,53000,100,218.28,-7.535392
DDQN,535,19,54000,100,197.44,-5.7071776
DDQN,535,19,55000,100,156.28,1.318718
DDQN,535,19,56000,100,186.04,-0.96120363
DDQN,535,19,57000,100,170.4,1.3864099
DDQN,535,19,58000,100,159.44,3.6979492
DDQN,535,19,59000,100,146.76,6.951814
DDQN,535,19,60000,100,159.68,6.1955223
DDQN,535,19,61000,100,144.84,10.42219
DDQN,535,19,62000,100,142.64,11.702322
DDQN,535,19,63000,100,145.16,12.26147
DDQN,535,19,64000,100,154.32,11.606328
DDQN,535,19,65000,100,153.64,12.9066305
DDQN,535,19,66000,100,156.0,13.919463
DDQN,535,19,67000,100,158.0,14.470599
DDQN,535,19,68000,100,169.8,13.655301
DDQN,535,19,69000,100,161.88,15.735388
DDQN,535,19,70000,100,152.32,19.096447
DDQN,535,19,71000,100,152.04,20.435732
DDQN,535,19,72000,100,164.04,19.04732
DDQN,535,19,73000,100,161.52,20.908098
DDQN,535,19,74000,100,158.24,23.138212
DDQN,535,19,75000,100,159.72,24.290442
DDQN,535,19,76000,100,169.2,24.323248
DDQN,535,19,77000,100,185.64,22.032698
DDQN,535,19,78000,100,234.72,19.469337
DDQN,535,19,79000,100,281.8,15.194585
DDQN,535,19,80000,100,950.28,10.726891
DDQN,535,19,81000,100,997.12,11.322773
DDQN,535,19,82000,100,3000.0,12.469578
DDQN,535,19,83000,100,3000.0,12.558275
DDQN,535,19,84000,100,3000.0,13.415742
DDQN,535,19,85000,100,3000.0,13.713543
DDQN,535,19,86000,100,3000.0,14.451051
DDQN,535,19,87000,100,3000.0,14.60475
DDQN,535,19,88000,100,3000.0,14.912044
DDQN,535,19,89000,100,3000.0,15.021505
DDQN,535,19,90000,100,3000.0,15.083905
DDQN,535,19,91000,100,3000.0,15.48423
DDQN,535,19,92000,100,3000.0,16.229315
DDQN,535,19,93000,100,3000.0,15.970825
DDQN,535,19,94000,100,3000.0,15.647545
DDQN,535,19,95000,100,3000.0,16.289082
DDQN,535,19,96000,100,3000.0,15.791788
DDQN,535,19,97000,100,3000.0,15.900144
DDQN,535,19,98000,100,3000.0,15.712944
DDQN,535,19,99000,100,3000.0,14.83836
DDQN,535,19,100000,100,3000.0,14.7807455
DDQN,591,10,1000,100,9.44,-9.032413
DDQN,591,10,2000,100,27.52,-21.148994
DDQN,591,10,3000,100,259.4,-87.51041
DDQN,591,10,4000,100,252.64,-85.3248
DDQN,591,10,5000,100,222.28,-79.865944
DDQN,591,10,6000,100,200.84,-75.56162
DDQN,591,10,7000,100,182.16,-71.85886
DDQN,591,10,8000,100,158.28,-65.26432
DDQN,591,10,9000,100,151.4,-61.41284
DDQN,591,10,10000,100,151.92,-60.550117
DDQN,591,10,11000,100,174.0,-62.276615
DDQN,591,10,12000,100,190.48,-62.43849
DDQN,591,10,13000,100,180.28,-60.167606
DDQN,591,10,14000,100,188.16,-60.01395
DDQN,591,10,15000,100,198.64,-59.54858
DDQN,591,10,16000,100,202.44,-58.460155
DDQN,591,10,17000,100,156.6,-50.45564
DDQN,591,10,18000,100,170.76,-51.40065
DDQN,591,10,19000,100,177.68,-50.64851
DDQN,591,10,20000,100,152.08,-44.931168
DDQN,591,10,21000,100,160.76,-42.562866
DDQN,591,10,22000,100,123.68,-35.01039
DDQN,591,10,23000,100,135.04,-36.975784
DDQN,591,10,24000,100,131.0,-34.286915
DDQN,591,10,25000,100,128.92,-32.481697
DDQN,591,10,26000,100,139.32,-34.4402
DDQN,591,10,27000,100,138.36,-32.691982
DDQN,591,10,28000,100,174.0,-36.243168
DDQN,591,10,29000,100,151.88,-28.076904
DDQN,591,10,30000,100,132.96,-27.383202
DDQN,591,10,31000,100,110.16,-18.936087
DDQN,591,10,32000,100,149.44,-26.32688
DDQN,591,10,33000,100,128.44,-20.954102
DDQN,591,10,34000,100,137.48,-22.052437
DDQN,591,10,35000,100,132.36,-19.953093
DDQN,591,10,36000,100,141.44,-21.389055
DDQN,591,10,37000,100,129.56,-13.785316
DDQN,591,10,38000,100,118.72,-11.490985
DDQN,591,10,39000,100,115.56,-10.17136
DDQN,591,10,40000,100,113.2,-7.5979767
DDQN,591,10,41000,100,118.56,-6.948111
DDQN,591,10,42000,100,124.52,-7.549016
DDQN,591,10,43000,100,124.08,-6.9123464
DDQN,591,10,44000,100,131.12,-6.8293605
DDQN,591,10,45000,100,129.64,-4.396907
DDQN,591,10,46000,100,126.64,-2.7583938
DDQN,591,10,47000,100,128.0,-1.3090689
DDQN,591,10,48000,100,123.76,1.5372449
DDQN,591,10,49000,100,141.12,-2.9063876
DDQN,591,10,50000,100,138.84,-0.056567077
DDQN,591,10,51000,100,136.08,3.0708323
DDQN,591,10,52000,100,138.44,3.7591772
DDQN,591,10,53000,100,135.08,6.1709743
DDQN,591,10,54000,100,154.72,3.1959336
DDQN,591,10,55000,100,151.24,5.3721886
DDQN,591,10,56000,100,154.56,5.7416883
DDQN,591,10,57000,100,152.68,7.7704268
DDQN,591,10,58000,100,148.16,10.243133
DDQN,591,10,59000,100,145.48,11.644539
DDQN,591,10,60000,100,160.12,9.658518
DDQN,591,10,61000,100,193.8,4.622272
DDQN,591,10,62000,100,167.64,8.994785
DDQN,591,10,63000,100,159.76,11.152179
DDQN,591,10,64000,100,192.44,6.395032
DDQN,591,10,65000,100,184.6,7.827639
DDQN,591,10,66000,100,180.48,9.123013
DDQN,591,10,67000,100,188.52,8.572624
DDQN,591,10,68000,100,288.88,-0.8195062
DDQN,591,10,69000,100,233.0,3.5279138
DDQN,591,10,70000,100,235.84,3.9622302
DDQN,591,10,71000,100,445.4,-3.4821196
DDQN,591,10,72000,100,441.0,-4.2357106
DDQN,591,10,73000,100,474.88,-4.419074
DDQN,591,10,74000,100,374.24,-1.8111175
DDQN,591,10,75000,100,410.56,-2.4978747
DDQN,591,10,76000,100,404.0,-1.5159714
DDQN,591,10,77000,100,976.28,-3.7011106
DDQN,591,10,78000,100,1640.96,-3.7440467
DDQN,591,10,79000,100,1856.92,-3.4323962
DDQN,591,10,80000,100,2133.16,-3.478984
DDQN,591,10,81000,100,2844.84,-3.113193
DDQN,591,10,82000,100,856.68,-2.7507696
DDQN,591,10,83000,100,1111.72,-2.4350336
DDQN,591,10,84000,100,2391.76,-2.1151965
DDQN,591,10,85000,100,2242.36,-1.8675833
DDQN,591,10,86000,100,796.32,-1.0685565
DDQN,591,10,87000,100,935.64,-0.4103305
DDQN,591,10,88000,100,1476.68,-0.09491089
DDQN,591,10,89000,100,568.0,0.6238959
DDQN,591,10,90000,100,606.36,1.0634778
DDQN,591,10,91000,100,1480.6,1.0516465
DDQN,591,10,92000,100,1113.76,1.4728537
DDQN,591,10,93000,100,2904.56,1.9280325
DDQN,591,10,94000,100,3000.0,2.4470263
DDQN,591,10,95000,100,3000.0,2.6652822
DDQN,591,10,96000,100,3000.0,3.1034074
DDQN,591,10,97000,100,3000.0,3.475224
DDQN,591,10,98000,100,2730.68,3.875688
DDQN,591,10,99000,100,3000.0,4.392667
DDQN,591,10,100000,100,3000.0,4.5771065
DDQN,591,11,1000,100,9.28,-8.900425
DDQN,591,11,2000,100,33.88,-25.364717
DDQN,591,11,3000,100,223.16,-84.24781
DDQN,591,11,4000,100,247.84,-84.2123
DDQN,591,11,5000,100,184.72,-75.049095
DDQN,591,11,6000,100,153.84,-67.460175
DDQN,591,11,7000,100,138.88,-63.024296
DDQN,591,11,8000,100,141.8,-60.493263
DDQN,591,11,9000,100,145.4,-60.233593
DDQN,591,11,10000,100,150.96,-60.557735
DDQN,591,11,11000,100,144.0,-56.971577
DDQN,591,11,12000,100,140.24,-54.22192
DDQN,591,11,13000,100,143.96,-53.76264
DDQN,591,11,14000,100,136.52,-50.633022
DDQN,591,11,15000,100,133.4,-48.177242
DDQN,591,11,16000,100,164.2,-51.67002
DDQN,591,11,17000,100,127.28,-42.250996
DDQN,591,11,18000,100,110.28,-37.142445
DDQN,591,11,19000,100,98.48,-30.90583
DDQN,591,11,20000,100,100.12,-30.439234
DDQN,591,11,21000,100,87.72,-23.976973
DDQN,591,11,22000,100,92.24,-24.334454
DDQN,591,11,23000,100,99.28,-25.916624
DDQN,591,11,24000,100,117.52,-30.57647
DDQN,591,11,25000,100,129.96,-32.654938
DDQN,591,11,26000,100,124.96,-30.308979
DDQN,591,11,27000,100,126.0,-29.046516
DDQN,591,11,28000,100,125.24,-27.367348
DDQN,591,11,29000,100,128.24,-26.717764
DDQN,591,11,30000,100,127.88,-25.90657
DDQN,591,11,31000,100,122.76,-22.895107
DDQN,591,11,32000,100,123.16,-21.516708
DDQN,591,11,33000,100,114.6,-18.087484
DDQN,591,11,34000,100,112.44,-16.087517
DDQN,591,11,35000,100,123.68,-18.004692
DDQN,591,11,36000,100,119.88,-15.935153
DDQN,591,11,37000,100,121.8,-15.400971
DDQN,591,11,38000,100,123.56,-14.47569
DDQN,591,11,39000,100,123.08,-13.735142
DDQN,591,11,40000,100,132.32,-15.058328
DDQN,591,11,41000,100,133.76,-14.246698
DDQN,591,11,42000,100,155.28,-18.044247
DDQN,591,11,43000,100,149.8,-16.028315
DDQN,591,11,44000,100,169.56,-18.097937
DDQN,591,11,45000,100,149.12,-13.465618
DDQN,591,11,46000,100,167.4,-16.617414
DDQN,591,11,47000,100,176.2,-16.498066
DDQN,591,11,48000,100,147.28,-10.106365
DDQN,591,11,49000,100,144.8,-8.930791
DDQN,591,11,50000,100,161.56,-11.569769
DDQN,591,11,51000,100,164.2,-11.317109
DDQN,591,11,52000,100,166.6,-11.38391
DDQN,591,11,53000,100,157.6,-8.86844
DDQN,591,11,54000,100,156.08,-7.7822027
DDQN,591,11,55000,100,155.4,-6.7743797
DDQN,591,11,56000,100,183.28,-11.41613
DDQN,591,11,57000,100,185.32,-10.542948
DDQN,591,11,58000,100,210.16,-12.395114
DDQN,591,11,59000,100,185.44,-9.0702305
DDQN,591,11,60000,100,178.16,-6.554927
DDQN,591,11,61000,100,189.4,-7.90777
DDQN,591,11,62000,100,204.88,-10.146475
DDQN,591,11,63000,100,217.52,-10.805161
DDQN,591,11,64000,100,219.96,-9.030515
DDQN,591,11,65000,100,168.76,-2.3512945
DDQN,591,11,66000,100,1660.32,-15.337205
DDQN,591,11,67000,100,195.36,-4.049171
DDQN,591,11,68000,100,526.6,-5.5893407
DDQN,591,11,69000,100,155.12,1.2485086
DDQN,591,11,70000,100,141.88,4.583481
DDQN,591,11,71000,100,139.52,5.4764953
DDQN,591,11,72000,100,160.24,1.2622489
DDQN,591,11,73000,100,146.12,5.144484
DDQN,591,11,74000,100,271.88,-8.704791
DDQN,591,11,75000,100,319.44,-11.610334
DDQN,591,11,76000,100,234.0,-5.1156034
DDQN,591,11,77000,100,224.16,-4.413117
DDQN,591,11,78000,100,268.72,-7.3358026
DDQN,591,11,79000,100,348.4,-10.385937
DDQN,591,11,80000,100,298.8,-7.9207544
DDQN,591,11,81000,100,2030.84,-11.817114
DDQN,591,11,82000,100,220.44,-2.1194642
DDQN,591,11,83000,100,213.96,-1.2468033
DDQN,591,11,84000,100,220.96,-0.79770386
DDQN,591,11,85000,100,258.92,-4.3642263
DDQN,591,11,86000,100,2817.72,-11.0834055
DDQN,591,11,87000,100,446.2,-8.2494545
DDQN,591,11,88000,100,1737.92,-8.933649
DDQN,591,11,89000,100,933.64,-9.539364
DDQN,591,11,90000,100,568.88,-8.4328165
DDQN,591,11,91000,100,1703.36,-8.809863
DDQN,591,11,92000,100,485.48,-7.5002785
DDQN,591,11,93000,100,623.44,-7.877052
DDQN,591,11,94000,100,3000.0,-7.815878
DDQN,591,11,95000,100,3000.0,-7.47891
DDQN,591,11,96000,100,3000.0,-7.2647295
DDQN,591,11,97000,100,3000.0,-6.9160523
DDQN,591,11,98000,100,3000.0,-6.729004
DDQN,591,11,99000,100,3000.0,-6.5851307
DDQN,591,11,100000,100,3000.0,-6.6161747
DDQN,591,12,1000,100,9.28,-8.828122
DDQN,591,12,2000,100,9.44,-6.1749544
DDQN,591,12,3000,100,304.32,-90.17728
DDQN,591,12,4000,100,293.0,-86.85842
DDQN,591,12,5000,100,201.32,-76.21942
DDQN,591,12,6000,100,189.2,-73.82989
DDQN,591,12,7000,100,179.68,-71.267845
DDQN,591,12,8000,100,163.6,-66.49041
DDQN,591,12,9000,100,175.92,-66.2197
DDQN,591,12,10000,100,168.12,-63.80488
DDQN,591,12,11000,100,177.72,-62.598335
DDQN,591,12,12000,100,177.52,-61.065113
DDQN,591,12,13000,100,170.08,-59.44245
DDQN,591,12,14000,100,186.52,-59.612846
DDQN,591,12,15000,100,196.72,-59.51012
DDQN,591,12,16000,100,200.16,-58.212208
DDQN,591,12,17000,100,219.6,-59.47934
DDQN,591,12,18000,100,208.28,-56.88022
DDQN,591,12,19000,100,194.48,-53.32952
DDQN,591,12,20000,100,1827.4,-66.25432
DDQN,591,12,21000,100,151.88,-43.373833
DDQN,591,12,22000,100,296.24,-55.586258
DDQN,591,12,23000,100,136.96,-37.198746
DDQN,591,12,24000,100,197.08,-46.594032
DDQN,591,12,25000,100,141.52,-35.211933
DDQN,591,12,26000,100,179.64,-41.323467
DDQN,591,12,27000,100,160.4,-36.813854
DDQN,591,12,28000,100,147.68,-32.798004
DDQN,591,12,29000,100,173.6,-35.368896
DDQN,591,12,30000,100,133.12,-27.012913
DDQN,591,12,31000,100,136.96,-26.45084
DDQN,591,12,32000,100,228.96,-39.14495
DDQN,591,12,33000,100,179.52,-32.13437
DDQN,591,12,34000,100,181.64,-31.06034
DDQN,591,12,35000,100,137.24,-21.815428
DDQN,591,12,36000,100,146.0,-23.292852
DDQN,591,12,37000,100,117.84,-14.437255
DDQN,591,12,38000,100,131.76,-16.82046
DDQN,591,12,39000,100,150.32,-20.615486
DDQN,591,12,40000,100,197.32,-26.163181
DDQN,591,12,41000,100,202.32,-26.195684
DDQN,591,12,42000,100,187.76,-22.832327
DDQN,591,12,43000,100,185.24,-21.662193
DDQN,591,12,44000,100,170.52,-17.143171
DDQN,591,12,45000,100,193.4,-20.830862
DDQN,591,12,46000,100,182.68,-17.280212
DDQN,591,12,47000,100,192.88,-18.383772
DDQN,591,12,48000,100,218.04,-20.57859
DDQN,591,12,49000,100,211.8,-19.498116
DDQN,591,12,50000,100,231.32,-21.272573
DDQN,591,12,51000,100,225.88,-20.047707
DDQN,591,12,52000,100,188.6,-14.323367
DDQN,591,12,53000,100,207.4,-16.575441
DDQN,591,12,54000,100,195.96,-14.169882
DDQN,591,12,55000,100,254.92,-18.955996
DDQN,591,12,56000,100,275.36,-20.181477
DDQN,591,12,57000,100,210.96,-13.618155
DDQN,591,12,58000,100,207.68,-11.072707
DDQN,591,12,59000,100,221.64,-12.880811
DDQN,591,12,60000,100,241.92,-14.545955
DDQN,591,12,61000,100,158.16,-2.271186
DDQN,591,12,62000,100,183.72,-5.9475365
DDQN,591,12,63000,100,152.04,0.6512094
DDQN,591,12,64000,100,154.64,1.170513
DDQN,591,12,65000,100,160.24,0.36574614
DDQN,591,12,66000,100,138.36,5.2089586
DDQN,591,12,67000,100,180.72,-1.7004275
DDQN,591,12,68000,100,161.76,2.1209877
DDQN,591,12,69000,100,164.44,1.6362274
DDQN,591,12,70000,100,161.2,2.6990473
DDQN,591,12,71000,100,145.72,6.8229737
DDQN,591,12,72000,100,169.92,2.2331662
DDQN,591,12,73000,100,192.28,-0.6368741
DDQN,591,12,74000,100,846.72,-0.07433655
DDQN,591,12,75000,100,588.4,-13.531929
DDQN,591,12,76000,100,486.56,-11.545714
DDQN,591,12,77000,100,1657.56,-12.137461
DDQN,591,12,78000,100,529.76,-10.855041
DDQN,591,12,79000,100,2177.68,-10.053054
DDQN,591,12,80000,100,3000.0,-8.751387
DDQN,591,12,81000,100,3000.0,-7.5588746
DDQN,591,12,82000,100,3000.0,-7.089912
DDQN,591,12,83000,100,3000.0,-5.853209
DDQN,591,12,84000,100,3000.0,-4.989876
DDQN,591,12,85000,100,3000.0,-4.4242873
DDQN,591,12,86000,100,3000.0,-3.6851063
DDQN,591,12,87000,100,3000.0,-2.5669258
DDQN,591,12,88000,100,3000.0,-2.1377268
DDQN,591,12,89000,100,3000.0,-0.79928374
DDQN,591,12,90000,100,3000.0,-0.12811188
DDQN,591,12,91000,100,3000.0,0.7213168
DDQN,591,12,92000,100,3000.0,0.7901703
DDQN,591,12,93000,100,3000.0,1.3773111
DDQN,591,12,94000,100,3000.0,2.1458628
DDQN,591,12,95000,100,2888.36,3.0938578
DDQN,591,12,96000,100,3000.0,2.196979
DDQN,591,12,97000,100,3000.0,2.9325552
DDQN,591,12,98000,100,3000.0,3.188243
DDQN,591,12,99000,100,3000.0,3.7501507
DDQN,591,12,100000,100,3000.0,3.7597904
DDQN,591,13,1000,100,10.56,-10.078116
DDQN,591,13,2000,100,10.44,-6.9809957
DDQN,591,13,3000,100,176.76,-77.11266
DDQN,591,13,4000,100,193.52,-77.745544
DDQN,591,13,5000,100,177.0,-73.645164
DDQN,591,13,6000,100,205.76,-74.627975
DDQN,591,13,7000,100,194.64,-73.42154
DDQN,591,13,8000,100,209.96,-72.52377
DDQN,591,13,9000,100,208.56,-71.214325
DDQN,591,13,10000,100,208.08,-70.01037
DDQN,591,13,11000,100,214.8,-68.43941
DDQN,591,13,12000,100,210.48,-65.85429
DDQN,591,13,13000,100,231.56,-67.19012
DDQN,591,13,14000,100,246.24,-65.913795
DDQN,591,13,15000,100,231.28,-63.100616
DDQN,591,13,16000,100,269.44,-64.29389
DDQN,591,13,17000,100,215.76,-59.81834
DDQN,591,13,18000,100,372.68,-67.077736
DDQN,591,13,19000,100,495.92,-62.028465
DDQN,591,13,20000,100,154.8,-45.910713
DDQN,591,13,21000,100,186.12,-47.023773
DDQN,591,13,22000,100,125.44,-34.89141
DDQN,591,13,23000,100,117.2,-31.53097
DDQN,591,13,24000,100,133.72,-34.37145
DDQN,591,13,25000,100,197.16,-43.88647
DDQN,591,13,26000,100,198.4,-43.309532
DDQN,591,13,27000,100,191.12,-40.929665
DDQN,591,13,28000,100,160.84,-35.615013
DDQN,591,13,29000,100,160.24,-33.608273
DDQN,591,13,30000,100,190.32,-34.838905
DDQN,591,13,31000,100,185.48,-32.17583
DDQN,591,13,32000,100,150.12,-27.49959
DDQN,591,13,33000,100,152.24,-27.251719
DDQN,591,13,34000,100,119.48,-16.943684
DDQN,591,13,35000,100,111.6,-13.240495
DDQN,591,13,36000,100,111.96,-12.926848
DDQN,591,13,37000,100,114.8,-12.095144
DDQN,591,13,38000,100,106.36,-7.97769
DDQN,591,13,39000,100,131.72,-14.840479
DDQN,591,13,40000,100,118.48,-9.568946
DDQN,591,13,41000,100,103.36,-2.723004
DDQN,591,13,42000,100,109.04,-3.6438773
DDQN,591,13,43000,100,110.52,-3.4785814
DDQN,591,13,44000,100,118.08,-4.2944274
DDQN,591,13,45000,100,139.12,-7.956618
DDQN,591,13,46000,100,129.88,-5.0063686
DDQN,591,13,47000,100,137.28,-5.40657
DDQN,591,13,48000,100,145.92,-5.9164357
DDQN,591,13,49000,100,129.48,-1.0635955
DDQN,591,13,50000,100,211.64,-14.052918
DDQN,591,13,51000,100,259.2,-16.310387
DDQN,591,13,52000,100,208.6,-11.912411
DDQN,591,13,53000,100,219.32,-12.302938
DDQN,591,13,54000,100,133.36,2.5381448
DDQN,591,13,55000,100,181.48,-5.9262414
DDQN,591,13,56000,100,145.24,1.4443457
DDQN,591,13,57000,100,179.72,-3.0165274
DDQN,591,13,58000,100,175.32,-1.3355734
DDQN,591,13,59000,100,194.8,-5.362887
DDQN,591,13,60000,100,160.88,1.1106405
DDQN,591,13,61000,100,141.72,5.3728886
DDQN,591,13,62000,100,176.12,-0.23878022
DDQN,591,13,63000,100,220.52,-5.115089
DDQN,591,13,64000,100,185.56,-0.3184549
DDQN,591,13,65000,100,259.36,-8.273241
DDQN,591,13,66000,100,221.0,-3.6538644
DDQN,591,13,67000,100,289.12,-7.6184545
DDQN,591,13,68000,100,273.68,-6.884387
DDQN,591,13,69000,100,267.36,-6.769125
DDQN,591,13,70000,100,279.44,-7.1159487
DDQN,591,13,71000,100,275.64,-6.79375
DDQN,591,13,72000,100,303.52,-8.057019
DDQN,591,13,73000,100,291.64,-6.399263
DDQN,591,13,74000,100,546.36,-7.8339014
DDQN,591,13,75000,100,1174.36,-8.943473
DDQN,591,13,76000,100,749.68,-8.258963
DDQN,591,13,77000,100,755.04,-8.352048
DDQN,591,13,78000,100,305.88,-6.420802
DDQN,591,13,79000,100,443.68,-7.447839
DDQN,591,13,80000,100,391.08,-8.251092
DDQN,591,13,81000,100,364.44,-6.7120376
DDQN,591,13,82000,100,395.32,-7.0096436
DDQN,591,13,83000,100,832.12,-9.014131
DDQN,591,13,84000,100,854.2,-8.914067
DDQN,591,13,85000,100,624.16,-8.540745
DDQN,591,13,86000,100,674.12,-8.32457
DDQN,591,13,87000,100,467.16,-7.2895923
DDQN,591,13,88000,100,412.0,-6.3703446
DDQN,591,13,89000,100,442.96,-6.0983496
DDQN,591,13,90000,100,406.56,-4.7951407
DDQN,591,13,91000,100,390.28,-4.558266
DDQN,591,13,92000,100,486.44,-5.716006
DDQN,591,13,93000,100,362.0,-2.7131524
DDQN,591,13,94000,100,3000.0,-5.7413883
DDQN,591,13,95000,100,3000.0,-5.4533825
DDQN,591,13,96000,100,2504.12,-5.0437274
DDQN,591,13,97000,100,3000.0,-4.429312
DDQN,591,13,98000,100,3000.0,-4.379918
DDQN,591,13,99000,100,3000.0,-4.257843
DDQN,591,13,100000,100,3000.0,-3.9009562
DDQN,591,14,1000,100,9.44,-9.00862
DDQN,591,14,2000,100,106.88,-57.981834
DDQN,591,14,3000,100,406.88,-92.78086
DDQN,591,14,4000,100,357.24,-90.55092
DDQN,591,14,5000,100,289.8,-84.59264
DDQN,591,14,6000,100,220.76,-77.69882
DDQN,591,14,7000,100,242.16,-77.97978
DDQN,591,14,8000,100,220.36,-74.243614
DDQN,591,14,9000,100,187.2,-67.35288
DDQN,591,14,10000,100,189.84,-66.82127
DDQN,591,14,11000,100,226.16,-69.69551
DDQN,591,14,12000,100,234.44,-68.567245
DDQN,591,14,13000,100,214.72,-65.313515
DDQN,591,14,14000,100,232.72,-64.22704
DDQN,591,14,15000,100,193.4,-55.376686
DDQN,591,14,16000,100,135.2,-46.364227
DDQN,591,14,17000,100,447.0,-54.056976
DDQN,591,14,18000,100,130.2,-42.62007
DDQN,591,14,19000,100,135.08,-42.405933
DDQN,591,14,20000,100,311.04,-60.263706
DDQN,591,14,21000,100,423.0,-62.20639
DDQN,591,14,22000,100,323.28,-59.504166
DDQN,591,14,23000,100,236.76,-49.696274
DDQN,591,14,24000,100,230.52,-49.427994
DDQN,591,14,25000,100,433.8,-55.768734
DDQN,591,14,26000,100,408.0,-54.62816
DDQN,591,14,27000,100,332.68,-52.077324
DDQN,591,14,28000,100,277.28,-47.899723
DDQN,591,14,29000,100,219.72,-36.640026
DDQN,591,14,30000,100,249.36,-42.18999
DDQN,591,14,31000,100,280.6,-42.62987
DDQN,591,14,32000,100,245.4,-35.512638
DDQN,591,14,33000,100,238.76,-37.379337
DDQN,591,14,34000,100,240.68,-35.90763
DDQN,591,14,35000,100,247.32,-35.90787
DDQN,591,14,36000,100,250.16,-34.32419
DDQN,591,14,37000,100,224.08,-29.88364
DDQN,591,14,38000,100,155.88,-21.448294
DDQN,591,14,39000,100,233.04,-29.17083
DDQN,591,14,40000,100,231.36,-28.56231
DDQN,591,14,41000,100,267.04,-29.899014
DDQN,591,14,42000,100,226.04,-24.109932
DDQN,591,14,43000,100,195.52,-20.260689
DDQN,591,14,44000,100,235.04,-23.92757
DDQN,591,14,45000,100,202.2,-20.037697
DDQN,591,14,46000,100,159.48,-13.956897
DDQN,591,14,47000,100,181.76,-16.441698
DDQN,591,14,48000,100,166.12,-13.36551
DDQN,591,14,49000,100,143.44,-8.2027025
DDQN,591,14,50000,100,174.6,-12.612402
DDQN,591,14,51000,100,185.84,-13.566206
DDQN,591,14,52000,100,292.84,-21.06167
DDQN,591,14,53000,100,170.16,-9.2687025
DDQN,591,14,54000,100,255.44,-17.213848
DDQN,591,14,55000,100,376.12,-23.774712
DDQN,591,14,56000,100,370.16,-22.804924
DDQN,591,14,57000,100,376.08,-22.038267
DDQN,591,14,58000,100,376.36,-21.00836
DDQN,591,14,59000,100,346.36,-17.671236
DDQN,591,14,60000,100,382.6,-18.834023
DDQN,591,14,61000,100,370.36,-17.847057
DDQN,591,14,62000,100,350.96,-16.775043
DDQN,591,14,63000,100,370.2,-16.64984
DDQN,591,14,64000,100,360.04,-15.7815275
DDQN,591,14,65000,100,380.16,-15.910854
DDQN,591,14,66000,100,381.36,-15.239189
DDQN,591,14,67000,100,380.2,-14.127722
DDQN,591,14,68000,100,397.32,-13.682154
DDQN,591,14,69000,100,386.52,-12.793624
DDQN,591,14,70000,100,399.16,-12.30323
DDQN,591,14,71000,100,422.04,-11.669106
DDQN,591,14,72000,100,437.56,-11.324008
DDQN,591,14,73000,100,421.4,-10.633481
DDQN,591,14,74000,100,438.88,-10.183872
DDQN,591,14,75000,100,444.08,-9.5639305
DDQN,591,14,76000,100,450.24,-9.500958
DDQN,591,14,77000,100,499.92,-9.168516
DDQN,591,14,78000,100,477.68,-8.459761
DDQN,591,14,79000,100,510.0,-7.60989
DDQN,591,14,80000,100,493.32,-7.183568
DDQN,591,14,81000,100,522.68,-7.026588
DDQN,591,14,82000,100,541.0,-6.753529
DDQN,591,14,83000,100,2804.4,-6.660455
DDQN,591,14,84000,100,739.84,-6.1903596
DDQN,591,14,85000,100,1184.0,-5.8619056
DDQN,591,14,86000,100,575.52,-5.1493297
DDQN,591,14,87000,100,1361.32,-4.5981526
DDQN,591,14,88000,100,3000.0,-4.4977937
DDQN,591,14,89000,100,3000.0,-4.496234
DDQN,591,14,90000,100,3000.0,-4.0212345
DDQN,591,14,91000,100,3000.0,-3.8423781
DDQN,591,14,92000,100,3000.0,-3.1509886
DDQN,591,14,93000,100,3000.0,-2.8858793
DDQN,591,14,94000,100,3000.0,-2.5317883
DDQN,591,14,95000,100,2823.76,-2.1532884
DDQN,591,14,96000,100,3000.0,-1.9568765
DDQN,591,14,97000,100,3000.0,-1.4699469
DDQN,591,14,98000,100,325.28,2.5780082
DDQN,591,14,99000,100,1558.48,-0.72956604
DDQN,591,14,100000,100,3000.0,-0.52224886
DDQN,591,15,1000,100,9.28,-8.852837
DDQN,591,15,2000,100,12.2,-8.654961
DDQN,591,15,3000,100,264.88,-86.202675
DDQN,591,15,4000,100,190.36,-78.483345
DDQN,591,15,5000,100,178.2,-73.869064
DDQN,591,15,6000,100,185.88,-73.39925
DDQN,591,15,7000,100,183.2,-71.335594
DDQN,591,15,8000,100,178.6,-68.672264
DDQN,591,15,9000,100,175.36,-65.88148
DDQN,591,15,10000,100,179.04,-65.65405
DDQN,591,15,11000,100,197.72,-65.80287
DDQN,591,15,12000,100,192.52,-63.175236
DDQN,591,15,13000,100,218.4,-64.252075
DDQN,591,15,14000,100,167.16,-55.83191
DDQN,591,15,15000,100,210.68,-59.649883
DDQN,591,15,16000,100,217.2,-57.770775
DDQN,591,15,17000,100,205.0,-56.102627
DDQN,591,15,18000,100,150.04,-46.17754
DDQN,591,15,19000,100,135.16,-41.510063
DDQN,591,15,20000,100,154.72,-45.240894
DDQN,591,15,21000,100,1722.76,-64.41069
DDQN,591,15,22000,100,211.2,-50.134697
DDQN,591,15,23000,100,323.92,-56.715668
DDQN,591,15,24000,100,141.68,-35.530094
DDQN,591,15,25000,100,151.56,-37.132717
DDQN,591,15,26000,100,160.76,-37.588486
DDQN,591,15,27000,100,144.6,-33.279167
DDQN,591,15,28000,100,151.0,-31.643723
DDQN,591,15,29000,100,124.32,-24.970432
DDQN,591,15,30000,100,133.16,-26.425941
DDQN,591,15,31000,100,154.84,-29.443605
DDQN,591,15,32000,100,120.6,-20.159992
DDQN,591,15,33000,100,160.12,-28.39812
DDQN,591,15,34000,100,157.2,-26.71488
DDQN,591,15,35000,100,135.2,-20.587029
DDQN,591,15,36000,100,128.88,-18.284065
DDQN,591,15,37000,100,131.04,-16.895397
DDQN,591,15,38000,100,130.28,-14.981406
DDQN,591,15,39000,100,113.64,-10.516804
DDQN,591,15,40000,100,152.0,-15.613313
DDQN,591,15,41000,100,148.56,-13.819042
DDQN,591,15,42000,100,147.52,-11.012124
DDQN,591,15,43000,100,140.36,-12.893611
DDQN,591,15,44000,100,134.6,-10.357942
DDQN,591,15,45000,100,135.8,-9.818991
DDQN,591,15,46000,100,155.28,-12.145992
DDQN,591,15,47000,100,149.96,-10.224556
DDQN,591,15,48000,100,169.48,-11.933118
DDQN,591,15,49000,100,155.6,-9.757116
DDQN,591,15,50000,100,123.64,-1.8973297
DDQN,591,15,51000,100,150.56,-3.9994936
DDQN,591,15,52000,100,140.4,-3.9490235
DDQN,591,15,53000,100,131.68,-1.1241806
DDQN,591,15,54000,100,158.8,-5.7158494
DDQN,591,15,55000,100,158.56,-4.348004
DDQN,591,15,56000,100,142.76,-0.35564482
DDQN,591,15,57000,100,141.88,1.0320258
DDQN,591,15,58000,100,147.92,0.9443011
DDQN,591,15,59000,100,141.24,2.398332
DDQN,591,15,60000,100,158.8,-0.49707153
DDQN,591,15,61000,100,146.44,3.0737002
DDQN,591,15,62000,100,136.68,5.6723485
DDQN,591,15,63000,100,143.32,5.0190873
DDQN,591,15,64000,100,146.44,5.3188915
DDQN,591,15,65000,100,144.4,6.262237
DDQN,591,15,66000,100,137.36,8.964
DDQN,591,15,67000,100,137.72,10.057198
DDQN,591,15,68000,100,152.52,7.4009438
DDQN,591,15,69000,100,149.88,9.112396
DDQN,591,15,70000,100,137.04,13.02345
DDQN,591,15,71000,100,168.56,6.931412
DDQN,591,15,72000,100,158.04,9.120086
DDQN,591,15,73000,100,160.64,9.693609
DDQN,591,15,74000,100,163.2,10.161783
DDQN,591,15,75000,100,171.32,8.8480215
DDQN,591,15,76000,100,197.64,5.977711
DDQN,591,15,77000,100,256.96,0.6046643
DDQN,591,15,78000,100,1688.88,-6.550753
DDQN,591,15,79000,100,2917.44,-5.4819384
DDQN,591,15,80000,100,2151.6,-4.7387133
DDQN,591,15,81000,100,1012.08,-3.9282434
DDQN,591,15,82000,100,663.32,-3.4784498
DDQN,591,15,83000,100,535.4,-2.5164318
DDQN,591,15,84000,100,476.96,-1.489849
DDQN,591,15,85000,100,511.64,-1.1954504
DDQN,591,15,86000,100,516.28,-0.6073139
DDQN,591,15,87000,100,644.28,-0.32148924
DDQN,591,15,88000,100,581.72,0.09197723
DDQN,591,15,89000,100,864.4,0.1892984
DDQN,591,15,90000,100,737.4,0.3140155
DDQN,591,15,91000,100,644.12,0.4782486
DDQN,591,15,92000,100,609.04,0.45721984
DDQN,591,15,93000,100,620.32,-0.20598206
DDQN,591,15,94000,100,534.08,0.50309265
DDQN,591,15,95000,100,2778.48,-0.030904235
DDQN,591,15,96000,100,520.0,-0.50020444
DDQN,591,15,97000,100,851.24,-0.028424682
DDQN,591,15,98000,100,645.28,-0.37262145
DDQN,591,15,99000,100,1323.6,-1.1140774
DDQN,591,15,100000,100,2825.2,-1.2470355
DDQN,591,16,1000,100,9.44,-9.077558
DDQN,591,16,2000,100,52.32,-35.842506
DDQN,591,16,3000,100,55.64,-37.77747
DDQN,591,16,4000,100,141.16,-69.038284
DDQN,591,16,5000,100,216.96,-79.26886
DDQN,591,16,6000,100,201.08,-75.46052
DDQN,591,16,7000,100,206.44,-75.041145
DDQN,591,16,8000,100,190.68,-71.27593
DDQN,591,16,9000,100,197.36,-69.93436
DDQN,591,16,10000,100,208.44,-70.74432
DDQN,591,16,11000,100,224.2,-70.4802
DDQN,591,16,12000,100,218.68,-67.66159
DDQN,591,16,13000,100,195.84,-64.06199
DDQN,591,16,14000,100,182.4,-59.697525
DDQN,591,16,15000,100,187.8,-59.247547
DDQN,591,16,16000,100,195.68,-57.775684
DDQN,591,16,17000,100,243.08,-63.10899
DDQN,591,16,18000,100,180.0,-54.11686
DDQN,591,16,19000,100,190.24,-54.08179
DDQN,591,16,20000,100,148.52,-45.63745
DDQN,591,16,21000,100,304.44,-60.25151
DDQN,591,16,22000,100,153.24,-43.112648
DDQN,591,16,23000,100,155.72,-42.901222
DDQN,591,16,24000,100,166.36,-43.442856
DDQN,591,16,25000,100,339.44,-54.455204
DDQN,591,16,26000,100,278.56,-52.195805
DDQN,591,16,27000,100,155.88,-36.395718
DDQN,591,16,28000,100,218.4,-42.81046
DDQN,591,16,29000,100,317.24,-49.289307
DDQN,591,16,30000,100,339.28,-50.359825
DDQN,591,16,31000,100,313.72,-47.343796
DDQN,591,16,32000,100,258.32,-43.315514
DDQN,591,16,33000,100,277.08,-38.52343
DDQN,591,16,34000,100,259.24,-41.563183
DDQN,591,16,35000,100,250.6,-38.64308
DDQN,591,16,36000,100,223.36,-34.14264
DDQN,591,16,37000,100,180.36,-22.870787
DDQN,591,16,38000,100,218.6,-29.376965
DDQN,591,16,39000,100,226.32,-27.93856
DDQN,591,16,40000,100,215.48,-30.177769
DDQN,591,16,41000,100,347.08,-37.222424
DDQN,591,16,42000,100,410.64,-37.25063
DDQN,591,16,43000,100,344.96,-34.922447
DDQN,591,16,44000,100,329.48,-33.36885
DDQN,591,16,45000,100,276.92,-29.111118
DDQN,591,16,46000,100,288.36,-29.869177
DDQN,591,16,47000,100,284.44,-28.370163
DDQN,591,16,48000,100,354.56,-28.438387
DDQN,591,16,49000,100,416.2,-30.431538
DDQN,591,16,50000,100,247.36,-22.102173
DDQN,591,16,51000,100,166.4,-12.106259
DDQN,591,16,52000,100,289.88,-21.481806
DDQN,591,16,53000,100,184.64,-13.507705
DDQN,591,16,54000,100,152.16,-6.6708946
DDQN,591,16,55000,100,189.12,-11.65057
DDQN,591,16,56000,100,140.48,-2.0016563
DDQN,591,16,57000,100,199.2,-12.217518
DDQN,591,16,58000,100,492.24,-22.923977
DDQN,591,16,59000,100,190.68,-8.958772
DDQN,591,16,60000,100,150.2,-0.65291566
DDQN,591,16,61000,100,131.28,4.5107646
DDQN,591,16,62000,100,366.24,-18.772207
DDQN,591,16,63000,100,114.36,11.489303
DDQN,591,16,64000,100,122.12,10.365051
DDQN,591,16,65000,100,205.44,-2.978775
DDQN,591,16,66000,100,338.48,-14.635598
DDQN,591,16,67000,100,152.64,5.1026793
DDQN,591,16,68000,100,346.32,-12.442399
DDQN,591,16,69000,100,333.84,-11.5225
DDQN,591,16,70000,100,362.32,-11.334617
DDQN,591,16,71000,100,347.84,-9.664965
DDQN,591,16,72000,100,398.16,-10.301525
DDQN,591,16,73000,100,424.12,-9.746757
DDQN,591,16,74000,100,455.6,-9.620702
DDQN,591,16,75000,100,725.0,-9.933798
DDQN,591,16,76000,100,2717.16,-9.509248
DDQN,591,16,77000,100,3000.0,-8.798548
DDQN,591,16,78000,100,3000.0,-8.521637
DDQN,591,16,79000,100,3000.0,-7.349039
DDQN,591,16,80000,100,3000.0,-6.2692776
DDQN,591,16,81000,100,3000.0,-4.8900094
DDQN,591,16,82000,100,3000.0,-4.7299547
DDQN,591,16,83000,100,3000.0,-4.4371967
DDQN,591,16,84000,100,3000.0,-4.058777
DDQN,591,16,85000,100,3000.0,-3.7257795
DDQN,591,16,86000,100,3000.0,-3.1334
DDQN,591,16,87000,100,3000.0,-2.6296928
DDQN,591,16,88000,100,3000.0,-2.0691266
DDQN,591,16,89000,100,3000.0,-1.9160401
DDQN,591,16,90000,100,3000.0,-1.4083172
DDQN,591,16,91000,100,3000.0,-1.3801224
DDQN,591,16,92000,100,3000.0,-0.9061377
DDQN,591,16,93000,100,3000.0,-0.2192154
DDQN,591,16,94000,100,3000.0,0.095567934
DDQN,591,16,95000,100,3000.0,0.824968
DDQN,591,16,96000,100,3000.0,0.9665726
DDQN,591,16,97000,100,3000.0,1.2788248
DDQN,591,16,98000,100,3000.0,1.4490783
DDQN,591,16,99000,100,3000.0,1.5271921
DDQN,591,16,100000,100,3000.0,1.4593118
DDQN,591,17,1000,100,9.28,-8.903303
DDQN,591,17,2000,100,10.84,-7.479775
DDQN,591,17,3000,100,101.92,-58.93663
DDQN,591,17,4000,100,283.88,-87.24598
DDQN,591,17,5000,100,223.48,-79.66988
DDQN,591,17,6000,100,170.56,-70.1575
DDQN,591,17,7000,100,180.32,-70.42568
DDQN,591,17,8000,100,191.84,-71.34542
DDQN,591,17,9000,100,205.84,-70.70151
DDQN,591,17,10000,100,198.84,-69.325035
DDQN,591,17,11000,100,194.84,-66.53558
DDQN,591,17,12000,100,179.24,-62.58105
DDQN,591,17,13000,100,171.44,-60.407295
DDQN,591,17,14000,100,166.72,-58.291016
DDQN,591,17,15000,100,174.44,-56.95934
DDQN,591,17,16000,100,177.32,-56.778465
DDQN,591,17,17000,100,2179.84,-72.220184
DDQN,591,17,18000,100,3000.0,-70.97298
DDQN,591,17,19000,100,3000.0,-69.48371
DDQN,591,17,20000,100,3000.0,-68.71588
DDQN,591,17,21000,100,1071.2,-64.76585
DDQN,591,17,22000,100,3000.0,-65.42087
DDQN,591,17,23000,100,418.96,-60.54103
DDQN,591,17,24000,100,551.6,-60.4346
DDQN,591,17,25000,100,141.24,-37.018063
DDQN,591,17,26000,100,215.84,-48.841785
DDQN,591,17,27000,100,189.6,-43.80003
DDQN,591,17,28000,100,210.36,-43.955368
DDQN,591,17,29000,100,177.96,-38.422108
DDQN,591,17,30000,100,124.76,-25.822752
DDQN,591,17,31000,100,196.52,-38.682167
DDQN,591,17,32000,100,165.32,-30.63283
DDQN,591,17,33000,100,118.44,-20.402073
DDQN,591,17,34000,100,157.48,-27.745005
DDQN,591,17,35000,100,191.0,-31.483654
DDQN,591,17,36000,100,130.4,-19.40397
DDQN,591,17,37000,100,163.08,-24.458464
DDQN,591,17,38000,100,141.16,-19.100496
DDQN,591,17,39000,100,158.28,-22.345694
DDQN,591,17,40000,100,146.68,-18.204872
DDQN,591,17,41000,100,137.28,-14.720049
DDQN,591,17,42000,100,156.52,-17.935938
DDQN,591,17,43000,100,156.76,-17.173597
DDQN,591,17,44000,100,168.88,-18.539095
DDQN,591,17,45000,100,151.2,-13.545383
DDQN,591,17,46000,100,152.52,-13.328494
DDQN,591,17,47000,100,210.44,-19.197443
DDQN,591,17,48000,100,211.36,-17.068748
DDQN,591,17,49000,100,149.6,-8.577609
DDQN,591,17,50000,100,148.88,-6.444319
DDQN,591,17,51000,100,133.76,-1.747351
DDQN,591,17,52000,100,181.52,-9.146965
DDQN,591,17,53000,100,174.28,-7.0571356
DDQN,591,17,54000,100,283.88,-17.742285
DDQN,591,17,55000,100,280.96,-16.8451
DDQN,591,17,56000,100,183.16,-5.804578
DDQN,591,17,57000,100,196.32,-5.44878
DDQN,591,17,58000,100,146.08,2.0469341
DDQN,591,17,59000,100,268.68,-11.721689
DDQN,591,17,60000,100,248.36,-8.160911
DDQN,591,17,61000,100,293.76,-12.494611
DDQN,591,17,62000,100,314.28,-13.378822
DDQN,591,17,63000,100,292.68,-10.517176
DDQN,591,17,64000,100,278.76,-8.396933
DDQN,591,17,65000,100,332.28,-10.550227
DDQN,591,17,66000,100,303.04,-6.270713
DDQN,591,17,67000,100,334.04,-8.644404
DDQN,591,17,68000,100,231.8,2.695063
DDQN,591,17,69000,100,327.56,-6.3309507
DDQN,591,17,70000,100,345.0,-5.875795
DDQN,591,17,71000,100,340.12,-4.97524
DDQN,591,17,72000,100,331.96,-4.3195076
DDQN,591,17,73000,100,339.28,-4.0820494
DDQN,591,17,74000,100,350.24,-3.3193207
DDQN,591,17,75000,100,343.32,-2.7547207
DDQN,591,17,76000,100,342.48,-1.7184088
DDQN,591,17,77000,100,343.68,-1.3219305
DDQN,591,17,78000,100,356.08,-1.1957468
DDQN,591,17,79000,100,342.88,-0.6718619
DDQN,591,17,80000,100,359.0,0.10326843
DDQN,591,17,81000,100,310.24,2.5252962
DDQN,591,17,82000,100,333.88,2.432992
DDQN,591,17,83000,100,391.16,1.1076514
DDQN,591,17,84000,100,373.08,1.6209435
DDQN,591,17,85000,100,440.4,0.41797242
DDQN,591,17,86000,100,438.32,0.8477713
DDQN,591,17,87000,100,403.44,1.8142765
DDQN,591,17,88000,100,669.04,1.1380799
DDQN,591,17,89000,100,427.52,2.8151007
DDQN,591,17,90000,100,403.6,3.4589078
DDQN,591,17,91000,100,453.24,3.266913
DDQN,591,17,92000,100,599.88,2.9500518
DDQN,591,17,93000,100,615.24,2.5665684
DDQN,591,17,94000,100,516.68,2.9167502
DDQN,591,17,95000,100,575.76,2.8605938
DDQN,591,17,96000,100,628.24,3.6106243
DDQN,591,17,97000,100,514.16,4.4080415
DDQN,591,17,98000,100,1166.6,4.3236885
DDQN,591,17,99000,100,668.44,3.8861778
DDQN,591,17,100000,100,886.8,3.9863877
DDQN,591,18,1000,100,9.28,-8.845558
DDQN,591,18,2000,100,13.84,-10.113433
DDQN,591,18,3000,100,34.92,-24.543457
DDQN,591,18,4000,100,241.24,-84.76605
DDQN,591,18,5000,100,252.48,-83.268
DDQN,591,18,6000,100,210.56,-76.58525
DDQN,591,18,7000,100,192.8,-72.57314
DDQN,591,18,8000,100,153.92,-63.400616
DDQN,591,18,9000,100,160.84,-62.862633
DDQN,591,18,10000,100,169.24,-62.839375
DDQN,591,18,11000,100,168.56,-61.083996
DDQN,591,18,12000,100,169.4,-59.282135
DDQN,591,18,13000,100,173.72,-59.0101
DDQN,591,18,14000,100,157.16,-53.109463
DDQN,591,18,15000,100,154.56,-51.4006
DDQN,591,18,16000,100,150.6,-48.281475
DDQN,591,18,17000,100,165.32,-51.392624
DDQN,591,18,18000,100,165.52,-48.995296
DDQN,591,18,19000,100,161.52,-47.3169
DDQN,591,18,20000,100,155.28,-45.289085
DDQN,591,18,21000,100,135.96,-39.293114
DDQN,591,18,22000,100,118.56,-32.77745
DDQN,591,18,23000,100,137.92,-37.24607
DDQN,591,18,24000,100,125.6,-32.233894
DDQN,591,18,25000,100,198.48,-44.1516
DDQN,591,18,26000,100,189.64,-41.954376
DDQN,591,18,27000,100,208.92,-42.966396
DDQN,591,18,28000,100,238.4,-44.76533
DDQN,591,18,29000,100,154.6,-32.83052
DDQN,591,18,30000,100,316.04,-40.000256
DDQN,591,18,31000,100,325.88,-45.86714
DDQN,591,18,32000,100,190.2,-34.450317
DDQN,591,18,33000,100,334.72,-40.66108
DDQN,591,18,34000,100,130.2,-20.81033
DDQN,591,18,35000,100,262.36,-35.063877
DDQN,591,18,36000,100,187.64,-30.341595
DDQN,591,18,37000,100,176.04,-27.09207
DDQN,591,18,38000,100,146.96,-20.526709
DDQN,591,18,39000,100,179.68,-24.822624
DDQN,591,18,40000,100,156.88,-20.80094
DDQN,591,18,41000,100,175.92,-22.393076
DDQN,591,18,42000,100,128.68,-11.730813
DDQN,591,18,43000,100,128.6,-11.31345
DDQN,591,18,44000,100,131.44,-10.958628
DDQN,591,18,45000,100,176.32,-17.721502
DDQN,591,18,46000,100,183.8,-18.680883
DDQN,591,18,47000,100,135.36,-9.078616
DDQN,591,18,48000,100,153.64,-11.768935
DDQN,591,18,49000,100,346.64,-20.781668
DDQN,591,18,50000,100,151.52,-9.747647
DDQN,591,18,51000,100,189.36,-13.366399
DDQN,591,18,52000,100,153.8,-8.768879
DDQN,591,18,53000,100,293.08,-18.177937
DDQN,591,18,54000,100,189.52,-12.548114
DDQN,591,18,55000,100,171.2,-9.869541
DDQN,591,18,56000,100,559.2,-24.306063
DDQN,591,18,57000,100,443.88,-25.753149
DDQN,591,18,58000,100,201.56,-6.1887817
DDQN,591,18,59000,100,414.36,-22.323355
DDQN,591,18,60000,100,134.0,1.9012973
DDQN,591,18,61000,100,145.96,0.11869873
DDQN,591,18,62000,100,210.44,-7.9000525
DDQN,591,18,63000,100,151.76,-0.38657287
DDQN,591,18,64000,100,1646.96,-13.350708
DDQN,591,18,65000,100,193.52,-5.6033735
DDQN,591,18,66000,100,201.48,-5.53709
DDQN,591,18,67000,100,328.64,-9.046474
DDQN,591,18,68000,100,162.36,0.51260805
DDQN,591,18,69000,100,167.04,0.7563586
DDQN,591,18,70000,100,160.64,3.1040227
DDQN,591,18,71000,100,2436.6,-12.726444
DDQN,591,18,72000,100,791.6,-15.824768
DDQN,591,18,73000,100,454.4,-13.375571
DDQN,591,18,74000,100,340.2,-6.3430476
DDQN,591,18,75000,100,315.68,-10.411018
DDQN,591,18,76000,100,3000.0,-13.1919365
DDQN,591,18,77000,100,3000.0,-13.125324
DDQN,591,18,78000,100,3000.0,-12.719124
DDQN,591,18,79000,100,3000.0,-11.349207
DDQN,591,18,80000,100,3000.0,-11.10729
DDQN,591,18,81000,100,3000.0,-9.939532
DDQN,591,18,82000,100,3000.0,-9.267617
DDQN,591,18,83000,100,1941.64,-7.5465574
DDQN,591,18,84000,100,490.52,-7.16379
DDQN,591,18,85000,100,556.08,-6.8227453
DDQN,591,18,86000,100,3000.0,-6.814712
DDQN,591,18,87000,100,517.52,-5.5310087
DDQN,591,18,88000,100,2609.56,-4.8798294
DDQN,591,18,89000,100,501.8,-3.2409155
DDQN,591,18,90000,100,2487.84,-3.33078
DDQN,591,18,91000,100,3000.0,-3.00976
DDQN,591,18,92000,100,3000.0,-2.2833788
DDQN,591,18,93000,100,3000.0,-1.814815
DDQN,591,18,94000,100,3000.0,-0.9190442
DDQN,591,18,95000,100,3000.0,-0.5047675
DDQN,591,18,96000,100,3000.0,0.29716673
DDQN,591,18,97000,100,3000.0,0.69276154
DDQN,591,18,98000,100,3000.0,1.21029
DDQN,591,18,99000,100,3000.0,1.7278378
DDQN,591,18,100000,100,3000.0,2.4190698
DDQN,591,19,1000,100,26.44,-23.165796
DDQN,591,19,2000,100,11.84,-8.251431
DDQN,591,19,3000,100,21.96,-14.729196
DDQN,591,19,4000,100,220.36,-82.85752
DDQN,591,19,5000,100,246.12,-82.671844
DDQN,591,19,6000,100,236.04,-79.28865
DDQN,591,19,7000,100,210.84,-75.6454
DDQN,591,19,8000,100,199.68,-72.21454
DDQN,591,19,9000,100,186.36,-67.78813
DDQN,591,19,10000,100,169.84,-64.0071
DDQN,591,19,11000,100,162.88,-59.851757
DDQN,591,19,12000,100,162.08,-57.607857
DDQN,591,19,13000,100,138.12,-51.99738
DDQN,591,19,14000,100,119.16,-45.14016
DDQN,591,19,15000,100,151.32,-50.19421
DDQN,591,19,16000,100,132.04,-44.95192
DDQN,591,19,17000,100,153.08,-48.689728
DDQN,591,19,18000,100,153.24,-46.90637
DDQN,591,19,19000,100,125.84,-36.17078
DDQN,591,19,20000,100,181.2,-50.019154
DDQN,591,19,21000,100,182.88,-49.12008
DDQN,591,19,22000,100,178.04,-46.208183
DDQN,591,19,23000,100,154.0,-41.307125
DDQN,591,19,24000,100,190.84,-45.961132
DDQN,591,19,25000,100,184.72,-42.825382
DDQN,591,19,26000,100,147.08,-35.680508
DDQN,591,19,27000,100,164.96,-37.898544
DDQN,591,19,28000,100,155.92,-34.544445
DDQN,591,19,29000,100,139.6,-29.571533
DDQN,591,19,30000,100,147.44,-30.34027
DDQN,591,19,31000,100,187.0,-35.081585
DDQN,591,19,32000,100,138.76,-25.625298
DDQN,591,19,33000,100,133.56,-23.87379
DDQN,591,19,34000,100,148.56,-25.370943
DDQN,591,19,35000,100,136.92,-21.252161
DDQN,591,19,36000,100,126.92,-17.52333
DDQN,591,19,37000,100,184.96,-27.732515
DDQN,591,19,38000,100,136.96,-17.473114
DDQN,591,19,39000,100,120.68,-12.16783
DDQN,591,19,40000,100,114.4,-8.883961
DDQN,591,19,41000,100,146.6,-16.372303
DDQN,591,19,42000,100,129.36,-10.411897
DDQN,591,19,43000,100,132.84,-11.078194
DDQN,591,19,44000,100,138.08,-11.034199
DDQN,591,19,45000,100,142.72,-10.980254
DDQN,591,19,46000,100,145.8,-10.828252
DDQN,591,19,47000,100,123.0,-4.059653
DDQN,591,19,48000,100,115.96,-0.80623686
DDQN,591,19,49000,100,134.12,-5.8096757
DDQN,591,19,50000,100,146.64,-7.8427343
DDQN,591,19,51000,100,118.84,0.6730612
DDQN,591,19,52000,100,118.48,1.6604215
DDQN,591,19,53000,100,139.88,-3.3540652
DDQN,591,19,54000,100,148.16,-4.171746
DDQN,591,19,55000,100,118.0,5.3172483
DDQN,591,19,56000,100,134.36,1.0008862
DDQN,591,19,57000,100,150.84,-2.1618795
DDQN,591,19,58000,100,143.4,0.9003201
DDQN,591,19,59000,100,150.0,0.045407105
DDQN,591,19,60000,100,139.68,4.0741353
DDQN,591,19,61000,100,131.96,7.2161465
DDQN,591,19,62000,100,125.0,9.458719
DDQN,591,19,63000,100,130.16,9.303667
DDQN,591,19,64000,100,131.72,9.836404
DDQN,591,19,65000,100,137.56,9.075332
DDQN,591,19,66000,100,163.24,4.364425
DDQN,591,19,67000,100,154.48,7.1671557
DDQN,591,19,68000,100,170.28,5.006468
DDQN,591,19,69000,100,171.8,5.281329
DDQN,591,19,70000,100,174.44,6.175918
DDQN,591,19,71000,100,192.72,6.23042
DDQN,591,19,72000,100,234.56,1.2807218
DDQN,591,19,73000,100,174.68,12.374713
DDQN,591,19,74000,100,186.96,8.354267
DDQN,591,19,75000,100,164.44,12.819292
DDQN,591,19,76000,100,186.68,10.001225
DDQN,591,19,77000,100,187.08,10.449717
DDQN,591,19,78000,100,182.76,11.262269
DDQN,591,19,79000,100,223.92,6.181474
DDQN,591,19,80000,100,237.76,5.365222
DDQN,591,19,81000,100,245.0,5.0599504
DDQN,591,19,82000,100,216.52,8.265354
DDQN,591,19,83000,100,250.32,5.626946
DDQN,591,19,84000,100,263.12,4.8807054
DDQN,591,19,85000,100,291.44,3.3334265
DDQN,591,19,86000,100,256.12,6.0837855
DDQN,591,19,87000,100,247.68,7.116748
DDQN,591,19,88000,100,217.72,10.294384
DDQN,591,19,89000,100,229.16,9.010041
DDQN,591,19,90000,100,232.0,8.685774
DDQN,591,19,91000,100,257.88,6.6124587
DDQN,591,19,92000,100,276.52,5.7859364
DDQN,591,19,93000,100,305.92,4.3243017
DDQN,591,19,94000,100,427.68,2.232301
DDQN,591,19,95000,100,825.92,0.3713916
DDQN,591,19,96000,100,3000.0,0.7523306
DDQN,591,19,97000,100,3000.0,0.3278073
DDQN,591,19,98000,100,2797.32,0.5956467
DDQN,591,19,99000,100,2717.44,0.8487756
DDQN,591,19,100000,100,3000.0,1.3514175
DDQN,647,10,1000,100,9.44,-9.032413
DDQN,647,10,2000,100,3000.0,-96.996735
DDQN,647,10,3000,100,246.24,-84.89666
DDQN,647,10,4000,100,216.72,-80.710266
DDQN,647,10,5000,100,228.96,-80.59491
DDQN,647,10,6000,100,194.56,-75.57791
DDQN,647,10,7000,100,184.96,-72.88449
DDQN,647,10,8000,100,180.76,-70.18697
DDQN,647,10,9000,100,171.76,-68.16835
DDQN,647,10,10000,100,184.32,-68.13394
DDQN,647,10,11000,100,232.24,-72.575195
DDQN,647,10,12000,100,246.52,-72.76963
DDQN,647,10,13000,100,259.16,-67.96951
DDQN,647,10,14000,100,233.52,-67.888054
DDQN,647,10,15000,100,138.84,-52.232933
DDQN,647,10,16000,100,134.88,-50.197037
DDQN,647,10,17000,100,140.04,-49.670288
DDQN,647,10,18000,100,134.76,-47.08444
DDQN,647,10,19000,100,133.64,-45.15585
DDQN,647,10,20000,100,119.36,-40.2964
DDQN,647,10,21000,100,247.12,-56.88994
DDQN,647,10,22000,100,172.08,-47.02511
DDQN,647,10,23000,100,157.6,-44.190575
DDQN,647,10,24000,100,146.88,-40.528515
DDQN,647,10,25000,100,143.08,-38.94358
DDQN,647,10,26000,100,153.16,-38.047764
DDQN,647,10,27000,100,182.52,-44.67124
DDQN,647,10,28000,100,242.88,-48.644325
DDQN,647,10,29000,100,265.6,-46.912666
DDQN,647,10,30000,100,270.12,-49.96247
DDQN,647,10,31000,100,222.88,-43.329086
DDQN,647,10,32000,100,153.8,-34.17062
DDQN,647,10,33000,100,138.68,-29.783718
DDQN,647,10,34000,100,135.96,-28.332764
DDQN,647,10,35000,100,134.92,-25.686865
DDQN,647,10,36000,100,117.32,-20.981071
DDQN,647,10,37000,100,120.2,-20.562351
DDQN,647,10,38000,100,132.52,-23.354063
DDQN,647,10,39000,100,122.76,-18.583061
DDQN,647,10,40000,100,109.88,-13.82316
DDQN,647,10,41000,100,117.4,-14.55075
DDQN,647,10,42000,100,136.72,-19.091188
DDQN,647,10,43000,100,195.36,-26.137259
DDQN,647,10,44000,100,163.6,-23.399403
DDQN,647,10,45000,100,165.28,-22.261137
DDQN,647,10,46000,100,154.16,-18.578587
DDQN,647,10,47000,100,230.84,-26.400986
DDQN,647,10,48000,100,178.04,-20.018099
DDQN,647,10,49000,100,463.64,-30.014162
DDQN,647,10,50000,100,388.52,-30.56857
DDQN,647,10,51000,100,137.24,-10.189488
DDQN,647,10,52000,100,522.6,-28.353086
DDQN,647,10,53000,100,536.96,-33.554108
DDQN,647,10,54000,100,512.52,-31.85697
DDQN,647,10,55000,100,607.6,-26.069382
DDQN,647,10,56000,100,538.08,-29.798155
DDQN,647,10,57000,100,506.24,-28.552412
DDQN,647,10,58000,100,357.0,-25.61874
DDQN,647,10,59000,100,358.32,-25.308313
DDQN,647,10,60000,100,322.56,-23.529303
DDQN,647,10,61000,100,353.84,-22.94112
DDQN,647,10,62000,100,322.68,-21.42232
DDQN,647,10,63000,100,310.12,-19.111242
DDQN,647,10,64000,100,309.8,-18.656868
DDQN,647,10,65000,100,357.24,-19.002924
DDQN,647,10,66000,100,329.68,-17.493093
DDQN,647,10,67000,100,367.92,-17.922737
DDQN,647,10,68000,100,378.2,-16.418617
DDQN,647,10,69000,100,389.8,-16.200373
DDQN,647,10,70000,100,385.44,-14.920035
DDQN,647,10,71000,100,362.28,-13.74448
DDQN,647,10,72000,100,419.08,-13.660242
DDQN,647,10,73000,100,490.32,-13.935472
DDQN,647,10,74000,100,1815.04,-13.299482
DDQN,647,10,75000,100,495.68,-11.9970455
DDQN,647,10,76000,100,3000.0,-11.296164
DDQN,647,10,77000,100,916.44,-10.606706
DDQN,647,10,78000,100,3000.0,-9.733465
DDQN,647,10,79000,100,3000.0,-8.545943
DDQN,647,10,80000,100,3000.0,-7.7657557
DDQN,647,10,81000,100,3000.0,-6.8395653
DDQN,647,10,82000,100,3000.0,-5.780764
DDQN,647,10,83000,100,3000.0,-4.609206
DDQN,647,10,84000,100,3000.0,-4.0962834
DDQN,647,10,85000,100,3000.0,-2.9214115
DDQN,647,10,86000,100,3000.0,-1.9866323
DDQN,647,10,87000,100,3000.0,-0.83689547
DDQN,647,10,88000,100,3000.0,0.21250793
DDQN,647,10,89000,100,3000.0,1.0897843
DDQN,647,10,90000,100,3000.0,2.0819993
DDQN,647,10,91000,100,3000.0,2.3549337
DDQN,647,10,92000,100,3000.0,3.2153766
DDQN,647,10,93000,100,3000.0,3.4767344
DDQN,647,10,94000,100,3000.0,4.5482106
DDQN,647,10,95000,100,3000.0,4.720559
DDQN,647,10,96000,100,3000.0,5.518584
DDQN,647,10,97000,100,3000.0,6.21235
DDQN,647,10,98000,100,3000.0,6.8136773
DDQN,647,10,99000,100,3000.0,7.323854
DDQN,647,10,100000,100,3000.0,8.119211
DDQN,647,11,1000,100,9.28,-8.900425
DDQN,647,11,2000,100,1328.84,-97.041916
DDQN,647,11,3000,100,310.76,-91.26262
DDQN,647,11,4000,100,208.8,-79.95933
DDQN,647,11,5000,100,191.52,-77.45322
DDQN,647,11,6000,100,164.28,-70.58291
DDQN,647,11,7000,100,155.68,-67.49483
DDQN,647,11,8000,100,160.96,-66.9475
DDQN,647,11,9000,100,164.0,-65.82744
DDQN,647,11,10000,100,160.72,-63.511444
DDQN,647,11,11000,100,155.16,-61.25366
DDQN,647,11,12000,100,174.84,-63.132137
DDQN,647,11,13000,100,163.96,-59.311035
DDQN,647,11,14000,100,168.8,-59.4173
DDQN,647,11,15000,100,195.24,-60.675922
DDQN,647,11,16000,100,172.96,-56.955044
DDQN,647,11,17000,100,164.32,-53.519386
DDQN,647,11,18000,100,168.52,-54.13419
DDQN,647,11,19000,100,147.64,-48.251118
DDQN,647,11,20000,100,140.16,-45.558453
DDQN,647,11,21000,100,120.84,-38.909042
DDQN,647,11,22000,100,161.72,-48.027943
DDQN,647,11,23000,100,110.04,-33.244663
DDQN,647,11,24000,100,107.88,-30.791285
DDQN,647,11,25000,100,109.52,-30.892078
DDQN,647,11,26000,100,104.6,-27.459558
DDQN,647,11,27000,100,107.96,-27.76546
DDQN,647,11,28000,100,110.24,-26.742031
DDQN,647,11,29000,100,105.52,-24.540493
DDQN,647,11,30000,100,112.04,-25.60656
DDQN,647,11,31000,100,120.8,-27.208836
DDQN,647,11,32000,100,144.16,-29.003107
DDQN,647,11,33000,100,169.76,-29.744865
DDQN,647,11,34000,100,137.24,-22.17151
DDQN,647,11,35000,100,198.0,-35.968857
DDQN,647,11,36000,100,114.04,-18.26914
DDQN,647,11,37000,100,107.24,-15.356297
DDQN,647,11,38000,100,165.48,-24.698992
DDQN,647,11,39000,100,124.8,-16.411556
DDQN,647,11,40000,100,131.16,-15.36145
DDQN,647,11,41000,100,110.44,-11.608294
DDQN,647,11,42000,100,119.28,-11.91762
DDQN,647,11,43000,100,109.96,-9.231894
DDQN,647,11,44000,100,112.6,-9.225704
DDQN,647,11,45000,100,105.44,-5.6839833
DDQN,647,11,46000,100,104.88,-3.8829181
DDQN,647,11,47000,100,106.56,-3.271985
DDQN,647,11,48000,100,113.64,-4.13859
DDQN,647,11,49000,100,112.88,-3.062887
DDQN,647,11,50000,100,115.4,-2.678636
DDQN,647,11,51000,100,134.24,-7.4335084
DDQN,647,11,52000,100,130.96,-4.850324
DDQN,647,11,53000,100,111.16,1.0326587
DDQN,647,11,54000,100,109.36,3.285957
DDQN,647,11,55000,100,113.4,2.8716452
DDQN,647,11,56000,100,114.32,3.5819256
DDQN,647,11,57000,100,114.08,4.6033263
DDQN,647,11,58000,100,129.2,0.81019896
DDQN,647,11,59000,100,125.44,2.8222892
DDQN,647,11,60000,100,158.64,-3.278544
DDQN,647,11,61000,100,173.56,-3.6829576
DDQN,647,11,62000,100,177.72,-3.762447
DDQN,647,11,63000,100,179.56,-3.779238
DDQN,647,11,64000,100,237.0,-10.219409
DDQN,647,11,65000,100,233.64,-9.276105
DDQN,647,11,66000,100,301.36,-12.974644
DDQN,647,11,67000,100,343.2,-11.422839
DDQN,647,11,68000,100,340.0,-15.742285
DDQN,647,11,69000,100,339.48,-14.479107
DDQN,647,11,70000,100,314.64,-12.69774
DDQN,647,11,71000,100,755.12,-17.523518
DDQN,647,11,72000,100,534.52,-15.92989
DDQN,647,11,73000,100,373.32,-15.021518
DDQN,647,11,74000,100,436.36,-15.400108
DDQN,647,11,75000,100,437.04,-14.913219
DDQN,647,11,76000,100,526.12,-14.823994
DDQN,647,11,77000,100,492.12,-13.85324
DDQN,647,11,78000,100,603.76,-14.456496
DDQN,647,11,79000,100,683.4,-14.535851
DDQN,647,11,80000,100,421.32,-12.750885
DDQN,647,11,81000,100,543.52,-12.821453
DDQN,647,11,82000,100,1539.44,-13.405674
DDQN,647,11,83000,100,1474.48,-13.119
DDQN,647,11,84000,100,1632.6,-12.626233
DDQN,647,11,85000,100,1789.92,-11.995136
DDQN,647,11,86000,100,1810.28,-11.5252495
DDQN,647,11,87000,100,973.28,-10.644198
DDQN,647,11,88000,100,843.24,-10.253828
DDQN,647,11,89000,100,813.88,-10.01766
DDQN,647,11,90000,100,550.72,-8.986695
DDQN,647,11,91000,100,809.12,-8.892883
DDQN,647,11,92000,100,1001.44,-8.032478
DDQN,647,11,93000,100,713.48,-7.9105487
DDQN,647,11,94000,100,631.0,-7.2299566
DDQN,647,11,95000,100,2431.52,-7.2763186
DDQN,647,11,96000,100,3000.0,-6.77017
DDQN,647,11,97000,100,2649.48,-6.5762815
DDQN,647,11,98000,100,3000.0,-5.8465714
DDQN,647,11,99000,100,3000.0,-5.18866
DDQN,647,11,100000,100,3000.0,-4.764354
DDQN,647,12,1000,100,9.28,-8.828122
DDQN,647,12,2000,100,16.36,-12.187848
DDQN,647,12,3000,100,166.0,-76.99894
DDQN,647,12,4000,100,248.6,-84.801025
DDQN,647,12,5000,100,190.12,-76.77095
DDQN,647,12,6000,100,188.68,-73.58134
DDQN,647,12,7000,100,166.6,-69.8854
DDQN,647,12,8000,100,170.12,-68.270164
DDQN,647,12,9000,100,185.92,-67.92138
DDQN,647,12,10000,100,159.96,-63.475365
DDQN,647,12,11000,100,152.72,-60.70787
DDQN,647,12,12000,100,152.88,-59.12558
DDQN,647,12,13000,100,147.56,-54.73059
DDQN,647,12,14000,100,128.16,-50.78381
DDQN,647,12,15000,100,118.72,-46.526157
DDQN,647,12,16000,100,317.92,-69.959076
DDQN,647,12,17000,100,223.12,-62.90007
DDQN,647,12,18000,100,162.08,-52.814766
DDQN,647,12,19000,100,119.64,-42.0046
DDQN,647,12,20000,100,121.52,-41.79584
DDQN,647,12,21000,100,131.92,-42.91685
DDQN,647,12,22000,100,225.32,-55.751644
DDQN,647,12,23000,100,171.2,-48.259205
DDQN,647,12,24000,100,239.36,-55.84408
DDQN,647,12,25000,100,122.84,-32.562187
DDQN,647,12,26000,100,140.52,-38.85395
DDQN,647,12,27000,100,144.28,-38.463882
DDQN,647,12,28000,100,145.8,-36.750477
DDQN,647,12,29000,100,161.84,-39.445316
DDQN,647,12,30000,100,193.16,-43.31569
DDQN,647,12,31000,100,198.04,-42.654926
DDQN,647,12,32000,100,202.96,-41.28575
DDQN,647,12,33000,100,230.88,-43.57064
DDQN,647,12,34000,100,165.2,-34.99238
DDQN,647,12,35000,100,161.72,-33.383068
DDQN,647,12,36000,100,151.12,-30.386187
DDQN,647,12,37000,100,171.48,-32.37415
DDQN,647,12,38000,100,151.4,-28.402735
DDQN,647,12,39000,100,158.96,-28.37249
DDQN,647,12,40000,100,161.44,-27.857227
DDQN,647,12,41000,100,147.44,-24.255903
DDQN,647,12,42000,100,153.48,-24.476435
DDQN,647,12,43000,100,179.4,-27.513361
DDQN,647,12,44000,100,206.32,-29.529852
DDQN,647,12,45000,100,188.12,-26.540434
DDQN,647,12,46000,100,153.6,-20.183931
DDQN,647,12,47000,100,197.16,-25.429438
DDQN,647,12,48000,100,156.08,-18.394468
DDQN,647,12,49000,100,286.8,-20.710213
DDQN,647,12,50000,100,187.92,-22.322056
DDQN,647,12,51000,100,173.52,-19.561535
DDQN,647,12,52000,100,175.28,-18.547604
DDQN,647,12,53000,100,158.24,-13.380371
DDQN,647,12,54000,100,145.72,-11.993894
DDQN,647,12,55000,100,164.76,-15.184863
DDQN,647,12,56000,100,153.0,-10.802626
DDQN,647,12,57000,100,116.68,-2.1539936
DDQN,647,12,58000,100,118.48,-2.1050227
DDQN,647,12,59000,100,248.48,-6.1293263
DDQN,647,12,60000,100,124.0,-2.0947857
DDQN,647,12,61000,100,135.36,-3.89297
DDQN,647,12,62000,100,134.28,-3.1444125
DDQN,647,12,63000,100,123.52,0.43014404
DDQN,647,12,64000,100,136.76,-2.522597
DDQN,647,12,65000,100,137.04,-1.6617602
DDQN,647,12,66000,100,140.84,-1.9963657
DDQN,647,12,67000,100,133.68,0.8306915
DDQN,647,12,68000,100,133.96,1.502514
DDQN,647,12,69000,100,139.8,0.53264284
DDQN,647,12,70000,100,140.28,1.4690744
DDQN,647,12,71000,100,150.36,0.07161499
DDQN,647,12,72000,100,137.4,3.5645978
DDQN,647,12,73000,100,136.08,3.9975922
DDQN,647,12,74000,100,135.88,5.262628
DDQN,647,12,75000,100,252.68,3.7883914
DDQN,647,12,76000,100,161.4,2.209551
DDQN,647,12,77000,100,176.2,-1.229967
DDQN,647,12,78000,100,1203.44,-6.6556273
DDQN,647,12,79000,100,301.92,-2.6519067
DDQN,647,12,80000,100,207.8,-0.838349
DDQN,647,12,81000,100,371.36,-4.1614423
DDQN,647,12,82000,100,507.68,-6.2538543
DDQN,647,12,83000,100,601.0,-8.274824
DDQN,647,12,84000,100,489.32,-7.21843
DDQN,647,12,85000,100,358.68,-3.1851444
DDQN,647,12,86000,100,272.96,-4.486246
DDQN,647,12,87000,100,257.4,-4.384257
DDQN,647,12,88000,100,736.44,-8.418894
DDQN,647,12,89000,100,1587.96,-8.314087
DDQN,647,12,90000,100,1487.8,-8.17112
DDQN,647,12,91000,100,1807.04,-8.138409
DDQN,647,12,92000,100,525.12,-5.689992
DDQN,647,12,93000,100,727.04,-5.262008
DDQN,647,12,94000,100,2032.28,-6.715958
DDQN,647,12,95000,100,755.44,-5.004584
DDQN,647,12,96000,100,1280.76,-5.1820264
DDQN,647,12,97000,100,1836.6,-6.652795
DDQN,647,12,98000,100,1137.48,-5.7097645
DDQN,647,12,99000,100,853.0,-3.6202352
DDQN,647,12,100000,100,3000.0,-6.2472954
DDQN,647,13,1000,100,10.56,-10.078116
DDQN,647,13,2000,100,12.24,-8.555122
DDQN,647,13,3000,100,92.48,-55.105045
DDQN,647,13,4000,100,201.08,-80.23016
DDQN,647,13,5000,100,226.48,-81.803375
DDQN,647,13,6000,100,215.48,-78.02225
DDQN,647,13,7000,100,174.0,-71.348305
DDQN,647,13,8000,100,171.96,-68.951805
DDQN,647,13,9000,100,179.04,-68.50428
DDQN,647,13,10000,100,163.2,-63.534863
DDQN,647,13,11000,100,170.92,-63.522617
DDQN,647,13,12000,100,170.4,-62.55532
DDQN,647,13,13000,100,190.56,-64.009155
DDQN,647,13,14000,100,207.48,-64.407196
DDQN,647,13,15000,100,207.72,-63.634125
DDQN,647,13,16000,100,241.6,-66.55426
DDQN,647,13,17000,100,260.6,-66.56535
DDQN,647,13,18000,100,285.44,-67.293915
DDQN,647,13,19000,100,150.68,-49.21753
DDQN,647,13,20000,100,276.04,-63.640263
DDQN,647,13,21000,100,153.8,-47.20916
DDQN,647,13,22000,100,167.64,-48.812157
DDQN,647,13,23000,100,214.8,-54.477123
DDQN,647,13,24000,100,216.68,-50.80552
DDQN,647,13,25000,100,212.16,-47.858955
DDQN,647,13,26000,100,222.92,-48.0339
DDQN,647,13,27000,100,250.36,-49.209827
DDQN,647,13,28000,100,150.2,-35.94877
DDQN,647,13,29000,100,138.0,-31.488682
DDQN,647,13,30000,100,163.2,-35.46889
DDQN,647,13,31000,100,137.84,-28.811672
DDQN,647,13,32000,100,168.12,-34.780155
DDQN,647,13,33000,100,141.32,-25.346956
DDQN,647,13,34000,100,178.12,-27.201555
DDQN,647,13,35000,100,338.32,-35.739964
DDQN,647,13,36000,100,130.16,-21.127409
DDQN,647,13,37000,100,154.84,-26.753183
DDQN,647,13,38000,100,144.8,-20.734173
DDQN,647,13,39000,100,124.84,-16.662748
DDQN,647,13,40000,100,131.16,-15.45171
DDQN,647,13,41000,100,104.12,-9.68336
DDQN,647,13,42000,100,135.04,-17.142523
DDQN,647,13,43000,100,139.48,-15.7329855
DDQN,647,13,44000,100,144.64,-16.65212
DDQN,647,13,45000,100,118.52,-11.008972
DDQN,647,13,46000,100,130.6,-12.476087
DDQN,647,13,47000,100,138.24,-13.8207445
DDQN,647,13,48000,100,125.76,-9.128763
DDQN,647,13,49000,100,129.08,-9.062511
DDQN,647,13,50000,100,119.28,-4.87222
DDQN,647,13,51000,100,105.72,0.0064411927
DDQN,647,13,52000,100,125.72,-3.9604533
DDQN,647,13,53000,100,140.84,-4.490175
DDQN,647,13,54000,100,111.8,1.3436066
DDQN,647,13,55000,100,112.72,2.0768702
DDQN,647,13,56000,100,131.52,-0.9958633
DDQN,647,13,57000,100,111.04,4.5855746
DDQN,647,13,58000,100,133.04,-0.8663968
DDQN,647,13,59000,100,142.44,0.23837891
DDQN,647,13,60000,100,125.6,3.3084583
DDQN,647,13,61000,100,120.28,6.1865845
DDQN,647,13,62000,100,123.64,6.033027
DDQN,647,13,63000,100,118.08,8.227508
DDQN,647,13,64000,100,124.52,7.652384
DDQN,647,13,65000,100,138.72,3.4863372
DDQN,647,13,66000,100,138.52,3.9449062
DDQN,647,13,67000,100,146.84,2.603118
DDQN,647,13,68000,100,269.16,-4.9335146
DDQN,647,13,69000,100,295.36,-8.125632
DDQN,647,13,70000,100,240.52,-1.2138785
DDQN,647,13,71000,100,169.16,2.883645
DDQN,647,13,72000,100,256.6,-4.0357623
DDQN,647,13,73000,100,201.84,-0.2171817
DDQN,647,13,74000,100,162.72,5.3828907
DDQN,647,13,75000,100,196.0,3.2350945
DDQN,647,13,76000,100,419.48,-10.863918
DDQN,647,13,77000,100,455.72,-10.508554
DDQN,647,13,78000,100,434.12,-9.110076
DDQN,647,13,79000,100,1211.16,-8.758205
DDQN,647,13,80000,100,404.12,-6.7002687
DDQN,647,13,81000,100,507.56,-6.253619
DDQN,647,13,82000,100,889.84,-5.4441333
DDQN,647,13,83000,100,1846.24,-4.2498794
DDQN,647,13,84000,100,1160.32,-1.6428995
DDQN,647,13,85000,100,2261.4,-1.5610825
DDQN,647,13,86000,100,763.08,2.9146202
DDQN,647,13,87000,100,2040.08,0.30927032
DDQN,647,13,88000,100,2794.24,-0.3002948
DDQN,647,13,89000,100,3000.0,0.39782226
DDQN,647,13,90000,100,3000.0,0.9122922
DDQN,647,13,91000,100,3000.0,1.5296134
DDQN,647,13,92000,100,3000.0,2.470449
DDQN,647,13,93000,100,3000.0,2.821263
DDQN,647,13,94000,100,3000.0,4.140253
DDQN,647,13,95000,100,3000.0,4.018767
DDQN,647,13,96000,100,3000.0,4.845745
DDQN,647,13,97000,100,3000.0,5.1464605
DDQN,647,13,98000,100,3000.0,5.172202
DDQN,647,13,99000,100,787.8,6.4636397
DDQN,647,13,100000,100,2978.24,6.3806896
DDQN,647,14,1000,100,9.44,-9.00862
DDQN,647,14,2000,100,44.72,-32.729244
DDQN,647,14,3000,100,305.4,-90.59212
DDQN,647,14,4000,100,290.84,-87.55136
DDQN,647,14,5000,100,228.36,-81.328735
DDQN,647,14,6000,100,215.52,-78.14849
DDQN,647,14,7000,100,219.36,-77.59629
DDQN,647,14,8000,100,224.4,-75.545334
DDQN,647,14,9000,100,197.24,-72.023705
DDQN,647,14,10000,100,197.48,-69.6572
DDQN,647,14,11000,100,169.8,-64.42426
DDQN,647,14,12000,100,176.08,-63.03713
DDQN,647,14,13000,100,217.36,-67.16148
DDQN,647,14,14000,100,255.04,-69.512566
DDQN,647,14,15000,100,246.96,-67.15852
DDQN,647,14,16000,100,275.36,-67.95064
DDQN,647,14,17000,100,389.36,-70.56392
DDQN,647,14,18000,100,405.64,-71.06758
DDQN,647,14,19000,100,3000.0,-71.34162
DDQN,647,14,20000,100,3000.0,-70.34859
DDQN,647,14,21000,100,3000.0,-68.55698
DDQN,647,14,22000,100,836.32,-65.98307
DDQN,647,14,23000,100,206.12,-53.393555
DDQN,647,14,24000,100,393.4,-61.04683
DDQN,647,14,25000,100,272.88,-56.32762
DDQN,647,14,26000,100,269.84,-54.99913
DDQN,647,14,27000,100,263.12,-52.200584
DDQN,647,14,28000,100,251.76,-50.681557
DDQN,647,14,29000,100,244.6,-49.1329
DDQN,647,14,30000,100,437.28,-54.324074
DDQN,647,14,31000,100,398.2,-52.741695
DDQN,647,14,32000,100,267.24,-47.39889
DDQN,647,14,33000,100,177.28,-36.613922
DDQN,647,14,34000,100,132.64,-25.765593
DDQN,647,14,35000,100,295.72,-42.694183
DDQN,647,14,36000,100,152.76,-27.667334
DDQN,647,14,37000,100,183.4,-30.820328
DDQN,647,14,38000,100,242.8,-35.628216
DDQN,647,14,39000,100,323.32,-40.272022
DDQN,647,14,40000,100,302.76,-39.51142
DDQN,647,14,41000,100,300.92,-38.006824
DDQN,647,14,42000,100,218.88,-29.962875
DDQN,647,14,43000,100,197.64,-25.4143
DDQN,647,14,44000,100,173.72,-23.124975
DDQN,647,14,45000,100,276.56,-32.69488
DDQN,647,14,46000,100,308.16,-32.26136
DDQN,647,14,47000,100,187.76,-20.502722
DDQN,647,14,48000,100,238.44,-25.676678
DDQN,647,14,49000,100,204.32,-22.67211
DDQN,647,14,50000,100,361.28,-31.401255
DDQN,647,14,51000,100,248.36,-23.35091
DDQN,647,14,52000,100,333.6,-28.832457
DDQN,647,14,53000,100,407.48,-30.952106
DDQN,647,14,54000,100,539.68,-31.003258
DDQN,647,14,55000,100,399.12,-28.363853
DDQN,647,14,56000,100,381.4,-27.801186
DDQN,647,14,57000,100,348.04,-25.87745
DDQN,647,14,58000,100,363.76,-25.837336
DDQN,647,14,59000,100,398.64,-25.429276
DDQN,647,14,60000,100,322.16,-22.505825
DDQN,647,14,61000,100,319.72,-21.370237
DDQN,647,14,62000,100,315.32,-20.68897
DDQN,647,14,63000,100,145.4,0.26441437
DDQN,647,14,64000,100,341.96,-19.62243
DDQN,647,14,65000,100,380.68,-19.133831
DDQN,647,14,66000,100,345.04,-17.672121
DDQN,647,14,67000,100,372.88,-17.598082
DDQN,647,14,68000,100,459.16,-16.718271
DDQN,647,14,69000,100,445.24,-16.375261
DDQN,647,14,70000,100,387.08,-14.379066
DDQN,647,14,71000,100,396.44,-14.134542
DDQN,647,14,72000,100,330.8,-11.391265
DDQN,647,14,73000,100,396.72,-12.443594
DDQN,647,14,74000,100,379.04,-11.473425
DDQN,647,14,75000,100,679.44,-12.116519
DDQN,647,14,76000,100,1684.68,-11.991076
DDQN,647,14,77000,100,349.52,-8.916898
DDQN,647,14,78000,100,417.8,-9.709718
DDQN,647,14,79000,100,2200.76,-10.089124
DDQN,647,14,80000,100,1343.16,-10.256034
DDQN,647,14,81000,100,833.48,-9.5361805
DDQN,647,14,82000,100,1840.24,-9.208126
DDQN,647,14,83000,100,1224.68,-8.494767
DDQN,647,14,84000,100,1349.56,-8.513858
DDQN,647,14,85000,100,3000.0,-7.928038
DDQN,647,14,86000,100,3000.0,-7.6532598
DDQN,647,14,87000,100,3000.0,-7.1028175
DDQN,647,14,88000,100,2894.08,-6.818501
DDQN,647,14,89000,100,2757.16,-6.4388475
DDQN,647,14,90000,100,2161.68,-5.869481
DDQN,647,14,91000,100,3000.0,-5.6339135
DDQN,647,14,92000,100,3000.0,-5.0417233
DDQN,647,14,93000,100,1502.64,-5.0081544
DDQN,647,14,94000,100,2994.16,-4.946438
DDQN,647,14,95000,100,3000.0,-4.8864923
DDQN,647,14,96000,100,3000.0,-4.6581473
DDQN,647,14,97000,100,3000.0,-4.4575157
DDQN,647,14,98000,100,3000.0,-4.3680196
DDQN,647,14,99000,100,3000.0,-4.0606856
DDQN,647,14,100000,100,3000.0,-3.8293982
DDQN,647,15,1000,100,9.28,-8.852837
DDQN,647,15,2000,100,20.84,-15.533409
DDQN,647,15,3000,100,313.6,-91.74429
DDQN,647,15,4000,100,239.0,-82.7132
DDQN,647,15,5000,100,202.44,-78.72043
DDQN,647,15,6000,100,226.96,-79.265076
DDQN,647,15,7000,100,208.0,-75.99381
DDQN,647,15,8000,100,195.4,-72.55668
DDQN,647,15,9000,100,196.84,-71.80159
DDQN,647,15,10000,100,196.84,-69.7351
DDQN,647,15,11000,100,196.72,-67.84611
DDQN,647,15,12000,100,204.6,-67.321495
DDQN,647,15,13000,100,211.04,-65.71023
DDQN,647,15,14000,100,217.68,-65.84706
DDQN,647,15,15000,100,237.44,-65.432396
DDQN,647,15,16000,100,256.72,-65.77842
DDQN,647,15,17000,100,261.44,-64.582794
DDQN,647,15,18000,100,2179.4,-71.69519
DDQN,647,15,19000,100,3000.0,-70.18493
DDQN,647,15,20000,100,2891.6,-69.289665
DDQN,647,15,21000,100,3000.0,-67.53015
DDQN,647,15,22000,100,332.6,-62.44643
DDQN,647,15,23000,100,349.16,-61.448105
DDQN,647,15,24000,100,251.4,-55.13896
DDQN,647,15,25000,100,216.44,-50.48509
DDQN,647,15,26000,100,232.96,-50.181896
DDQN,647,15,27000,100,210.44,-45.701332
DDQN,647,15,28000,100,243.24,-48.537025
DDQN,647,15,29000,100,229.92,-46.299717
DDQN,647,15,30000,100,203.92,-40.359623
DDQN,647,15,31000,100,220.12,-42.816574
DDQN,647,15,32000,100,198.64,-39.50746
DDQN,647,15,33000,100,182.6,-36.133347
DDQN,647,15,34000,100,162.52,-31.492868
DDQN,647,15,35000,100,213.08,-37.253834
DDQN,647,15,36000,100,203.36,-35.915348
DDQN,647,15,37000,100,237.68,-38.472775
DDQN,647,15,38000,100,207.48,-34.45778
DDQN,647,15,39000,100,237.76,-35.373585
DDQN,647,15,40000,100,167.96,-25.981739
DDQN,647,15,41000,100,199.2,-28.245779
DDQN,647,15,42000,100,218.08,-31.863873
DDQN,647,15,43000,100,208.04,-29.645752
DDQN,647,15,44000,100,202.52,-26.25836
DDQN,647,15,45000,100,234.96,-30.504402
DDQN,647,15,46000,100,215.96,-26.57837
DDQN,647,15,47000,100,245.48,-28.43396
DDQN,647,15,48000,100,244.48,-28.69827
DDQN,647,15,49000,100,270.16,-29.851696
DDQN,647,15,50000,100,288.84,-30.049253
DDQN,647,15,51000,100,348.52,-31.751448
DDQN,647,15,52000,100,288.36,-24.494081
DDQN,647,15,53000,100,255.28,-23.070528
DDQN,647,15,54000,100,275.96,-24.892328
DDQN,647,15,55000,100,216.84,-17.615236
DDQN,647,15,56000,100,146.04,-7.6997294
DDQN,647,15,57000,100,145.56,-6.2869496
DDQN,647,15,58000,100,152.12,-7.203293
DDQN,647,15,59000,100,159.16,-7.7368703
DDQN,647,15,60000,100,152.04,-5.8262486
DDQN,647,15,61000,100,136.24,-0.7542673
DDQN,647,15,62000,100,181.68,-8.901586
DDQN,647,15,63000,100,161.32,-4.7180247
DDQN,647,15,64000,100,151.92,-2.4663444
DDQN,647,15,65000,100,148.24,-1.0671191
DDQN,647,15,66000,100,150.08,-1.0618863
DDQN,647,15,67000,100,143.04,1.2891635
DDQN,647,15,68000,100,150.56,0.16982178
DDQN,647,15,69000,100,184.08,-5.1404514
DDQN,647,15,70000,100,235.32,-10.213406
DDQN,647,15,71000,100,158.04,-0.44608703
DDQN,647,15,72000,100,153.68,1.0915246
DDQN,647,15,73000,100,143.92,3.9241505
DDQN,647,15,74000,100,3000.0,-18.673603
DDQN,647,15,75000,100,3000.0,-18.143217
DDQN,647,15,76000,100,3000.0,-16.822931
DDQN,647,15,77000,100,3000.0,-15.90869
DDQN,647,15,78000,100,2037.44,-14.625812
DDQN,647,15,79000,100,2723.6,-13.887709
DDQN,647,15,80000,100,3000.0,-12.763444
DDQN,647,15,81000,100,480.32,-10.869342
DDQN,647,15,82000,100,2235.48,-10.686581
DDQN,647,15,83000,100,3000.0,-9.416962
DDQN,647,15,84000,100,3000.0,-8.734993
DDQN,647,15,85000,100,3000.0,-7.7700367
DDQN,647,15,86000,100,3000.0,-7.3654323
DDQN,647,15,87000,100,3000.0,-6.39232
DDQN,647,15,88000,100,3000.0,-5.661485
DDQN,647,15,89000,100,3000.0,-5.208847
DDQN,647,15,90000,100,3000.0,-4.2330956
DDQN,647,15,91000,100,3000.0,-3.6745553
DDQN,647,15,92000,100,3000.0,-2.9612517
DDQN,647,15,93000,100,3000.0,-1.9595389
DDQN,647,15,94000,100,3000.0,-1.6883737
DDQN,647,15,95000,100,2691.72,-1.5132513
DDQN,647,15,96000,100,3000.0,-1.049797
DDQN,647,15,97000,100,3000.0,-1.2006296
DDQN,647,15,98000,100,3000.0,-0.9097601
DDQN,647,15,99000,100,3000.0,-0.6568878
DDQN,647,15,100000,100,3000.0,-0.12700988
DDQN,647,16,1000,100,9.44,-9.077558
DDQN,647,16,2000,100,73.16,-46.65297
DDQN,647,16,3000,100,93.96,-54.872055
DDQN,647,16,4000,100,171.32,-73.91717
DDQN,647,16,5000,100,214.24,-79.99225
DDQN,647,16,6000,100,212.56,-77.6324
DDQN,647,16,7000,100,162.24,-68.947754
DDQN,647,16,8000,100,164.16,-67.7289
DDQN,647,16,9000,100,159.72,-65.08987
DDQN,647,16,10000,100,151.92,-61.77551
DDQN,647,16,11000,100,129.24,-55.462437
DDQN,647,16,12000,100,138.96,-55.280506
DDQN,647,16,13000,100,138.88,-54.188988
DDQN,647,16,14000,100,152.64,-56.751713
DDQN,647,16,15000,100,156.28,-54.8005
DDQN,647,16,16000,100,130.08,-48.110775
DDQN,647,16,17000,100,119.16,-44.097572
DDQN,647,16,18000,100,125.44,-45.213573
DDQN,647,16,19000,100,137.64,-46.666386
DDQN,647,16,20000,100,174.48,-52.24358
DDQN,647,16,21000,100,259.28,-60.7535
DDQN,647,16,22000,100,199.2,-53.30702
DDQN,647,16,23000,100,192.08,-48.729546
DDQN,647,16,24000,100,293.72,-47.39349
DDQN,647,16,25000,100,272.24,-55.20231
DDQN,647,16,26000,100,251.4,-52.157997
DDQN,647,16,27000,100,169.24,-41.149937
DDQN,647,16,28000,100,154.72,-38.439457
DDQN,647,16,29000,100,150.64,-37.766808
DDQN,647,16,30000,100,194.28,-43.639366
DDQN,647,16,31000,100,184.64,-40.34792
DDQN,647,16,32000,100,252.56,-45.461082
DDQN,647,16,33000,100,192.04,-39.887047
DDQN,647,16,34000,100,203.36,-39.847668
DDQN,647,16,35000,100,171.6,-33.98927
DDQN,647,16,36000,100,205.84,-38.086197
DDQN,647,16,37000,100,171.12,-31.040058
DDQN,647,16,38000,100,151.48,-26.698387
DDQN,647,16,39000,100,116.36,-16.616583
DDQN,647,16,40000,100,141.72,-21.44004
DDQN,647,16,41000,100,133.6,-19.289913
DDQN,647,16,42000,100,121.0,-15.486083
DDQN,647,16,43000,100,174.56,-25.554218
DDQN,647,16,44000,100,183.12,-26.154991
DDQN,647,16,45000,100,150.96,-19.583204
DDQN,647,16,46000,100,181.52,-22.294594
DDQN,647,16,47000,100,179.28,-21.386509
DDQN,647,16,48000,100,198.04,-23.331505
DDQN,647,16,49000,100,177.88,-19.407421
DDQN,647,16,50000,100,217.44,-23.831755
DDQN,647,16,51000,100,191.4,-19.900902
DDQN,647,16,52000,100,233.36,-24.2154
DDQN,647,16,53000,100,233.68,-22.883612
DDQN,647,16,54000,100,126.16,-4.9023085
DDQN,647,16,55000,100,148.24,-9.070132
DDQN,647,16,56000,100,125.56,-2.3295355
DDQN,647,16,57000,100,133.92,-4.1349854
DDQN,647,16,58000,100,212.68,-16.70454
DDQN,647,16,59000,100,135.2,-2.6565363
DDQN,647,16,60000,100,142.48,-4.1186576
DDQN,647,16,61000,100,148.24,-4.6194386
DDQN,647,16,62000,100,120.76,2.7612371
DDQN,647,16,63000,100,169.72,-7.282629
DDQN,647,16,64000,100,164.2,-6.419946
DDQN,647,16,65000,100,153.0,-3.0307572
DDQN,647,16,66000,100,139.16,1.142261
DDQN,647,16,67000,100,199.48,-7.6950474
DDQN,647,16,68000,100,273.8,-14.50585
DDQN,647,16,69000,100,244.64,-11.673117
DDQN,647,16,70000,100,343.72,-17.777441
DDQN,647,16,71000,100,330.88,-16.948051
DDQN,647,16,72000,100,341.4,-16.641539
DDQN,647,16,73000,100,334.16,-16.113499
DDQN,647,16,74000,100,336.48,-15.55256
DDQN,647,16,75000,100,405.6,-16.674004
DDQN,647,16,76000,100,869.64,-17.861307
DDQN,647,16,77000,100,809.76,-17.180899
DDQN,647,16,78000,100,998.96,-17.849922
DDQN,647,16,79000,100,391.6,-14.137003
DDQN,647,16,80000,100,896.36,-16.66144
DDQN,647,16,81000,100,686.68,-15.822992
DDQN,647,16,82000,100,555.24,-14.671658
DDQN,647,16,83000,100,3000.0,-15.614117
DDQN,647,16,84000,100,3000.0,-15.249659
DDQN,647,16,85000,100,3000.0,-14.48615
DDQN,647,16,86000,100,3000.0,-14.054814
DDQN,647,16,87000,100,3000.0,-13.391755
DDQN,647,16,88000,100,3000.0,-12.888208
DDQN,647,16,89000,100,3000.0,-12.779359
DDQN,647,16,90000,100,3000.0,-12.174761
DDQN,647,16,91000,100,3000.0,-12.009221
DDQN,647,16,92000,100,3000.0,-11.858621
DDQN,647,16,93000,100,3000.0,-11.881702
DDQN,647,16,94000,100,3000.0,-11.764954
DDQN,647,16,95000,100,3000.0,-11.602642
DDQN,647,16,96000,100,3000.0,-11.362223
DDQN,647,16,97000,100,3000.0,-10.767021
DDQN,647,16,98000,100,3000.0,-10.733933
DDQN,647,16,99000,100,3000.0,-10.573421
DDQN,647,16,100000,100,3000.0,-10.568134
DDQN,647,17,1000,100,9.28,-8.903303
DDQN,647,17,2000,100,13.28,-9.689462
DDQN,647,17,3000,100,158.16,-75.47763
DDQN,647,17,4000,100,248.2,-85.00775
DDQN,647,17,5000,100,204.6,-78.896545
DDQN,647,17,6000,100,210.32,-76.09
DDQN,647,17,7000,100,198.24,-74.36772
DDQN,647,17,8000,100,185.96,-71.257095
DDQN,647,17,9000,100,191.0,-70.78177
DDQN,647,17,10000,100,170.16,-66.02747
DDQN,647,17,11000,100,167.32,-64.67345
DDQN,647,17,12000,100,161.92,-60.80775
DDQN,647,17,13000,100,139.4,-54.032192
DDQN,647,17,14000,100,143.16,-53.942787
DDQN,647,17,15000,100,172.4,-56.427555
DDQN,647,17,16000,100,336.6,-71.673775
DDQN,647,17,17000,100,201.6,-59.631275
DDQN,647,17,18000,100,129.04,-46.215317
DDQN,647,17,19000,100,141.92,-47.03046
DDQN,647,17,20000,100,146.08,-46.228466
DDQN,647,17,21000,100,164.72,-46.70002
DDQN,647,17,22000,100,196.08,-52.761353
DDQN,647,17,23000,100,148.04,-43.408035
DDQN,647,17,24000,100,191.88,-46.480637
DDQN,647,17,25000,100,231.16,-53.394363
DDQN,647,17,26000,100,308.16,-56.21105
DDQN,647,17,27000,100,213.76,-49.854538
DDQN,647,17,28000,100,187.76,-43.988262
DDQN,647,17,29000,100,200.68,-43.943092
DDQN,647,17,30000,100,222.28,-46.907642
DDQN,647,17,31000,100,236.76,-47.33165
DDQN,647,17,32000,100,203.32,-41.30205
DDQN,647,17,33000,100,182.56,-37.75446
DDQN,647,17,34000,100,174.16,-33.413883
DDQN,647,17,35000,100,187.72,-35.798065
DDQN,647,17,36000,100,190.04,-34.998768
DDQN,647,17,37000,100,215.12,-35.772823
DDQN,647,17,38000,100,216.72,-37.377003
DDQN,647,17,39000,100,261.16,-38.555798
DDQN,647,17,40000,100,267.48,-36.470768
DDQN,647,17,41000,100,209.44,-31.743689
DDQN,647,17,42000,100,217.08,-32.432068
DDQN,647,17,43000,100,273.96,-35.25713
DDQN,647,17,44000,100,319.0,-35.339157
DDQN,647,17,45000,100,274.8,-33.80435
DDQN,647,17,46000,100,238.48,-30.536457
DDQN,647,17,47000,100,260.88,-31.2948
DDQN,647,17,48000,100,250.28,-29.972145
DDQN,647,17,49000,100,283.0,-31.756367
DDQN,647,17,50000,100,247.16,-28.451988
DDQN,647,17,51000,100,261.4,-28.830477
DDQN,647,17,52000,100,255.84,-27.832674
DDQN,647,17,53000,100,215.36,-23.244692
DDQN,647,17,54000,100,250.96,-23.738428
DDQN,647,17,55000,100,145.48,-9.465332
DDQN,647,17,56000,100,245.92,-23.298862
DDQN,647,17,57000,100,245.84,-22.241945
DDQN,647,17,58000,100,241.12,-21.468412
DDQN,647,17,59000,100,266.88,-22.272938
DDQN,647,17,60000,100,387.24,-24.147036
DDQN,647,17,61000,100,790.48,-27.111826
DDQN,647,17,62000,100,939.56,-26.668507
DDQN,647,17,63000,100,639.04,-26.003014
DDQN,647,17,64000,100,331.36,-21.971764
DDQN,647,17,65000,100,392.24,-23.28273
DDQN,647,17,66000,100,594.12,-23.651295
DDQN,647,17,67000,100,380.88,-22.466675
DDQN,647,17,68000,100,366.84,-20.676842
DDQN,647,17,69000,100,344.2,-19.600986
DDQN,647,17,70000,100,696.92,-21.662607
DDQN,647,17,71000,100,451.04,-20.43465
DDQN,647,17,72000,100,369.76,-19.641277
DDQN,647,17,73000,100,613.08,-20.810965
DDQN,647,17,74000,100,415.08,-19.3908
DDQN,647,17,75000,100,535.16,-20.124372
DDQN,647,17,76000,100,370.44,-18.021795
DDQN,647,17,77000,100,607.12,-19.287924
DDQN,647,17,78000,100,484.52,-18.149685
DDQN,647,17,79000,100,432.28,-17.139265
DDQN,647,17,80000,100,514.44,-17.72908
DDQN,647,17,81000,100,468.48,-16.894592
DDQN,647,17,82000,100,458.48,-16.45379
DDQN,647,17,83000,100,511.4,-16.21197
DDQN,647,17,84000,100,497.92,-15.251103
DDQN,647,17,85000,100,529.12,-14.386126
DDQN,647,17,86000,100,529.64,-14.471855
DDQN,647,17,87000,100,528.2,-13.562161
DDQN,647,17,88000,100,585.64,-12.935683
DDQN,647,17,89000,100,604.96,-12.507676
DDQN,647,17,90000,100,411.08,-8.773658
DDQN,647,17,91000,100,281.4,-5.06906
DDQN,647,17,92000,100,267.12,-3.2579725
DDQN,647,17,93000,100,281.52,-3.5243359
DDQN,647,17,94000,100,663.68,-9.165215
DDQN,647,17,95000,100,298.48,-3.9411607
DDQN,647,17,96000,100,293.68,-2.957888
DDQN,647,17,97000,100,238.44,1.3832074
DDQN,647,17,98000,100,573.0,-6.287172
DDQN,647,17,99000,100,506.72,-5.4619155
DDQN,647,17,100000,100,515.84,-5.3149
DDQN,647,18,1000,100,9.28,-8.845558
DDQN,647,18,2000,100,17.84,-13.542245
DDQN,647,18,3000,100,199.96,-80.53351
DDQN,647,18,4000,100,324.68,-89.11495
DDQN,647,18,5000,100,264.88,-84.89112
DDQN,647,18,6000,100,209.44,-77.385994
DDQN,647,18,7000,100,189.16,-73.385925
DDQN,647,18,8000,100,164.08,-65.94011
DDQN,647,18,9000,100,162.96,-66.33668
DDQN,647,18,10000,100,143.32,-60.303856
DDQN,647,18,11000,100,214.16,-70.191444
DDQN,647,18,12000,100,210.4,-67.86282
DDQN,647,18,13000,100,286.72,-72.37113
DDQN,647,18,14000,100,269.0,-67.36844
DDQN,647,18,15000,100,264.44,-69.906
DDQN,647,18,16000,100,3000.0,-75.93034
DDQN,647,18,17000,100,249.96,-65.55518
DDQN,647,18,18000,100,390.56,-68.089905
DDQN,647,18,19000,100,519.92,-68.01083
DDQN,647,18,20000,100,890.24,-69.48234
DDQN,647,18,21000,100,980.08,-67.8987
DDQN,647,18,22000,100,675.08,-67.24155
DDQN,647,18,23000,100,771.36,-60.799828
DDQN,647,18,24000,100,883.32,-53.167713
DDQN,647,18,25000,100,139.36,-38.858696
DDQN,647,18,26000,100,294.32,-41.65404
DDQN,647,18,27000,100,354.56,-45.088978
DDQN,647,18,28000,100,1169.88,-56.62231
DDQN,647,18,29000,100,634.72,-43.717606
DDQN,647,18,30000,100,127.0,-29.259455
DDQN,647,18,31000,100,211.92,-43.49475
DDQN,647,18,32000,100,120.44,-25.239874
DDQN,647,18,33000,100,121.32,-24.013071
DDQN,647,18,34000,100,138.44,-27.544548
DDQN,647,18,35000,100,143.4,-26.994265
DDQN,647,18,36000,100,154.56,-29.050634
DDQN,647,18,37000,100,287.88,-41.448647
DDQN,647,18,38000,100,239.36,-34.33139
DDQN,647,18,39000,100,177.96,-27.962551
DDQN,647,18,40000,100,159.2,-23.296309
DDQN,647,18,41000,100,249.44,-34.44828
DDQN,647,18,42000,100,122.08,-14.101209
DDQN,647,18,43000,100,130.04,-14.4059725
DDQN,647,18,44000,100,117.24,-10.831348
DDQN,647,18,45000,100,119.92,-10.556406
DDQN,647,18,46000,100,123.6,-10.563467
DDQN,647,18,47000,100,155.32,-16.343462
DDQN,647,18,48000,100,120.68,-7.7720513
DDQN,647,18,49000,100,115.36,-5.457949
DDQN,647,18,50000,100,114.6,-4.0516624
DDQN,647,18,51000,100,122.72,-5.492064
DDQN,647,18,52000,100,123.04,-4.277018
DDQN,647,18,53000,100,119.8,-2.6323895
DDQN,647,18,54000,100,116.8,-0.36576325
DDQN,647,18,55000,100,128.4,-2.8923697
DDQN,647,18,56000,100,169.16,-7.7677913
DDQN,647,18,57000,100,163.32,-8.551203
DDQN,647,18,58000,100,158.68,-7.226228
DDQN,647,18,59000,100,168.48,-8.437028
DDQN,647,18,60000,100,150.32,-4.279666
DDQN,647,18,61000,100,149.84,-3.5982502
DDQN,647,18,62000,100,139.68,-0.66612244
DDQN,647,18,63000,100,154.32,-3.2314723
DDQN,647,18,64000,100,151.72,-1.7192496
DDQN,647,18,65000,100,165.6,-4.4157767
DDQN,647,18,66000,100,111.76,9.495545
DDQN,647,18,67000,100,130.6,4.2879577
DDQN,647,18,68000,100,125.2,7.0341706
DDQN,647,18,69000,100,127.68,6.855039
DDQN,647,18,70000,100,143.56,3.462482
DDQN,647,18,71000,100,162.52,-0.30988038
DDQN,647,18,72000,100,286.32,-11.57894
DDQN,647,18,73000,100,423.72,-16.067732
DDQN,647,18,74000,100,388.76,-15.567083
DDQN,647,18,75000,100,363.6,-14.806619
DDQN,647,18,76000,100,335.68,-13.251582
DDQN,647,18,77000,100,352.44,-13.099909
DDQN,647,18,78000,100,342.12,-12.267002
DDQN,647,18,79000,100,322.08,-10.815474
DDQN,647,18,80000,100,324.88,-10.445244
DDQN,647,18,81000,100,319.04,-9.489118
DDQN,647,18,82000,100,340.0,-9.994868
DDQN,647,18,83000,100,342.4,-9.57503
DDQN,647,18,84000,100,309.2,-7.731616
DDQN,647,18,85000,100,369.84,-8.919922
DDQN,647,18,86000,100,397.72,-9.385029
DDQN,647,18,87000,100,311.84,-7.0479302
DDQN,647,18,88000,100,535.2,-9.818225
DDQN,647,18,89000,100,332.88,-7.2104864
DDQN,647,18,90000,100,466.24,-8.673673
DDQN,647,18,91000,100,1419.96,-8.651822
DDQN,647,18,92000,100,3000.0,-9.680032
DDQN,647,18,93000,100,3000.0,-9.469431
DDQN,647,18,94000,100,3000.0,-9.022156
DDQN,647,18,95000,100,2368.4,-8.435287
DDQN,647,18,96000,100,3000.0,-8.833575
DDQN,647,18,97000,100,3000.0,-8.40321
DDQN,647,18,98000,100,3000.0,-8.193058
DDQN,647,18,99000,100,3000.0,-7.9683266
DDQN,647,18,100000,100,3000.0,-7.5519924
DDQN,647,19,1000,100,26.44,-23.165796
DDQN,647,19,2000,100,16.16,-11.910249
DDQN,647,19,3000,100,306.32,-90.37759
DDQN,647,19,4000,100,222.6,-82.373474
DDQN,647,19,5000,100,196.6,-76.99168
DDQN,647,19,6000,100,233.64,-77.15574
DDQN,647,19,7000,100,209.8,-75.41726
DDQN,647,19,8000,100,204.68,-73.13428
DDQN,647,19,9000,100,208.36,-73.01942
DDQN,647,19,10000,100,207.56,-70.267044
DDQN,647,19,11000,100,216.64,-70.56363
DDQN,647,19,12000,100,211.76,-66.25901
DDQN,647,19,13000,100,247.12,-66.8575
DDQN,647,19,14000,100,246.92,-65.92714
DDQN,647,19,15000,100,229.32,-63.290524
DDQN,647,19,16000,100,224.48,-62.895214
DDQN,647,19,17000,100,313.64,-60.042465
DDQN,647,19,18000,100,330.52,-64.29177
DDQN,647,19,19000,100,524.8,-69.03838
DDQN,647,19,20000,100,610.56,-68.71903
DDQN,647,19,21000,100,982.96,-68.12949
DDQN,647,19,22000,100,493.96,-66.38514
DDQN,647,19,23000,100,382.24,-63.39499
DDQN,647,19,24000,100,341.48,-60.49069
DDQN,647,19,25000,100,357.8,-59.988037
DDQN,647,19,26000,100,334.68,-55.800972
DDQN,647,19,27000,100,387.32,-56.57326
DDQN,647,19,28000,100,288.6,-49.782265
DDQN,647,19,29000,100,272.32,-49.998634
DDQN,647,19,30000,100,330.44,-44.735023
DDQN,647,19,31000,100,284.44,-44.475376
DDQN,647,19,32000,100,226.92,-42.308197
DDQN,647,19,33000,100,256.88,-43.799477
DDQN,647,19,34000,100,306.64,-44.486374
DDQN,647,19,35000,100,258.56,-39.084667
DDQN,647,19,36000,100,204.76,-36.22007
DDQN,647,19,37000,100,257.56,-38.700394
DDQN,647,19,38000,100,192.24,-30.68783
DDQN,647,19,39000,100,211.04,-31.69233
DDQN,647,19,40000,100,249.12,-31.371023
DDQN,647,19,41000,100,261.16,-32.554337
DDQN,647,19,42000,100,228.8,-30.810108
DDQN,647,19,43000,100,188.56,-24.730686
DDQN,647,19,44000,100,216.32,-27.228958
DDQN,647,19,45000,100,128.52,-10.783217
DDQN,647,19,46000,100,134.36,-10.664901
DDQN,647,19,47000,100,132.32,-9.7972975
DDQN,647,19,48000,100,141.08,-9.931949
DDQN,647,19,49000,100,127.48,-6.257104
DDQN,647,19,50000,100,135.56,-6.739818
DDQN,647,19,51000,100,133.96,-5.5012383
DDQN,647,19,52000,100,132.36,-3.1371863
DDQN,647,19,53000,100,140.6,-4.2362003
DDQN,647,19,54000,100,127.92,0.9015863
DDQN,647,19,55000,100,129.24,1.7568009
DDQN,647,19,56000,100,137.68,1.5595169
DDQN,647,19,57000,100,137.44,3.4969013
DDQN,647,19,58000,100,143.96,3.5842624
DDQN,647,19,59000,100,156.88,3.121372
DDQN,647,19,60000,100,144.28,6.9030437
DDQN,647,19,61000,100,140.24,9.968926
DDQN,647,19,62000,100,143.96,10.141969
DDQN,647,19,63000,100,164.96,8.077409
DDQN,647,19,64000,100,148.32,12.590982
DDQN,647,19,65000,100,147.4,15.099439
DDQN,647,19,66000,100,142.92,17.620747
DDQN,647,19,67000,100,139.48,20.55241
DDQN,647,19,68000,100,136.04,22.90129
DDQN,647,19,69000,100,299.52,3.0244148
DDQN,647,19,70000,100,281.6,5.7023034
DDQN,647,19,71000,100,264.92,7.4704685
DDQN,647,19,72000,100,231.08,11.523389
DDQN,647,19,73000,100,245.0,11.061123
DDQN,647,19,74000,100,261.6,10.975042
DDQN,647,19,75000,100,304.0,8.971051
DDQN,647,19,76000,100,311.76,9.137403
DDQN,647,19,77000,100,1085.88,7.9222765
DDQN,647,19,78000,100,246.68,14.55531
DDQN,647,19,79000,100,245.08,15.298467
DDQN,647,19,80000,100,239.24,16.514412
DDQN,647,19,81000,100,276.88,14.499192
DDQN,647,19,82000,100,426.72,10.530187
DDQN,647,19,83000,100,302.6,14.3618765
DDQN,647,19,84000,100,3000.0,9.944933
DDQN,647,19,85000,100,3000.0,10.135603
DDQN,647,19,86000,100,3000.0,10.545811
DDQN,647,19,87000,100,3000.0,11.606709
DDQN,647,19,88000,100,3000.0,11.9387245
DDQN,647,19,89000,100,3000.0,12.642882
DDQN,647,19,90000,100,3000.0,12.536205
DDQN,647,19,91000,100,3000.0,12.417663
DDQN,647,19,92000,100,3000.0,12.656795
DDQN,647,19,93000,100,3000.0,12.998984
DDQN,647,19,94000,100,3000.0,13.724936
DDQN,647,19,95000,100,3000.0,13.701855
DDQN,647,19,96000,100,3000.0,13.903033
DDQN,647,19,97000,100,3000.0,13.650127
DDQN,647,19,98000,100,3000.0,13.993496
DDQN,647,19,99000,100,3000.0,14.156128
DDQN,647,19,100000,100,3000.0,14.669389
DDQN,758,10,1000,100,9.44,-9.032413
DDQN,758,10,2000,100,9.28,-6.9157104
DDQN,758,10,3000,100,28.8,-21.830313
DDQN,758,10,4000,100,262.0,-87.11498
DDQN,758,10,5000,100,196.12,-78.82926
DDQN,758,10,6000,100,173.76,-74.138626
DDQN,758,10,7000,100,168.4,-70.494736
DDQN,758,10,8000,100,173.0,-69.62814
DDQN,758,10,9000,100,166.28,-68.36978
DDQN,758,10,10000,100,157.84,-64.38646
DDQN,758,10,11000,100,174.36,-67.25276
DDQN,758,10,12000,100,171.64,-65.90176
DDQN,758,10,13000,100,203.28,-68.67312
DDQN,758,10,14000,100,203.96,-67.75009
DDQN,758,10,15000,100,201.44,-66.39527
DDQN,758,10,16000,100,190.8,-63.641773
DDQN,758,10,17000,100,143.56,-53.39893
DDQN,758,10,18000,100,146.04,-53.43877
DDQN,758,10,19000,100,126.84,-47.13623
DDQN,758,10,20000,100,134.2,-48.147533
DDQN,758,10,21000,100,188.6,-58.09233
DDQN,758,10,22000,100,202.28,-58.55577
DDQN,758,10,23000,100,180.04,-54.107986
DDQN,758,10,24000,100,162.92,-49.977726
DDQN,758,10,25000,100,150.24,-47.308247
DDQN,758,10,26000,100,147.48,-44.701088
DDQN,758,10,27000,100,139.24,-42.111885
DDQN,758,10,28000,100,142.24,-42.015472
DDQN,758,10,29000,100,145.16,-40.923664
DDQN,758,10,30000,100,134.6,-37.542725
DDQN,758,10,31000,100,130.92,-35.959732
DDQN,758,10,32000,100,121.72,-31.490103
DDQN,758,10,33000,100,132.8,-33.883595
DDQN,758,10,34000,100,162.24,-39.237957
DDQN,758,10,35000,100,147.08,-35.37828
DDQN,758,10,36000,100,140.72,-32.800648
DDQN,758,10,37000,100,124.56,-27.77608
DDQN,758,10,38000,100,157.8,-34.700775
DDQN,758,10,39000,100,143.68,-30.86058
DDQN,758,10,40000,100,139.52,-29.138355
DDQN,758,10,41000,100,136.84,-26.77755
DDQN,758,10,42000,100,120.56,-21.494822
DDQN,758,10,43000,100,132.28,-23.904654
DDQN,758,10,44000,100,148.08,-26.409458
DDQN,758,10,45000,100,137.0,-22.711191
DDQN,758,10,46000,100,148.24,-24.749823
DDQN,758,10,47000,100,159.2,-25.89998
DDQN,758,10,48000,100,164.64,-25.897438
DDQN,758,10,49000,100,172.0,-26.525574
DDQN,758,10,50000,100,184.48,-27.446209
DDQN,758,10,51000,100,188.76,-26.3936
DDQN,758,10,52000,100,252.6,-32.27779
DDQN,758,10,53000,100,176.64,-22.696892
DDQN,758,10,54000,100,194.4,-23.78766
DDQN,758,10,55000,100,158.04,-16.720139
DDQN,758,10,56000,100,192.88,-22.385525
DDQN,758,10,57000,100,169.6,-17.320477
DDQN,758,10,58000,100,261.24,-26.506126
DDQN,758,10,59000,100,368.84,-32.118385
DDQN,758,10,60000,100,216.36,-22.010399
DDQN,758,10,61000,100,227.8,-22.34243
DDQN,758,10,62000,100,372.96,-28.368977
DDQN,758,10,63000,100,308.6,-26.093748
DDQN,758,10,64000,100,486.28,-30.360561
DDQN,758,10,65000,100,204.16,-17.750488
DDQN,758,10,66000,100,539.6,-29.500774
DDQN,758,10,67000,100,518.4,-29.333393
DDQN,758,10,68000,100,631.32,-29.277056
DDQN,758,10,69000,100,595.16,-28.509966
DDQN,758,10,70000,100,609.32,-28.596773
DDQN,758,10,71000,100,984.36,-28.053888
DDQN,758,10,72000,100,1899.72,-28.131277
DDQN,758,10,73000,100,3000.0,-27.769964
DDQN,758,10,74000,100,2462.12,-27.244932
DDQN,758,10,75000,100,2951.76,-27.003878
DDQN,758,10,76000,100,2922.32,-26.286898
DDQN,758,10,77000,100,1114.8,-24.23514
DDQN,758,10,78000,100,1584.84,-25.250751
DDQN,758,10,79000,100,1020.52,-19.67386
DDQN,758,10,80000,100,922.6,-21.154865
DDQN,758,10,81000,100,3000.0,-24.073118
DDQN,758,10,82000,100,3000.0,-23.148716
DDQN,758,10,83000,100,3000.0,-22.709438
DDQN,758,10,84000,100,3000.0,-21.624401
DDQN,758,10,85000,100,3000.0,-21.168413
DDQN,758,10,86000,100,3000.0,-20.679409
DDQN,758,10,87000,100,3000.0,-20.020634
DDQN,758,10,88000,100,3000.0,-19.456768
DDQN,758,10,89000,100,3000.0,-19.358324
DDQN,758,10,90000,100,187.4,-3.647022
DDQN,758,10,91000,100,1946.0,-17.335709
DDQN,758,10,92000,100,3000.0,-18.163092
DDQN,758,10,93000,100,3000.0,-17.395832
DDQN,758,10,94000,100,3000.0,-16.584124
DDQN,758,10,95000,100,3000.0,-16.371864
DDQN,758,10,96000,100,3000.0,-16.24872
DDQN,758,10,97000,100,3000.0,-15.601166
DDQN,758,10,98000,100,3000.0,-14.846968
DDQN,758,10,99000,100,3000.0,-14.239608
DDQN,758,10,100000,100,3000.0,-13.907649
DDQN,758,11,1000,100,9.28,-8.900425
DDQN,758,11,2000,100,9.28,-6.916288
DDQN,758,11,3000,100,113.04,-63.88881
DDQN,758,11,4000,100,304.92,-87.94426
DDQN,758,11,5000,100,211.96,-80.206474
DDQN,758,11,6000,100,162.0,-72.0829
DDQN,758,11,7000,100,137.04,-64.57534
DDQN,758,11,8000,100,143.4,-64.40333
DDQN,758,11,9000,100,144.28,-63.889366
DDQN,758,11,10000,100,143.56,-61.96328
DDQN,758,11,11000,100,152.96,-62.57582
DDQN,758,11,12000,100,134.92,-57.423084
DDQN,758,11,13000,100,155.84,-60.758755
DDQN,758,11,14000,100,140.52,-53.897614
DDQN,758,11,15000,100,122.56,-49.377213
DDQN,758,11,16000,100,149.2,-56.71915
DDQN,758,11,17000,100,181.56,-61.935986
DDQN,758,11,18000,100,177.84,-60.524513
DDQN,758,11,19000,100,282.76,-68.50425
DDQN,758,11,20000,100,138.32,-49.94523
DDQN,758,11,21000,100,133.84,-47.919228
DDQN,758,11,22000,100,251.8,-60.189365
DDQN,758,11,23000,100,175.2,-52.47152
DDQN,758,11,24000,100,170.24,-48.503918
DDQN,758,11,25000,100,211.96,-55.97853
DDQN,758,11,26000,100,195.48,-52.60122
DDQN,758,11,27000,100,196.6,-52.38848
DDQN,758,11,28000,100,233.2,-56.667328
DDQN,758,11,29000,100,190.96,-49.789463
DDQN,758,11,30000,100,160.44,-43.48713
DDQN,758,11,31000,100,227.2,-52.021954
DDQN,758,11,32000,100,208.24,-49.24039
DDQN,758,11,33000,100,242.08,-51.891735
DDQN,758,11,34000,100,225.8,-49.44133
DDQN,758,11,35000,100,270.52,-49.514603
DDQN,758,11,36000,100,237.08,-47.30964
DDQN,758,11,37000,100,264.4,-47.31946
DDQN,758,11,38000,100,242.72,-41.997852
DDQN,758,11,39000,100,212.48,-39.73831
DDQN,758,11,40000,100,200.64,-36.32039
DDQN,758,11,41000,100,131.52,-22.824638
DDQN,758,11,42000,100,146.56,-26.076593
DDQN,758,11,43000,100,148.6,-26.171371
DDQN,758,11,44000,100,153.2,-26.701206
DDQN,758,11,45000,100,130.48,-19.151936
DDQN,758,11,46000,100,127.76,-17.47881
DDQN,758,11,47000,100,128.2,-17.298565
DDQN,758,11,48000,100,127.12,-16.147516
DDQN,758,11,49000,100,119.44,-13.3613
DDQN,758,11,50000,100,112.4,-11.325467
DDQN,758,11,51000,100,113.6,-10.234598
DDQN,758,11,52000,100,118.08,-10.92013
DDQN,758,11,53000,100,112.44,-8.1494
DDQN,758,11,54000,100,117.12,-8.427481
DDQN,758,11,55000,100,114.76,-7.107823
DDQN,758,11,56000,100,119.92,-7.5604386
DDQN,758,11,57000,100,118.52,-5.5414906
DDQN,758,11,58000,100,119.52,-5.609248
DDQN,758,11,59000,100,122.72,-6.3447914
DDQN,758,11,60000,100,118.92,-3.8423414
DDQN,758,11,61000,100,120.04,-3.52417
DDQN,758,11,62000,100,122.88,-3.9691763
DDQN,758,11,63000,100,115.72,-0.21242066
DDQN,758,11,64000,100,119.2,-0.6850125
DDQN,758,11,65000,100,125.04,-1.1495444
DDQN,758,11,66000,100,112.16,2.8803654
DDQN,758,11,67000,100,117.2,2.1402109
DDQN,758,11,68000,100,114.48,3.8027482
DDQN,758,11,69000,100,129.88,0.92424774
DDQN,758,11,70000,100,123.16,3.1375809
DDQN,758,11,71000,100,128.12,2.1236315
DDQN,758,11,72000,100,152.0,-2.0113773
DDQN,758,11,73000,100,169.52,-2.792013
DDQN,758,11,74000,100,149.0,0.82380766
DDQN,758,11,75000,100,166.76,-3.3205643
DDQN,758,11,76000,100,215.56,-6.1728296
DDQN,758,11,77000,100,276.92,-15.245284
DDQN,758,11,78000,100,219.84,-7.827977
DDQN,758,11,79000,100,269.88,-11.725422
DDQN,758,11,80000,100,333.52,-14.708545
DDQN,758,11,81000,100,354.12,-15.5872
DDQN,758,11,82000,100,281.32,-10.548049
DDQN,758,11,83000,100,384.6,-15.849961
DDQN,758,11,84000,100,394.28,-15.238133
DDQN,758,11,85000,100,1139.4,-17.275667
DDQN,758,11,86000,100,3000.0,-17.149431
DDQN,758,11,87000,100,2878.36,-16.918842
DDQN,758,11,88000,100,3000.0,-16.026089
DDQN,758,11,89000,100,3000.0,-15.817183
DDQN,758,11,90000,100,3000.0,-15.462019
DDQN,758,11,91000,100,3000.0,-14.860718
DDQN,758,11,92000,100,3000.0,-14.447657
DDQN,758,11,93000,100,3000.0,-13.951207
DDQN,758,11,94000,100,3000.0,-13.397322
DDQN,758,11,95000,100,3000.0,-13.168931
DDQN,758,11,96000,100,3000.0,-12.496729
DDQN,758,11,97000,100,3000.0,-12.065422
DDQN,758,11,98000,100,3000.0,-11.382681
DDQN,758,11,99000,100,3000.0,-11.243369
DDQN,758,11,100000,100,3000.0,-11.016628
DDQN,758,12,1000,100,9.28,-8.828122
DDQN,758,12,2000,100,9.92,-7.5460024
DDQN,758,12,3000,100,20.84,-15.171837
DDQN,758,12,4000,100,621.84,-94.65509
DDQN,758,12,5000,100,266.32,-85.41049
DDQN,758,12,6000,100,243.6,-82.96048
DDQN,758,12,7000,100,220.64,-78.745766
DDQN,758,12,8000,100,193.48,-73.7434
DDQN,758,12,9000,100,179.56,-70.90792
DDQN,758,12,10000,100,173.92,-67.7699
DDQN,758,12,11000,100,169.8,-66.54414
DDQN,758,12,12000,100,172.24,-66.09482
DDQN,758,12,13000,100,180.52,-65.51915
DDQN,758,12,14000,100,194.84,-66.05025
DDQN,758,12,15000,100,191.68,-64.93896
DDQN,758,12,16000,100,189.24,-62.038864
DDQN,758,12,17000,100,175.72,-59.454525
DDQN,758,12,18000,100,204.92,-63.249184
DDQN,758,12,19000,100,193.8,-60.113827
DDQN,758,12,20000,100,176.08,-55.355225
DDQN,758,12,21000,100,242.84,-63.276478
DDQN,758,12,22000,100,138.28,-46.35854
DDQN,758,12,23000,100,207.88,-57.867657
DDQN,758,12,24000,100,206.48,-56.117275
DDQN,758,12,25000,100,201.8,-54.78775
DDQN,758,12,26000,100,183.0,-50.25338
DDQN,758,12,27000,100,172.8,-47.922817
DDQN,758,12,28000,100,154.48,-43.66874
DDQN,758,12,29000,100,175.8,-46.23726
DDQN,758,12,30000,100,137.64,-37.949474
DDQN,758,12,31000,100,134.36,-36.74095
DDQN,758,12,32000,100,138.28,-35.87651
DDQN,758,12,33000,100,132.04,-33.853092
DDQN,758,12,34000,100,146.52,-35.25807
DDQN,758,12,35000,100,123.92,-28.106867
DDQN,758,12,36000,100,170.28,-38.495644
DDQN,758,12,37000,100,142.36,-31.636326
DDQN,758,12,38000,100,140.12,-29.02398
DDQN,758,12,39000,100,138.12,-29.305532
DDQN,758,12,40000,100,137.0,-27.531487
DDQN,758,12,41000,100,134.4,-25.856268
DDQN,758,12,42000,100,140.28,-25.212458
DDQN,758,12,43000,100,167.04,-31.267115
DDQN,758,12,44000,100,156.84,-27.159874
DDQN,758,12,45000,100,115.76,-17.54522
DDQN,758,12,46000,100,116.4,-17.15469
DDQN,758,12,47000,100,108.76,-13.4777975
DDQN,758,12,48000,100,118.92,-15.477001
DDQN,758,12,49000,100,116.8,-14.120055
DDQN,758,12,50000,100,118.0,-14.0936775
DDQN,758,12,51000,100,193.0,-25.116749
DDQN,758,12,52000,100,138.52,-17.425585
DDQN,758,12,53000,100,155.36,-20.293299
DDQN,758,12,54000,100,165.32,-20.58482
DDQN,758,12,55000,100,137.96,-14.780121
DDQN,758,12,56000,100,128.04,-11.784931
DDQN,758,12,57000,100,141.28,-13.799944
DDQN,758,12,58000,100,114.28,-5.86687
DDQN,758,12,59000,100,133.44,-10.778438
DDQN,758,12,60000,100,133.8,-9.570182
DDQN,758,12,61000,100,146.56,-12.503862
DDQN,758,12,62000,100,133.64,-8.213784
DDQN,758,12,63000,100,120.68,-3.6006005
DDQN,758,12,64000,100,119.0,-2.932335
DDQN,758,12,65000,100,121.88,-3.6219842
DDQN,758,12,66000,100,182.6,-11.442528
DDQN,758,12,67000,100,153.64,-8.014492
DDQN,758,12,68000,100,203.6,-10.4554615
DDQN,758,12,69000,100,241.28,-15.033482
DDQN,758,12,70000,100,291.52,-13.587537
DDQN,758,12,71000,100,267.48,-17.181955
DDQN,758,12,72000,100,234.12,-12.660125
DDQN,758,12,73000,100,350.28,-22.456642
DDQN,758,12,74000,100,382.12,-22.521502
DDQN,758,12,75000,100,343.64,-18.68891
DDQN,758,12,76000,100,468.76,-24.519775
DDQN,758,12,77000,100,437.28,-23.45323
DDQN,758,12,78000,100,414.8,-23.322536
DDQN,758,12,79000,100,414.44,-22.54471
DDQN,758,12,80000,100,379.92,-21.158491
DDQN,758,12,81000,100,426.36,-21.813852
DDQN,758,12,82000,100,388.0,-20.246885
DDQN,758,12,83000,100,387.88,-19.88803
DDQN,758,12,84000,100,386.2,-19.434181
DDQN,758,12,85000,100,439.04,-19.62587
DDQN,758,12,86000,100,417.04,-19.191595
DDQN,758,12,87000,100,447.2,-19.195303
DDQN,758,12,88000,100,399.52,-17.652199
DDQN,758,12,89000,100,410.36,-17.32739
DDQN,758,12,90000,100,395.44,-16.777534
DDQN,758,12,91000,100,415.0,-16.16486
DDQN,758,12,92000,100,431.64,-15.884719
DDQN,758,12,93000,100,463.68,-16.299374
DDQN,758,12,94000,100,2213.32,-16.629072
DDQN,758,12,95000,100,424.88,-15.102696
DDQN,758,12,96000,100,427.24,-15.136113
DDQN,758,12,97000,100,3000.0,-16.125708
DDQN,758,12,98000,100,3000.0,-15.233062
DDQN,758,12,99000,100,3000.0,-15.084626
DDQN,758,12,100000,100,3000.0,-14.914224
DDQN,758,13,1000,100,10.56,-10.078116
DDQN,758,13,2000,100,9.28,-6.9178886
DDQN,758,13,3000,100,160.84,-73.18672
DDQN,758,13,4000,100,200.24,-78.80833
DDQN,758,13,5000,100,172.96,-75.13892
DDQN,758,13,6000,100,190.28,-77.08429
DDQN,758,13,7000,100,202.48,-76.30002
DDQN,758,13,8000,100,183.56,-72.96752
DDQN,758,13,9000,100,193.72,-72.273865
DDQN,758,13,10000,100,179.4,-68.84997
DDQN,758,13,11000,100,161.84,-64.438034
DDQN,758,13,12000,100,215.68,-72.25669
DDQN,758,13,13000,100,223.56,-71.13389
DDQN,758,13,14000,100,241.56,-71.59121
DDQN,758,13,15000,100,200.0,-66.87143
DDQN,758,13,16000,100,143.28,-55.20625
DDQN,758,13,17000,100,132.36,-51.547665
DDQN,758,13,18000,100,127.76,-49.33257
DDQN,758,13,19000,100,157.64,-52.40667
DDQN,758,13,20000,100,144.52,-50.694557
DDQN,758,13,21000,100,111.32,-41.31069
DDQN,758,13,22000,100,221.56,-59.860043
DDQN,758,13,23000,100,114.0,-39.49864
DDQN,758,13,24000,100,149.44,-48.00725
DDQN,758,13,25000,100,153.56,-47.998756
DDQN,758,13,26000,100,146.36,-44.74067
DDQN,758,13,27000,100,141.36,-41.681416
DDQN,758,13,28000,100,132.8,-39.56573
DDQN,758,13,29000,100,149.2,-41.4026
DDQN,758,13,30000,100,171.44,-44.430786
DDQN,758,13,31000,100,155.2,-39.97184
DDQN,758,13,32000,100,178.12,-42.224518
DDQN,758,13,33000,100,129.16,-33.225853
DDQN,758,13,34000,100,132.24,-33.23328
DDQN,758,13,35000,100,136.72,-32.422558
DDQN,758,13,36000,100,180.96,-38.529358
DDQN,758,13,37000,100,147.88,-33.379364
DDQN,758,13,38000,100,163.96,-34.07778
DDQN,758,13,39000,100,149.12,-31.534973
DDQN,758,13,40000,100,165.2,-32.84657
DDQN,758,13,41000,100,173.44,-33.887394
DDQN,758,13,42000,100,146.28,-27.630953
DDQN,758,13,43000,100,124.32,-22.975761
DDQN,758,13,44000,100,111.92,-17.87896
DDQN,758,13,45000,100,123.36,-20.374584
DDQN,758,13,46000,100,126.48,-20.298426
DDQN,758,13,47000,100,130.32,-19.649149
DDQN,758,13,48000,100,132.16,-19.284178
DDQN,758,13,49000,100,180.44,-27.220877
DDQN,758,13,50000,100,152.32,-22.180218
DDQN,758,13,51000,100,199.48,-29.132238
DDQN,758,13,52000,100,161.44,-22.145716
DDQN,758,13,53000,100,108.64,-9.935018
DDQN,758,13,54000,100,105.72,-7.7395897
DDQN,758,13,55000,100,120.04,-11.423697
DDQN,758,13,56000,100,106.48,-6.539049
DDQN,758,13,57000,100,121.36,-9.857824
DDQN,758,13,58000,100,124.12,-10.340161
DDQN,758,13,59000,100,112.52,-6.736189
DDQN,758,13,60000,100,111.52,-4.986828
DDQN,758,13,61000,100,116.52,-5.936461
DDQN,758,13,62000,100,108.48,-2.9844368
DDQN,758,13,63000,100,108.6,-1.85943
DDQN,758,13,64000,100,116.2,-3.6929798
DDQN,758,13,65000,100,122.28,-5.1302905
DDQN,758,13,66000,100,131.52,-6.512583
DDQN,758,13,67000,100,135.24,-6.819928
DDQN,758,13,68000,100,117.72,-1.8823462
DDQN,758,13,69000,100,170.48,-10.305891
DDQN,758,13,70000,100,273.84,-22.639915
DDQN,758,13,71000,100,294.96,-23.6148
DDQN,758,13,72000,100,125.28,-1.3829389
DDQN,758,13,73000,100,118.36,1.4479346
DDQN,758,13,74000,100,125.88,-0.048286438
DDQN,758,13,75000,100,120.12,2.2349584
DDQN,758,13,76000,100,327.64,-21.617088
DDQN,758,13,77000,100,202.6,-8.887408
DDQN,758,13,78000,100,230.72,-16.077473
DDQN,758,13,79000,100,343.0,-21.67975
DDQN,758,13,80000,100,331.52,-20.875582
DDQN,758,13,81000,100,376.08,-21.441938
DDQN,758,13,82000,100,236.16,-12.087834
DDQN,758,13,83000,100,873.48,-22.59564
DDQN,758,13,84000,100,414.44,-20.598717
DDQN,758,13,85000,100,407.44,-19.951248
DDQN,758,13,86000,100,422.16,-19.806356
DDQN,758,13,87000,100,503.36,-19.575764
DDQN,758,13,88000,100,368.64,-15.637865
DDQN,758,13,89000,100,1261.84,-19.587605
DDQN,758,13,90000,100,2309.04,-19.622198
DDQN,758,13,91000,100,3000.0,-19.277542
DDQN,758,13,92000,100,3000.0,-19.197563
DDQN,758,13,93000,100,2893.28,-18.548851
DDQN,758,13,94000,100,3000.0,-17.965744
DDQN,758,13,95000,100,3000.0,-17.600273
DDQN,758,13,96000,100,3000.0,-17.456787
DDQN,758,13,97000,100,3000.0,-16.890923
DDQN,758,13,98000,100,3000.0,-15.948625
DDQN,758,13,99000,100,672.56,-14.6340275
DDQN,758,13,100000,100,2607.68,-15.073557
DDQN,758,14,1000,100,9.44,-9.00862
DDQN,758,14,2000,100,21.08,-16.916313
DDQN,758,14,3000,100,260.8,-89.45873
DDQN,758,14,4000,100,414.4,-92.68923
DDQN,758,14,5000,100,281.88,-87.02546
DDQN,758,14,6000,100,244.32,-83.05749
DDQN,758,14,7000,100,233.76,-79.7807
DDQN,758,14,8000,100,200.72,-75.18285
DDQN,758,14,9000,100,177.32,-70.55154
DDQN,758,14,10000,100,163.92,-65.42322
DDQN,758,14,11000,100,183.72,-68.69306
DDQN,758,14,12000,100,196.96,-69.512024
DDQN,758,14,13000,100,205.6,-68.78721
DDQN,758,14,14000,100,213.92,-69.032845
DDQN,758,14,15000,100,211.6,-67.72989
DDQN,758,14,16000,100,244.4,-69.05014
DDQN,758,14,17000,100,210.52,-64.94814
DDQN,758,14,18000,100,302.76,-71.27259
DDQN,758,14,19000,100,206.4,-62.45108
DDQN,758,14,20000,100,368.6,-71.6504
DDQN,758,14,21000,100,159.08,-53.116543
DDQN,758,14,22000,100,153.32,-50.307457
DDQN,758,14,23000,100,189.12,-55.25142
DDQN,758,14,24000,100,161.92,-49.91716
DDQN,758,14,25000,100,134.16,-42.988094
DDQN,758,14,26000,100,161.96,-47.358437
DDQN,758,14,27000,100,222.28,-53.37066
DDQN,758,14,28000,100,133.48,-39.46001
DDQN,758,14,29000,100,117.08,-33.306908
DDQN,758,14,30000,100,167.8,-44.532906
DDQN,758,14,31000,100,195.28,-46.143166
DDQN,758,14,32000,100,186.52,-43.412918
DDQN,758,14,33000,100,160.4,-39.84572
DDQN,758,14,34000,100,162.88,-38.544937
DDQN,758,14,35000,100,151.56,-35.466305
DDQN,758,14,36000,100,121.48,-27.718168
DDQN,758,14,37000,100,163.16,-36.502262
DDQN,758,14,38000,100,149.76,-32.95868
DDQN,758,14,39000,100,152.88,-32.30283
DDQN,758,14,40000,100,134.12,-27.536648
DDQN,758,14,41000,100,146.56,-28.696867
DDQN,758,14,42000,100,128.36,-24.45195
DDQN,758,14,43000,100,123.6,-22.326914
DDQN,758,14,44000,100,128.92,-22.09539
DDQN,758,14,45000,100,189.84,-32.889786
DDQN,758,14,46000,100,131.28,-21.559067
DDQN,758,14,47000,100,144.8,-23.952429
DDQN,758,14,48000,100,137.0,-20.816967
DDQN,758,14,49000,100,149.64,-23.126457
DDQN,758,14,50000,100,148.56,-22.199526
DDQN,758,14,51000,100,149.68,-21.256641
DDQN,758,14,52000,100,165.0,-23.659077
DDQN,758,14,53000,100,127.64,-14.876714
DDQN,758,14,54000,100,148.88,-18.951445
DDQN,758,14,55000,100,147.6,-18.324888
DDQN,758,14,56000,100,139.96,-15.994878
DDQN,758,14,57000,100,131.68,-12.684434
DDQN,758,14,58000,100,134.88,-13.160526
DDQN,758,14,59000,100,132.96,-12.150022
DDQN,758,14,60000,100,130.48,-10.301499
DDQN,758,14,61000,100,128.12,-9.196273
DDQN,758,14,62000,100,121.28,-6.6889367
DDQN,758,14,63000,100,124.24,-6.3315916
DDQN,758,14,64000,100,118.76,-4.1789045
DDQN,758,14,65000,100,127.44,-5.9334545
DDQN,758,14,66000,100,119.16,-2.5649848
DDQN,758,14,67000,100,133.04,-5.8545556
DDQN,758,14,68000,100,120.0,-1.6221673
DDQN,758,14,69000,100,135.52,-4.9628606
DDQN,758,14,70000,100,123.44,-0.98354095
DDQN,758,14,71000,100,132.8,-2.9740927
DDQN,758,14,72000,100,124.08,-0.07760406
DDQN,758,14,73000,100,141.68,-3.3058786
DDQN,758,14,74000,100,138.88,-2.1152647
DDQN,758,14,75000,100,155.2,-5.3096657
DDQN,758,14,76000,100,143.16,-1.143082
DDQN,758,14,77000,100,185.72,-8.671228
DDQN,758,14,78000,100,184.4,-8.025612
DDQN,758,14,79000,100,206.44,-9.9165535
DDQN,758,14,80000,100,209.36,-9.781844
DDQN,758,14,81000,100,213.44,-9.583551
DDQN,758,14,82000,100,251.6,-12.442217
DDQN,758,14,83000,100,289.04,-14.145066
DDQN,758,14,84000,100,1247.2,-18.369637
DDQN,758,14,85000,100,1137.92,-16.898531
DDQN,758,14,86000,100,2597.84,-18.118763
DDQN,758,14,87000,100,3000.0,-18.092888
DDQN,758,14,88000,100,3000.0,-17.473013
DDQN,758,14,89000,100,3000.0,-16.663326
DDQN,758,14,90000,100,3000.0,-16.43067
DDQN,758,14,91000,100,2087.12,-8.996128
DDQN,758,14,92000,100,768.32,-2.5020611
DDQN,758,14,93000,100,1105.64,-5.367143
DDQN,758,14,94000,100,2434.28,-11.4204235
DDQN,758,14,95000,100,1317.6,-13.567654
DDQN,758,14,96000,100,205.64,-0.8808795
DDQN,758,14,97000,100,242.92,-5.593408
DDQN,758,14,98000,100,231.6,-4.2125635
DDQN,758,14,99000,100,200.0,-0.49258515
DDQN,758,14,100000,100,621.36,-9.25432
DDQN,758,15,1000,100,9.28,-8.852837
DDQN,758,15,2000,100,9.52,-7.1677575
DDQN,758,15,3000,100,42.72,-30.993553
DDQN,758,15,4000,100,223.08,-82.29856
DDQN,758,15,5000,100,211.2,-80.591125
DDQN,758,15,6000,100,226.36,-80.7227
DDQN,758,15,7000,100,183.36,-72.81125
DDQN,758,15,8000,100,157.48,-67.60526
DDQN,758,15,9000,100,192.44,-72.701706
DDQN,758,15,10000,100,181.12,-68.85002
DDQN,758,15,11000,100,202.84,-70.96987
DDQN,758,15,12000,100,173.44,-66.03233
DDQN,758,15,13000,100,220.68,-69.97159
DDQN,758,15,14000,100,232.04,-70.49599
DDQN,758,15,15000,100,221.32,-68.229225
DDQN,758,15,16000,100,178.04,-61.763023
DDQN,758,15,17000,100,179.88,-61.261875
DDQN,758,15,18000,100,177.24,-59.78486
DDQN,758,15,19000,100,208.44,-62.60984
DDQN,758,15,20000,100,464.32,-66.04121
DDQN,758,15,21000,100,273.04,-63.97573
DDQN,758,15,22000,100,270.48,-61.479736
DDQN,758,15,23000,100,292.6,-62.61226
DDQN,758,15,24000,100,153.76,-47.153988
DDQN,758,15,25000,100,200.04,-54.088673
DDQN,758,15,26000,100,276.72,-55.927242
DDQN,758,15,27000,100,203.32,-51.152
DDQN,758,15,28000,100,280.04,-57.249214
DDQN,758,15,29000,100,120.08,-34.425552
DDQN,758,15,30000,100,111.96,-30.793205
DDQN,758,15,31000,100,155.08,-39.15901
DDQN,758,15,32000,100,107.96,-27.326982
DDQN,758,15,33000,100,163.36,-37.577633
DDQN,758,15,34000,100,113.32,-27.141052
DDQN,758,15,35000,100,123.04,-27.815279
DDQN,758,15,36000,100,238.96,-45.289425
DDQN,758,15,37000,100,206.88,-40.601944
DDQN,758,15,38000,100,205.24,-41.51563
DDQN,758,15,39000,100,208.44,-42.086998
DDQN,758,15,40000,100,182.52,-37.57794
DDQN,758,15,41000,100,148.4,-28.18697
DDQN,758,15,42000,100,150.24,-27.304903
DDQN,758,15,43000,100,131.84,-21.885614
DDQN,758,15,44000,100,174.96,-30.71022
DDQN,758,15,45000,100,206.04,-34.873703
DDQN,758,15,46000,100,184.08,-31.2097
DDQN,758,15,47000,100,201.48,-34.543285
DDQN,758,15,48000,100,191.04,-31.13177
DDQN,758,15,49000,100,194.64,-31.660625
DDQN,758,15,50000,100,182.28,-29.268888
DDQN,758,15,51000,100,203.08,-30.184504
DDQN,758,15,52000,100,198.28,-29.475641
DDQN,758,15,53000,100,219.32,-30.434172
DDQN,758,15,54000,100,176.28,-23.555557
DDQN,758,15,55000,100,134.32,-15.784466
DDQN,758,15,56000,100,475.08,-32.639687
DDQN,758,15,57000,100,459.56,-30.545856
DDQN,758,15,58000,100,445.08,-33.408726
DDQN,758,15,59000,100,340.48,-27.769648
DDQN,758,15,60000,100,369.76,-33.617256
DDQN,758,15,61000,100,462.52,-35.02966
DDQN,758,15,62000,100,242.36,-28.1694
DDQN,758,15,63000,100,214.0,-24.179052
DDQN,758,15,64000,100,220.84,-25.094233
DDQN,758,15,65000,100,217.56,-23.216919
DDQN,758,15,66000,100,219.48,-23.35462
DDQN,758,15,67000,100,215.44,-22.321175
DDQN,758,15,68000,100,205.76,-13.315559
DDQN,758,15,69000,100,181.12,-16.782568
DDQN,758,15,70000,100,224.24,-21.32752
DDQN,758,15,71000,100,111.8,0.53286743
DDQN,758,15,72000,100,228.56,-21.076153
DDQN,758,15,73000,100,110.8,2.3034286
DDQN,758,15,74000,100,203.72,-13.509414
DDQN,758,15,75000,100,105.6,4.6607175
DDQN,758,15,76000,100,123.88,-0.3751068
DDQN,758,15,77000,100,121.4,0.49257112
DDQN,758,15,78000,100,308.56,-20.38227
DDQN,758,15,79000,100,252.72,-16.572458
DDQN,758,15,80000,100,643.6,-22.36663
DDQN,758,15,81000,100,348.8,-23.407835
DDQN,758,15,82000,100,247.2,-17.541004
DDQN,758,15,83000,100,1800.84,-23.82899
DDQN,758,15,84000,100,2892.4,-25.492283
DDQN,758,15,85000,100,1453.24,-24.691103
DDQN,758,15,86000,100,2357.72,-23.179224
DDQN,758,15,87000,100,1586.16,-20.660488
DDQN,758,15,88000,100,3000.0,-23.453856
DDQN,758,15,89000,100,3000.0,-23.043737
DDQN,758,15,90000,100,2132.76,-20.568653
DDQN,758,15,91000,100,1364.6,-18.047598
DDQN,758,15,92000,100,351.08,-18.040092
DDQN,758,15,93000,100,1315.12,-19.346035
DDQN,758,15,94000,100,3000.0,-20.663345
DDQN,758,15,95000,100,3000.0,-20.097054
DDQN,758,15,96000,100,3000.0,-19.676287
DDQN,758,15,97000,100,3000.0,-19.421453
DDQN,758,15,98000,100,1248.84,-18.144852
DDQN,758,15,99000,100,3000.0,-18.550844
DDQN,758,15,100000,100,3000.0,-18.113625
DDQN,758,16,1000,100,9.44,-9.077558
DDQN,758,16,2000,100,23.4,-18.928713
DDQN,758,16,3000,100,29.2,-22.22888
DDQN,758,16,4000,100,155.56,-72.507355
DDQN,758,16,5000,100,162.68,-73.507034
DDQN,758,16,6000,100,206.12,-79.210815
DDQN,758,16,7000,100,163.36,-70.73622
DDQN,758,16,8000,100,176.28,-71.43076
DDQN,758,16,9000,100,173.0,-69.825485
DDQN,758,16,10000,100,195.88,-70.99148
DDQN,758,16,11000,100,205.76,-71.44964
DDQN,758,16,12000,100,219.52,-72.15433
DDQN,758,16,13000,100,251.12,-73.43958
DDQN,758,16,14000,100,264.8,-73.20177
DDQN,758,16,15000,100,139.2,-56.101685
DDQN,758,16,16000,100,141.84,-55.101173
DDQN,758,16,17000,100,117.96,-47.65391
DDQN,758,16,18000,100,127.36,-48.877544
DDQN,758,16,19000,100,110.48,-42.660694
DDQN,758,16,20000,100,111.24,-42.348766
DDQN,758,16,21000,100,111.36,-41.33677
DDQN,758,16,22000,100,110.76,-39.405533
DDQN,758,16,23000,100,110.24,-38.418594
DDQN,758,16,24000,100,112.28,-38.246407
DDQN,758,16,25000,100,153.36,-47.26911
DDQN,758,16,26000,100,146.08,-45.083282
DDQN,758,16,27000,100,136.72,-42.077797
DDQN,758,16,28000,100,147.2,-43.759155
DDQN,758,16,29000,100,134.4,-39.201466
DDQN,758,16,30000,100,149.64,-42.07338
DDQN,758,16,31000,100,113.08,-31.567368
DDQN,758,16,32000,100,118.12,-31.824303
DDQN,758,16,33000,100,134.6,-35.608086
DDQN,758,16,34000,100,116.4,-29.635273
DDQN,758,16,35000,100,136.24,-33.656788
DDQN,758,16,36000,100,128.44,-31.050714
DDQN,758,16,37000,100,118.48,-27.373404
DDQN,758,16,38000,100,154.44,-34.422413
DDQN,758,16,39000,100,142.8,-31.578682
DDQN,758,16,40000,100,119.52,-24.470814
DDQN,758,16,41000,100,124.04,-24.724554
DDQN,758,16,42000,100,120.08,-22.472752
DDQN,758,16,43000,100,122.72,-22.448647
DDQN,758,16,44000,100,114.16,-19.301285
DDQN,758,16,45000,100,123.24,-20.91484
DDQN,758,16,46000,100,118.48,-19.230606
DDQN,758,16,47000,100,124.08,-19.549467
DDQN,758,16,48000,100,134.48,-21.493427
DDQN,758,16,49000,100,157.16,-25.799856
DDQN,758,16,50000,100,141.24,-21.623894
DDQN,758,16,51000,100,192.96,-29.961967
DDQN,758,16,52000,100,198.56,-28.06993
DDQN,758,16,53000,100,219.4,-32.020004
DDQN,758,16,54000,100,152.08,-20.623863
DDQN,758,16,55000,100,2326.84,-39.068142
DDQN,758,16,56000,100,160.72,-21.87393
DDQN,758,16,57000,100,757.44,-29.924046
DDQN,758,16,58000,100,153.2,-18.614708
DDQN,758,16,59000,100,2140.64,-37.51735
DDQN,758,16,60000,100,2319.68,-34.183136
DDQN,758,16,61000,100,1438.64,-31.892351
DDQN,758,16,62000,100,1265.68,-33.565575
DDQN,758,16,63000,100,3000.0,-37.30879
DDQN,758,16,64000,100,3000.0,-36.872837
DDQN,758,16,65000,100,3000.0,-36.63463
DDQN,758,16,66000,100,3000.0,-35.345097
DDQN,758,16,67000,100,3000.0,-34.786964
DDQN,758,16,68000,100,189.8,-13.414099
DDQN,758,16,69000,100,2872.76,-33.21172
DDQN,758,16,70000,100,3000.0,-32.651825
DDQN,758,16,71000,100,2086.56,-24.529797
DDQN,758,16,72000,100,3000.0,-31.74414
DDQN,758,16,73000,100,3000.0,-30.82389
DDQN,758,16,74000,100,3000.0,-30.277472
DDQN,758,16,75000,100,3000.0,-30.166973
DDQN,758,16,76000,100,3000.0,-29.22853
DDQN,758,16,77000,100,3000.0,-28.524355
DDQN,758,16,78000,100,3000.0,-28.115385
DDQN,758,16,79000,100,968.44,-14.6758375
DDQN,758,16,80000,100,119.16,3.3366413
DDQN,758,16,81000,100,122.4,2.6015182
DDQN,758,16,82000,100,1514.64,-13.908106
DDQN,758,16,83000,100,481.6,-3.421478
DDQN,758,16,84000,100,3000.0,-24.785545
DDQN,758,16,85000,100,3000.0,-24.073858
DDQN,758,16,86000,100,3000.0,-23.861197
DDQN,758,16,87000,100,3000.0,-23.284235
DDQN,758,16,88000,100,3000.0,-22.24236
DDQN,758,16,89000,100,3000.0,-21.864334
DDQN,758,16,90000,100,3000.0,-21.475536
DDQN,758,16,91000,100,3000.0,-20.992407
DDQN,758,16,92000,100,3000.0,-20.21042
DDQN,758,16,93000,100,3000.0,-20.047678
DDQN,758,16,94000,100,3000.0,-19.098515
DDQN,758,16,95000,100,3000.0,-18.361567
DDQN,758,16,96000,100,3000.0,-17.852484
DDQN,758,16,97000,100,3000.0,-17.607851
DDQN,758,16,98000,100,3000.0,-16.675962
DDQN,758,16,99000,100,3000.0,-15.999243
DDQN,758,16,100000,100,3000.0,-15.297478
DDQN,758,17,1000,100,9.28,-8.903303
DDQN,758,17,2000,100,12.0,-9.502619
DDQN,758,17,3000,100,38.76,-29.286749
DDQN,758,17,4000,100,529.04,-94.69314
DDQN,758,17,5000,100,230.2,-82.830734
DDQN,758,17,6000,100,210.2,-79.413864
DDQN,758,17,7000,100,177.96,-73.46686
DDQN,758,17,8000,100,170.16,-71.04417
DDQN,758,17,9000,100,153.76,-65.35313
DDQN,758,17,10000,100,135.32,-59.021164
DDQN,758,17,11000,100,171.64,-67.17085
DDQN,758,17,12000,100,186.16,-67.97251
DDQN,758,17,13000,100,159.08,-61.87053
DDQN,758,17,14000,100,195.24,-66.77497
DDQN,758,17,15000,100,192.64,-65.886856
DDQN,758,17,16000,100,206.12,-65.44934
DDQN,758,17,17000,100,206.8,-64.81363
DDQN,758,17,18000,100,172.24,-58.62937
DDQN,758,17,19000,100,219.56,-63.007618
DDQN,758,17,20000,100,184.56,-58.161903
DDQN,758,17,21000,100,201.72,-59.32271
DDQN,758,17,22000,100,125.12,-43.92974
DDQN,758,17,23000,100,141.4,-46.881153
DDQN,758,17,24000,100,156.4,-49.2617
DDQN,758,17,25000,100,146.8,-46.907825
DDQN,758,17,26000,100,138.56,-43.68418
DDQN,758,17,27000,100,134.52,-41.73328
DDQN,758,17,28000,100,141.36,-42.547287
DDQN,758,17,29000,100,144.88,-41.70671
DDQN,758,17,30000,100,136.64,-38.93746
DDQN,758,17,31000,100,134.96,-37.5027
DDQN,758,17,32000,100,146.56,-38.949432
DDQN,758,17,33000,100,126.84,-32.699604
DDQN,758,17,34000,100,138.36,-35.41349
DDQN,758,17,35000,100,153.92,-36.584282
DDQN,758,17,36000,100,128.2,-29.973705
DDQN,758,17,37000,100,129.72,-29.951801
DDQN,758,17,38000,100,129.84,-28.570786
DDQN,758,17,39000,100,193.92,-40.25789
DDQN,758,17,40000,100,159.92,-33.968502
DDQN,758,17,41000,100,165.0,-33.51264
DDQN,758,17,42000,100,161.44,-31.735298
DDQN,758,17,43000,100,170.52,-32.771366
DDQN,758,17,44000,100,201.0,-35.974
DDQN,758,17,45000,100,170.76,-30.241077
DDQN,758,17,46000,100,168.44,-28.99154
DDQN,758,17,47000,100,167.68,-27.765854
DDQN,758,17,48000,100,195.56,-30.652082
DDQN,758,17,49000,100,154.36,-22.676996
DDQN,758,17,50000,100,199.16,-30.110937
DDQN,758,17,51000,100,186.16,-26.73319
DDQN,758,17,52000,100,188.84,-26.542364
DDQN,758,17,53000,100,191.36,-25.176468
DDQN,758,17,54000,100,165.2,-20.36134
DDQN,758,17,55000,100,181.52,-22.787687
DDQN,758,17,56000,100,174.52,-20.99388
DDQN,758,17,57000,100,232.24,-26.504717
DDQN,758,17,58000,100,208.32,-23.445105
DDQN,758,17,59000,100,211.56,-23.273384
DDQN,758,17,60000,100,219.0,-23.329906
DDQN,758,17,61000,100,298.04,-26.028933
DDQN,758,17,62000,100,276.52,-25.09152
DDQN,758,17,63000,100,1055.88,-31.660332
DDQN,758,17,64000,100,3000.0,-32.368248
DDQN,758,17,65000,100,1681.24,-31.347944
DDQN,758,17,66000,100,649.84,-28.969631
DDQN,758,17,67000,100,415.0,-28.365118
DDQN,758,17,68000,100,323.72,-25.903387
DDQN,758,17,69000,100,3000.0,-28.857471
DDQN,758,17,70000,100,1394.52,-26.013826
DDQN,758,17,71000,100,2899.64,-28.091955
DDQN,758,17,72000,100,2898.6,-27.500795
DDQN,758,17,73000,100,742.08,-25.030577
DDQN,758,17,74000,100,569.68,-25.28545
DDQN,758,17,75000,100,317.92,-22.655014
DDQN,758,17,76000,100,534.84,-24.468239
DDQN,758,17,77000,100,339.6,-22.205149
DDQN,758,17,78000,100,544.8,-24.597101
DDQN,758,17,79000,100,569.24,-23.328558
DDQN,758,17,80000,100,2522.28,-23.787813
DDQN,758,17,81000,100,405.24,-21.78032
DDQN,758,17,82000,100,2466.76,-22.815454
DDQN,758,17,83000,100,436.44,-21.627983
DDQN,758,17,84000,100,593.24,-22.508728
DDQN,758,17,85000,100,480.8,-21.53481
DDQN,758,17,86000,100,509.28,-21.277395
DDQN,758,17,87000,100,485.52,-20.611607
DDQN,758,17,88000,100,3000.0,-20.72009
DDQN,758,17,89000,100,2924.36,-20.512579
DDQN,758,17,90000,100,3000.0,-20.047077
DDQN,758,17,91000,100,594.28,-19.010239
DDQN,758,17,92000,100,2901.16,-19.11124
DDQN,758,17,93000,100,2994.52,-19.047829
DDQN,758,17,94000,100,3000.0,-18.362587
DDQN,758,17,95000,100,3000.0,-17.689352
DDQN,758,17,96000,100,3000.0,-17.161394
DDQN,758,17,97000,100,440.56,-15.47631
DDQN,758,17,98000,100,3000.0,-16.238916
DDQN,758,17,99000,100,446.56,-14.788735
DDQN,758,17,100000,100,3000.0,-15.715862
DDQN,758,18,1000,100,9.28,-8.845558
DDQN,758,18,2000,100,9.28,-6.8619447
DDQN,758,18,3000,100,39.16,-28.728209
DDQN,758,18,4000,100,203.32,-79.82686
DDQN,758,18,5000,100,202.44,-79.15524
DDQN,758,18,6000,100,206.64,-79.448715
DDQN,758,18,7000,100,222.92,-78.48685
DDQN,758,18,8000,100,204.36,-75.88002
DDQN,758,18,9000,100,192.24,-73.427605
DDQN,758,18,10000,100,212.44,-73.809975
DDQN,758,18,11000,100,222.96,-74.32478
DDQN,758,18,12000,100,191.92,-68.15985
DDQN,758,18,13000,100,219.68,-71.1651
DDQN,758,18,14000,100,198.32,-66.09582
DDQN,758,18,15000,100,202.4,-66.99033
DDQN,758,18,16000,100,184.12,-63.200966
DDQN,758,18,17000,100,213.72,-62.186016
DDQN,758,18,18000,100,237.2,-66.659744
DDQN,758,18,19000,100,323.16,-69.40429
DDQN,758,18,20000,100,442.32,-68.65663
DDQN,758,18,21000,100,197.96,-56.796974
DDQN,758,18,22000,100,332.44,-66.189865
DDQN,758,18,23000,100,224.56,-59.56384
DDQN,758,18,24000,100,270.68,-59.62063
DDQN,758,18,25000,100,210.4,-55.5588
DDQN,758,18,26000,100,247.92,-55.874405
DDQN,758,18,27000,100,134.88,-39.079533
DDQN,758,18,28000,100,153.0,-41.51398
DDQN,758,18,29000,100,159.2,-43.514618
DDQN,758,18,30000,100,170.32,-44.688965
DDQN,758,18,31000,100,182.16,-45.528378
DDQN,758,18,32000,100,153.4,-37.989353
DDQN,758,18,33000,100,132.96,-34.39988
DDQN,758,18,34000,100,159.32,-39.158848
DDQN,758,18,35000,100,153.08,-35.317825
DDQN,758,18,36000,100,192.08,-41.396717
DDQN,758,18,37000,100,188.44,-40.76368
DDQN,758,18,38000,100,169.52,-35.620975
DDQN,758,18,39000,100,156.6,-33.73445
DDQN,758,18,40000,100,128.88,-25.606544
DDQN,758,18,41000,100,127.04,-23.847195
DDQN,758,18,42000,100,126.08,-23.480383
DDQN,758,18,43000,100,115.28,-19.430735
DDQN,758,18,44000,100,131.08,-22.639593
DDQN,758,18,45000,100,145.04,-24.780268
DDQN,758,18,46000,100,154.16,-26.414925
DDQN,758,18,47000,100,145.68,-20.256306
DDQN,758,18,48000,100,142.52,-22.689629
DDQN,758,18,49000,100,196.88,-27.44115
DDQN,758,18,50000,100,208.36,-30.162691
DDQN,758,18,51000,100,196.6,-28.199009
DDQN,758,18,52000,100,260.16,-32.710957
DDQN,758,18,53000,100,129.88,-15.296612
DDQN,758,18,54000,100,131.52,-14.363076
DDQN,758,18,55000,100,134.2,-14.562985
DDQN,758,18,56000,100,131.84,-13.085047
DDQN,758,18,57000,100,130.92,-12.150457
DDQN,758,18,58000,100,129.2,-11.586661
DDQN,758,18,59000,100,113.52,-6.779353
DDQN,758,18,60000,100,124.32,-8.848728
DDQN,758,18,61000,100,135.0,-10.813011
DDQN,758,18,62000,100,186.16,-19.16557
DDQN,758,18,63000,100,132.68,-8.518396
DDQN,758,18,64000,100,122.68,-5.7397566
DDQN,758,18,65000,100,134.64,-8.268229
DDQN,758,18,66000,100,165.76,-13.244911
DDQN,758,18,67000,100,131.4,-6.1748033
DDQN,758,18,68000,100,132.88,-6.1982837
DDQN,758,18,69000,100,124.76,-3.0007458
DDQN,758,18,70000,100,130.72,-4.3152294
DDQN,758,18,71000,100,120.88,-0.9588931
DDQN,758,18,72000,100,124.36,-1.4539267
DDQN,758,18,73000,100,119.64,1.2528495
DDQN,758,18,74000,100,119.72,1.3408557
DDQN,758,18,75000,100,128.76,-0.6967508
DDQN,758,18,76000,100,125.84,1.136687
DDQN,758,18,77000,100,121.04,2.9428043
DDQN,758,18,78000,100,129.6,0.8094696
DDQN,758,18,79000,100,133.64,0.71062255
DDQN,758,18,80000,100,137.04,0.2643396
DDQN,758,18,81000,100,139.96,0.07721588
DDQN,758,18,82000,100,138.92,0.94296175
DDQN,758,18,83000,100,139.72,1.0209116
DDQN,758,18,84000,100,152.52,-1.3730246
DDQN,758,18,85000,100,157.48,-1.6885996
DDQN,758,18,86000,100,163.24,-2.4581344
DDQN,758,18,87000,100,163.96,-2.0558867
DDQN,758,18,88000,100,150.76,1.1043586
DDQN,758,18,89000,100,163.2,-0.9501169
DDQN,758,18,90000,100,191.04,-5.2335415
DDQN,758,18,91000,100,142.8,4.462489
DDQN,758,18,92000,100,190.88,-4.1201844
DDQN,758,18,93000,100,140.6,6.0013313
DDQN,758,18,94000,100,143.92,5.701941
DDQN,758,18,95000,100,3000.0,-16.940746
DDQN,758,18,96000,100,3000.0,-16.704628
DDQN,758,18,97000,100,3000.0,-16.554558
DDQN,758,18,98000,100,3000.0,-15.7702465
DDQN,758,18,99000,100,2332.64,-12.900116
DDQN,758,18,100000,100,3000.0,-15.162746
DDQN,758,19,1000,100,26.44,-23.165796
DDQN,758,19,2000,100,15.36,-12.241581
DDQN,758,19,3000,100,507.4,-70.9911
DDQN,758,19,4000,100,236.84,-84.1742
DDQN,758,19,5000,100,220.6,-81.94075
DDQN,758,19,6000,100,192.36,-77.46393
DDQN,758,19,7000,100,201.64,-76.68962
DDQN,758,19,8000,100,227.04,-77.88726
DDQN,758,19,9000,100,222.72,-76.56724
DDQN,758,19,10000,100,197.4,-70.234116
DDQN,758,19,11000,100,227.24,-73.33893
DDQN,758,19,12000,100,184.88,-67.24338
DDQN,758,19,13000,100,230.48,-71.533005
DDQN,758,19,14000,100,222.12,-70.353714
DDQN,758,19,15000,100,215.84,-68.87844
DDQN,758,19,16000,100,220.72,-67.26685
DDQN,758,19,17000,100,238.44,-67.64506
DDQN,758,19,18000,100,180.88,-60.344135
DDQN,758,19,19000,100,147.68,-52.257725
DDQN,758,19,20000,100,170.04,-55.98087
DDQN,758,19,21000,100,151.84,-51.523575
DDQN,758,19,22000,100,136.68,-45.948246
DDQN,758,19,23000,100,187.84,-54.71769
DDQN,758,19,24000,100,229.92,-58.306236
DDQN,758,19,25000,100,223.0,-55.06004
DDQN,758,19,26000,100,185.96,-50.972668
DDQN,758,19,27000,100,140.88,-42.16985
DDQN,758,19,28000,100,190.04,-49.67392
DDQN,758,19,29000,100,150.96,-41.454567
DDQN,758,19,30000,100,127.76,-35.796024
DDQN,758,19,31000,100,132.24,-36.023098
DDQN,758,19,32000,100,126.08,-32.44737
DDQN,758,19,33000,100,120.36,-30.095415
DDQN,758,19,34000,100,115.96,-28.058578
DDQN,758,19,35000,100,133.28,-30.85606
DDQN,758,19,36000,100,118.24,-26.249432
DDQN,758,19,37000,100,122.0,-26.849463
DDQN,758,19,38000,100,150.16,-31.054764
DDQN,758,19,39000,100,118.36,-22.94526
DDQN,758,19,40000,100,132.96,-25.417192
DDQN,758,19,41000,100,119.24,-20.905254
DDQN,758,19,42000,100,116.2,-19.676327
DDQN,758,19,43000,100,127.24,-21.685589
DDQN,758,19,44000,100,124.08,-19.773464
DDQN,758,19,45000,100,121.32,-18.49497
DDQN,758,19,46000,100,125.2,-18.84068
DDQN,758,19,47000,100,122.76,-16.995045
DDQN,758,19,48000,100,125.52,-16.685675
DDQN,758,19,49000,100,126.8,-16.39903
DDQN,758,19,50000,100,120.72,-13.727003
DDQN,758,19,51000,100,123.92,-13.374543
DDQN,758,19,52000,100,130.8,-14.533543
DDQN,758,19,53000,100,132.2,-14.07312
DDQN,758,19,54000,100,133.56,-13.199612
DDQN,758,19,55000,100,128.6,-11.036129
DDQN,758,19,56000,100,131.76,-10.758184
DDQN,758,19,57000,100,125.52,-7.5087266
DDQN,758,19,58000,100,121.44,-5.7237244
DDQN,758,19,59000,100,136.88,-9.445436
DDQN,758,19,60000,100,124.68,-4.17494
DDQN,758,19,61000,100,128.04,-4.6179237
DDQN,758,19,62000,100,126.32,-3.186795
DDQN,758,19,63000,100,157.4,-8.479113
DDQN,758,19,64000,100,155.04,-8.347245
DDQN,758,19,65000,100,147.12,-5.4135046
DDQN,758,19,66000,100,133.72,-1.5416248
DDQN,758,19,67000,100,150.6,-4.801996
DDQN,758,19,68000,100,139.28,-1.6010873
DDQN,758,19,69000,100,150.08,-2.2157726
DDQN,758,19,70000,100,150.04,-2.6841245
DDQN,758,19,71000,100,500.76,-5.840012
DDQN,758,19,72000,100,149.8,-1.3290298
DDQN,758,19,73000,100,229.0,-9.267309
DDQN,758,19,74000,100,177.72,-3.6834989
DDQN,758,19,75000,100,211.2,-6.2737026
DDQN,758,19,76000,100,176.32,-1.8562802
DDQN,758,19,77000,100,204.0,-4.9547744
DDQN,758,19,78000,100,152.48,2.122708
DDQN,758,19,79000,100,151.68,2.8399992
DDQN,758,19,80000,100,186.32,-2.217449
DDQN,758,19,81000,100,205.64,-3.2892349
DDQN,758,19,82000,100,239.36,-5.053658
DDQN,758,19,83000,100,202.52,-2.521493
DDQN,758,19,84000,100,244.6,-5.515078
DDQN,758,19,85000,100,238.28,-4.2266994
DDQN,758,19,86000,100,210.36,-1.495241
DDQN,758,19,87000,100,374.52,-11.234819
DDQN,758,19,88000,100,254.88,-4.189825
DDQN,758,19,89000,100,284.6,-5.72522
DDQN,758,19,90000,100,302.6,-7.056715
DDQN,758,19,91000,100,227.16,-1.4716821
DDQN,758,19,92000,100,276.36,-4.2506657
DDQN,758,19,93000,100,269.2,-4.080381
DDQN,758,19,94000,100,318.6,-7.054892
DDQN,758,19,95000,100,435.88,-8.42517
DDQN,758,19,96000,100,316.12,-5.487263
DDQN,758,19,97000,100,560.32,-8.954804
DDQN,758,19,98000,100,460.76,-6.941668
DDQN,758,19,99000,100,388.12,-6.3844056
DDQN,758,19,100000,100,840.2,-8.168034
DQN,535,10,1000,100,9.44,-9.032413
DQN,535,10,2000,100,9.8,-6.5964947
DQN,535,10,3000,100,47.12,-29.498802
DQN,535,10,4000,100,234.52,-82.74428
DQN,535,10,5000,100,197.4,-74.17701
DQN,535,10,6000,100,173.6,-69.66353
DQN,535,10,7000,100,156.36,-64.68629
DQN,535,10,8000,100,151.6,-62.858917
DQN,535,10,9000,100,157.84,-61.915073
DQN,535,10,10000,100,177.76,-62.57082
DQN,535,10,11000,100,176.48,-61.28896
DQN,535,10,12000,100,200.04,-62.674393
DQN,535,10,13000,100,196.64,-60.06091
DQN,535,10,14000,100,202.4,-57.966972
DQN,535,10,15000,100,150.12,-48.46654
DQN,535,10,16000,100,161.6,-49.448734
DQN,535,10,17000,100,168.16,-48.642166
DQN,535,10,18000,100,223.4,-53.60454
DQN,535,10,19000,100,236.88,-51.738914
DQN,535,10,20000,100,148.08,-38.851933
DQN,535,10,21000,100,142.68,-36.946537
DQN,535,10,22000,100,173.96,-40.964478
DQN,535,10,23000,100,164.88,-38.573864
DQN,535,10,24000,100,156.44,-35.619835
DQN,535,10,25000,100,137.4,-29.985891
DQN,535,10,26000,100,145.72,-30.097265
DQN,535,10,27000,100,128.04,-24.813398
DQN,535,10,28000,100,130.88,-23.982367
DQN,535,10,29000,100,144.76,-25.776234
DQN,535,10,30000,100,114.48,-16.280527
DQN,535,10,31000,100,131.64,-20.404226
DQN,535,10,32000,100,115.72,-14.662215
DQN,535,10,33000,100,113.84,-12.59893
DQN,535,10,34000,100,116.76,-11.392107
DQN,535,10,35000,100,122.16,-12.111584
DQN,535,10,36000,100,122.84,-10.436178
DQN,535,10,37000,100,120.76,-7.976083
DQN,535,10,38000,100,118.56,-5.5497074
DQN,535,10,39000,100,122.4,-6.157978
DQN,535,10,40000,100,120.68,-3.463141
DQN,535,10,41000,100,124.04,-2.5528224
DQN,535,10,42000,100,125.36,-0.6299326
DQN,535,10,43000,100,119.4,3.5674229
DQN,535,10,44000,100,121.8,4.4062567
DQN,535,10,45000,100,122.44,5.7826
DQN,535,10,46000,100,116.28,9.289957
DQN,535,10,47000,100,114.24,12.768808
DQN,535,10,48000,100,121.16,12.633609
DQN,535,10,49000,100,124.72,13.245598
DQN,535,10,50000,100,125.12,14.668118
DQN,535,10,51000,100,131.8,14.342029
DQN,535,10,52000,100,129.12,16.48259
DQN,535,10,53000,100,125.84,19.115387
DQN,535,10,54000,100,133.28,17.737865
DQN,535,10,55000,100,143.36,16.847431
DQN,535,10,56000,100,129.88,21.837732
DQN,535,10,57000,100,137.04,21.002718
DQN,535,10,58000,100,154.76,17.773375
DQN,535,10,59000,100,178.92,14.803331
DQN,535,10,60000,100,187.32,14.758414
DQN,535,10,61000,100,170.6,17.954618
DQN,535,10,62000,100,228.96,12.257546
DQN,535,10,63000,100,444.52,2.202564
DQN,535,10,64000,100,458.92,2.3960001
DQN,535,10,65000,100,382.76,6.8134584
DQN,535,10,66000,100,425.04,5.0504665
DQN,535,10,67000,100,431.92,5.49078
DQN,535,10,68000,100,495.32,4.635092
DQN,535,10,69000,100,214.24,15.652682
DQN,535,10,70000,100,427.0,5.568325
DQN,535,10,71000,100,204.8,17.212082
DQN,535,10,72000,100,427.24,8.217042
DQN,535,10,73000,100,504.8,6.1383348
DQN,535,10,74000,100,551.48,6.2032228
DQN,535,10,75000,100,413.64,7.301974
DQN,535,10,76000,100,389.12,7.6765795
DQN,535,10,77000,100,380.88,7.845891
DQN,535,10,78000,100,385.64,8.116253
DQN,535,10,79000,100,330.16,11.907915
DQN,535,10,80000,100,325.76,15.511059
DQN,535,10,81000,100,331.12,19.331312
DQN,535,10,82000,100,562.96,17.539248
DQN,535,10,83000,100,840.96,15.934304
DQN,535,10,84000,100,754.64,23.589933
DQN,535,10,85000,100,143.52,31.325161
DQN,535,10,86000,100,712.56,27.501188
DQN,535,10,87000,100,127.96,35.581985
DQN,535,10,88000,100,122.76,37.306087
DQN,535,10,89000,100,119.84,38.978813
DQN,535,10,90000,100,122.0,39.88
DQN,535,10,91000,100,115.0,43.556713
DQN,535,10,92000,100,127.28,40.57985
DQN,535,10,93000,100,127.16,42.120926
DQN,535,10,94000,100,120.04,45.895477
DQN,535,10,95000,100,129.68,44.722466
DQN,535,10,96000,100,131.48,45.981155
DQN,535,10,97000,100,132.2,47.38717
DQN,535,10,98000,100,129.92,49.60228
DQN,535,10,99000,100,131.4,50.349667
DQN,535,10,100000,100,147.2,47.146606
DQN,535,11,1000,100,9.28,-8.900425
DQN,535,11,2000,100,9.8,-6.6280932
DQN,535,11,3000,100,28.44,-19.862951
DQN,535,11,4000,100,225.96,-81.36409
DQN,535,11,5000,100,172.56,-71.4198
DQN,535,11,6000,100,171.2,-69.746864
DQN,535,11,7000,100,167.4,-65.92603
DQN,535,11,8000,100,165.6,-64.47472
DQN,535,11,9000,100,155.92,-61.260284
DQN,535,11,10000,100,148.56,-57.54287
DQN,535,11,11000,100,155.84,-56.481956
DQN,535,11,12000,100,157.84,-55.027767
DQN,535,11,13000,100,163.56,-53.62155
DQN,535,11,14000,100,168.08,-52.58369
DQN,535,11,15000,100,170.96,-51.498215
DQN,535,11,16000,100,188.8,-52.843224
DQN,535,11,17000,100,220.72,-54.664394
DQN,535,11,18000,100,212.44,-52.44938
DQN,535,11,19000,100,196.52,-49.12383
DQN,535,11,20000,100,512.92,-60.354877
DQN,535,11,21000,100,3000.0,-59.36073
DQN,535,11,22000,100,3000.0,-57.789696
DQN,535,11,23000,100,3000.0,-56.76583
DQN,535,11,24000,100,467.52,-54.064938
DQN,535,11,25000,100,354.6,-49.332626
DQN,535,11,26000,100,421.16,-48.12891
DQN,535,11,27000,100,285.36,-44.50854
DQN,535,11,28000,100,342.72,-44.106056
DQN,535,11,29000,100,274.56,-38.728424
DQN,535,11,30000,100,262.12,-33.222004
DQN,535,11,31000,100,192.8,-26.25389
DQN,535,11,32000,100,201.68,-26.990389
DQN,535,11,33000,100,234.92,-29.411592
DQN,535,11,34000,100,167.8,-19.059948
DQN,535,11,35000,100,220.44,-25.239363
DQN,535,11,36000,100,268.04,-26.84471
DQN,535,11,37000,100,263.0,-25.354492
DQN,535,11,38000,100,175.68,-14.0699
DQN,535,11,39000,100,151.76,-10.206626
DQN,535,11,40000,100,135.12,-6.1475477
DQN,535,11,41000,100,135.44,-4.2249727
DQN,535,11,42000,100,115.96,3.189721
DQN,535,11,43000,100,120.84,2.9395084
DQN,535,11,44000,100,110.8,8.077817
DQN,535,11,45000,100,113.52,9.144707
DQN,535,11,46000,100,125.32,5.350144
DQN,535,11,47000,100,126.0,7.886264
DQN,535,11,48000,100,121.8,10.513364
DQN,535,11,49000,100,126.08,11.453102
DQN,535,11,50000,100,130.76,11.403782
DQN,535,11,51000,100,114.92,17.983871
DQN,535,11,52000,100,128.52,15.728149
DQN,535,11,53000,100,118.88,19.823797
DQN,535,11,54000,100,119.32,20.613096
DQN,535,11,55000,100,116.36,23.945312
DQN,535,11,56000,100,127.16,22.366201
DQN,535,11,57000,100,123.92,24.99916
DQN,535,11,58000,100,119.08,28.118748
DQN,535,11,59000,100,119.44,29.638681
DQN,535,11,60000,100,120.64,30.601831
DQN,535,11,61000,100,123.04,30.769995
DQN,535,11,62000,100,126.64,31.345604
DQN,535,11,63000,100,123.24,33.98873
DQN,535,11,64000,100,118.04,37.68884
DQN,535,11,65000,100,122.6,38.28689
DQN,535,11,66000,100,120.96,41.561626
DQN,535,11,67000,100,119.04,43.724907
DQN,535,11,68000,100,107.28,49.183277
DQN,535,11,69000,100,109.16,49.87686
DQN,535,11,70000,100,127.92,46.078487
DQN,535,11,71000,100,125.08,48.00764
DQN,535,11,72000,100,127.72,48.526268
DQN,535,11,73000,100,123.36,51.50483
DQN,535,11,74000,100,120.24,53.854443
DQN,535,11,75000,100,123.96,53.345383
DQN,535,11,76000,100,118.04,56.680367
DQN,535,11,77000,100,124.4,55.15623
DQN,535,11,78000,100,136.36,52.877487
DQN,535,11,79000,100,144.04,50.827877
DQN,535,11,80000,100,153.76,49.881046
DQN,535,11,81000,100,152.48,51.017403
DQN,535,11,82000,100,162.6,48.687313
DQN,535,11,83000,100,158.24,49.416595
DQN,535,11,84000,100,163.36,48.10044
DQN,535,11,85000,100,249.2,39.228653
DQN,535,11,86000,100,348.88,32.703796
DQN,535,11,87000,100,289.4,36.458282
DQN,535,11,88000,100,409.48,30.981112
DQN,535,11,89000,100,413.48,30.72272
DQN,535,11,90000,100,553.84,30.754667
DQN,535,11,91000,100,519.72,29.293682
DQN,535,11,92000,100,525.36,28.535574
DQN,535,11,93000,100,494.04,27.6723
DQN,535,11,94000,100,489.08,26.904669
DQN,535,11,95000,100,1063.96,26.278898
DQN,535,11,96000,100,3000.0,26.065046
DQN,535,11,97000,100,1275.76,26.380049
DQN,535,11,98000,100,3000.0,25.50239
DQN,535,11,99000,100,3000.0,25.453247
DQN,535,11,100000,100,3000.0,25.060566
DQN,535,12,1000,100,9.28,-8.828122
DQN,535,12,2000,100,9.8,-6.549585
DQN,535,12,3000,100,350.88,-65.684654
DQN,535,12,4000,100,286.72,-86.068924
DQN,535,12,5000,100,224.0,-79.20722
DQN,535,12,6000,100,234.16,-77.90052
DQN,535,12,7000,100,236.72,-75.56736
DQN,535,12,8000,100,250.4,-75.09909
DQN,535,12,9000,100,233.44,-71.51221
DQN,535,12,10000,100,217.24,-67.66866
DQN,535,12,11000,100,213.16,-65.588455
DQN,535,12,12000,100,208.24,-62.964443
DQN,535,12,13000,100,192.68,-58.568954
DQN,535,12,14000,100,187.28,-54.995796
DQN,535,12,15000,100,170.72,-50.90546
DQN,535,12,16000,100,184.24,-52.141815
DQN,535,12,17000,100,175.88,-48.46954
DQN,535,12,18000,100,183.16,-48.779766
DQN,535,12,19000,100,169.04,-44.928032
DQN,535,12,20000,100,166.04,-42.876144
DQN,535,12,21000,100,178.84,-43.030365
DQN,535,12,22000,100,168.28,-39.691566
DQN,535,12,23000,100,142.28,-32.783245
DQN,535,12,24000,100,186.72,-40.140186
DQN,535,12,25000,100,137.64,-28.17234
DQN,535,12,26000,100,144.84,-28.44286
DQN,535,12,27000,100,139.88,-25.437727
DQN,535,12,28000,100,158.08,-27.87788
DQN,535,12,29000,100,139.04,-22.072472
DQN,535,12,30000,100,141.0,-20.459072
DQN,535,12,31000,100,163.16,-24.910791
DQN,535,12,32000,100,130.24,-15.849454
DQN,535,12,33000,100,137.08,-16.116966
DQN,535,12,34000,100,149.68,-16.225765
DQN,535,12,35000,100,123.88,-9.6114235
DQN,535,12,36000,100,141.4,-12.424783
DQN,535,12,37000,100,151.0,-12.807051
DQN,535,12,38000,100,128.72,-7.2771497
DQN,535,12,39000,100,129.76,-6.6929274
DQN,535,12,40000,100,187.48,-13.354328
DQN,535,12,41000,100,154.24,-9.32248
DQN,535,12,42000,100,118.56,-0.026945801
DQN,535,12,43000,100,123.12,-0.44000793
DQN,535,12,44000,100,176.56,-8.588134
DQN,535,12,45000,100,147.32,-2.3176796
DQN,535,12,46000,100,173.4,-6.167117
DQN,535,12,47000,100,154.84,-0.66669464
DQN,535,12,48000,100,128.52,3.7047207
DQN,535,12,49000,100,130.28,4.5593452
DQN,535,12,50000,100,136.28,4.036185
DQN,535,12,51000,100,127.12,7.306165
DQN,535,12,52000,100,162.2,1.0386047
DQN,535,12,53000,100,121.32,11.178531
DQN,535,12,54000,100,133.12,8.277253
DQN,535,12,55000,100,133.28,10.145258
DQN,535,12,56000,100,130.32,11.437578
DQN,535,12,57000,100,134.28,11.485078
DQN,535,12,58000,100,175.0,4.0244017
DQN,535,12,59000,100,143.52,10.951411
DQN,535,12,60000,100,157.6,9.155909
DQN,535,12,61000,100,163.12,9.490574
DQN,535,12,62000,100,148.56,12.449285
DQN,535,12,63000,100,158.12,12.085523
DQN,535,12,64000,100,134.0,17.911636
DQN,535,12,65000,100,198.8,9.579811
DQN,535,12,66000,100,117.96,22.385796
DQN,535,12,67000,100,117.56,23.423655
DQN,535,12,68000,100,116.52,24.211187
DQN,535,12,69000,100,112.64,25.968391
DQN,535,12,70000,100,114.64,26.05856
DQN,535,12,71000,100,114.32,26.423437
DQN,535,12,72000,100,115.68,26.608591
DQN,535,12,73000,100,115.28,27.78583
DQN,535,12,74000,100,117.24,28.129492
DQN,535,12,75000,100,117.12,28.999292
DQN,535,12,76000,100,117.64,29.613361
DQN,535,12,77000,100,121.16,29.309708
DQN,535,12,78000,100,129.36,28.022556
DQN,535,12,79000,100,119.8,31.524836
DQN,535,12,80000,100,134.2,28.831558
DQN,535,12,81000,100,119.96,33.118073
DQN,535,12,82000,100,152.4,26.179949
DQN,535,12,83000,100,172.44,23.056038
DQN,535,12,84000,100,214.44,17.36263
DQN,535,12,85000,100,3000.0,6.0758214
DQN,535,12,86000,100,3000.0,6.4962893
DQN,535,12,87000,100,3000.0,6.6959996
DQN,535,12,88000,100,3000.0,6.4534926
DQN,535,12,89000,100,3000.0,6.7163734
DQN,535,12,90000,100,3000.0,6.5546355
DQN,535,12,91000,100,3000.0,7.8436046
DQN,535,12,92000,100,3000.0,7.473286
DQN,535,12,93000,100,3000.0,7.424164
DQN,535,12,94000,100,3000.0,6.9506364
DQN,535,12,95000,100,3000.0,7.3477297
DQN,535,12,96000,100,2815.48,7.5720806
DQN,535,12,97000,100,3000.0,7.654555
DQN,535,12,98000,100,3000.0,7.8839087
DQN,535,12,99000,100,3000.0,7.9640965
DQN,535,12,100000,100,3000.0,7.7686143
DQN,535,13,1000,100,10.56,-10.078116
DQN,535,13,2000,100,9.28,-6.017151
DQN,535,13,3000,100,105.32,-57.430927
DQN,535,13,4000,100,168.8,-72.84384
DQN,535,13,5000,100,177.64,-71.86348
DQN,535,13,6000,100,184.08,-71.72374
DQN,535,13,7000,100,199.4,-71.35417
DQN,535,13,8000,100,216.8,-71.91751
DQN,535,13,9000,100,209.52,-70.16853
DQN,535,13,10000,100,196.52,-66.153366
DQN,535,13,11000,100,206.52,-65.32949
DQN,535,13,12000,100,220.84,-64.15939
DQN,535,13,13000,100,226.56,-63.24393
DQN,535,13,14000,100,223.64,-61.03904
DQN,535,13,15000,100,221.24,-58.09248
DQN,535,13,16000,100,310.92,-63.32366
DQN,535,13,17000,100,284.88,-61.23533
DQN,535,13,18000,100,368.4,-62.581955
DQN,535,13,19000,100,607.16,-63.54839
DQN,535,13,20000,100,2688.44,-61.95732
DQN,535,13,21000,100,290.44,-54.358
DQN,535,13,22000,100,324.32,-54.565723
DQN,535,13,23000,100,105.64,-23.33906
DQN,535,13,24000,100,110.88,-22.967258
DQN,535,13,25000,100,105.16,-19.370508
DQN,535,13,26000,100,138.76,-24.407408
DQN,535,13,27000,100,198.64,-34.646732
DQN,535,13,28000,100,102.04,-13.083696
DQN,535,13,29000,100,121.0,-17.241823
DQN,535,13,30000,100,118.68,-14.779352
DQN,535,13,31000,100,126.4,-15.172665
DQN,535,13,32000,100,107.44,-9.80749
DQN,535,13,33000,100,166.0,-20.257397
DQN,535,13,34000,100,144.8,-15.704368
DQN,535,13,35000,100,185.8,-20.358171
DQN,535,13,36000,100,195.96,-21.477507
DQN,535,13,37000,100,147.76,-14.124258
DQN,535,13,38000,100,175.48,-16.717955
DQN,535,13,39000,100,137.56,-10.122538
DQN,535,13,40000,100,135.56,-8.073396
DQN,535,13,41000,100,129.92,-5.616222
DQN,535,13,42000,100,109.16,1.6505896
DQN,535,13,43000,100,128.04,-2.190307
DQN,535,13,44000,100,131.16,-2.2049615
DQN,535,13,45000,100,161.6,-6.2048073
DQN,535,13,46000,100,164.48,-3.967091
DQN,535,13,47000,100,113.68,4.9970274
DQN,535,13,48000,100,161.16,-5.053626
DQN,535,13,49000,100,133.68,1.8822968
DQN,535,13,50000,100,223.8,-12.8066435
DQN,535,13,51000,100,129.12,4.950726
DQN,535,13,52000,100,174.76,-3.7497692
DQN,535,13,53000,100,202.32,-6.2449303
DQN,535,13,54000,100,131.8,6.518844
DQN,535,13,55000,100,127.92,8.60751
DQN,535,13,56000,100,133.72,8.31266
DQN,535,13,57000,100,135.56,8.718198
DQN,535,13,58000,100,132.8,10.623809
DQN,535,13,59000,100,129.8,12.403687
DQN,535,13,60000,100,135.24,12.140295
DQN,535,13,61000,100,150.8,9.358313
DQN,535,13,62000,100,135.0,13.7055025
DQN,535,13,63000,100,142.64,12.33122
DQN,535,13,64000,100,130.64,16.696068
DQN,535,13,65000,100,139.68,15.850421
DQN,535,13,66000,100,137.84,17.761242
DQN,535,13,67000,100,138.64,18.514383
DQN,535,13,68000,100,135.2,20.584167
DQN,535,13,69000,100,173.08,12.938199
DQN,535,13,70000,100,525.44,-2.9268994
DQN,535,13,71000,100,354.8,0.36962798
DQN,535,13,72000,100,365.28,1.63091
DQN,535,13,73000,100,589.36,0.6657483
DQN,535,13,74000,100,2500.12,1.2772747
DQN,535,13,75000,100,2887.08,3.019917
DQN,535,13,76000,100,3000.0,3.7095227
DQN,535,13,77000,100,3000.0,5.1934466
DQN,535,13,78000,100,3000.0,6.2810736
DQN,535,13,79000,100,3000.0,7.0860643
DQN,535,13,80000,100,3000.0,8.263729
DQN,535,13,81000,100,3000.0,9.1128025
DQN,535,13,82000,100,3000.0,10.312792
DQN,535,13,83000,100,3000.0,11.552376
DQN,535,13,84000,100,3000.0,12.445486
DQN,535,13,85000,100,3000.0,12.953518
DQN,535,13,86000,100,3000.0,13.605718
DQN,535,13,87000,100,3000.0,14.43155
DQN,535,13,88000,100,3000.0,15.5210705
DQN,535,13,89000,100,3000.0,16.000507
DQN,535,13,90000,100,3000.0,16.375784
DQN,535,13,91000,100,3000.0,16.459654
DQN,535,13,92000,100,3000.0,16.253366
DQN,535,13,93000,100,3000.0,16.758453
DQN,535,13,94000,100,3000.0,16.589256
DQN,535,13,95000,100,3000.0,16.975801
DQN,535,13,96000,100,3000.0,16.54818
DQN,535,13,97000,100,3000.0,16.261553
DQN,535,13,98000,100,3000.0,16.384453
DQN,535,13,99000,100,3000.0,16.033274
DQN,535,13,100000,100,3000.0,15.1328335
DQN,535,14,1000,100,9.44,-9.00862
DQN,535,14,2000,100,10.28,-7.092028
DQN,535,14,3000,100,181.52,-73.90507
DQN,535,14,4000,100,288.12,-86.24934
DQN,535,14,5000,100,248.04,-81.66083
DQN,535,14,6000,100,227.6,-77.22822
DQN,535,14,7000,100,206.4,-72.78801
DQN,535,14,8000,100,196.0,-69.898254
DQN,535,14,9000,100,196.6,-68.053055
DQN,535,14,10000,100,205.4,-66.77944
DQN,535,14,11000,100,217.24,-66.12605
DQN,535,14,12000,100,215.16,-64.24021
DQN,535,14,13000,100,216.24,-62.629375
DQN,535,14,14000,100,217.08,-59.05129
DQN,535,14,15000,100,226.36,-58.080585
DQN,535,14,16000,100,217.52,-56.70713
DQN,535,14,17000,100,218.96,-56.273808
DQN,535,14,18000,100,205.92,-51.162987
DQN,535,14,19000,100,174.52,-46.44597
DQN,535,14,20000,100,194.68,-46.79886
DQN,535,14,21000,100,275.76,-53.875866
DQN,535,14,22000,100,293.4,-50.670708
DQN,535,14,23000,100,289.8,-52.31667
DQN,535,14,24000,100,986.04,-55.542835
DQN,535,14,25000,100,3000.0,-54.76558
DQN,535,14,26000,100,2773.72,-53.154263
DQN,535,14,27000,100,1440.92,-51.451916
DQN,535,14,28000,100,544.76,-47.70313
DQN,535,14,29000,100,511.96,-47.86164
DQN,535,14,30000,100,376.32,-41.89625
DQN,535,14,31000,100,243.12,-29.712866
DQN,535,14,32000,100,284.56,-37.25404
DQN,535,14,33000,100,358.24,-38.394665
DQN,535,14,34000,100,391.96,-35.368866
DQN,535,14,35000,100,378.04,-37.243973
DQN,535,14,36000,100,249.32,-27.714191
DQN,535,14,37000,100,288.72,-29.373764
DQN,535,14,38000,100,327.6,-30.987982
DQN,535,14,39000,100,264.84,-26.061348
DQN,535,14,40000,100,237.0,-22.093735
DQN,535,14,41000,100,153.8,-10.7990675
DQN,535,14,42000,100,304.16,-22.051071
DQN,535,14,43000,100,230.48,-17.330784
DQN,535,14,44000,100,169.36,-8.180044
DQN,535,14,45000,100,131.32,1.3022165
DQN,535,14,46000,100,182.16,-8.592718
DQN,535,14,47000,100,131.16,2.417901
DQN,535,14,48000,100,138.16,1.8653083
DQN,535,14,49000,100,151.0,0.042604372
DQN,535,14,50000,100,170.0,-1.8810775
DQN,535,14,51000,100,137.2,5.6040273
DQN,535,14,52000,100,155.2,2.6695025
DQN,535,14,53000,100,140.2,6.972035
DQN,535,14,54000,100,144.72,6.0681887
DQN,535,14,55000,100,135.52,9.750135
DQN,535,14,56000,100,130.56,12.842068
DQN,535,14,57000,100,131.04,13.597796
DQN,535,14,58000,100,135.64,13.910299
DQN,535,14,59000,100,128.92,17.293344
DQN,535,14,60000,100,128.4,18.786678
DQN,535,14,61000,100,136.2,17.740906
DQN,535,14,62000,100,134.4,18.924444
DQN,535,14,63000,100,134.36,19.533947
DQN,535,14,64000,100,130.56,21.675909
DQN,535,14,65000,100,130.04,23.332928
DQN,535,14,66000,100,138.0,22.500177
DQN,535,14,67000,100,136.24,24.166262
DQN,535,14,68000,100,132.72,26.228106
DQN,535,14,69000,100,136.32,25.643581
DQN,535,14,70000,100,145.32,24.622759
DQN,535,14,71000,100,153.68,23.645657
DQN,535,14,72000,100,142.0,27.49757
DQN,535,14,73000,100,145.48,27.452665
DQN,535,14,74000,100,151.32,26.794214
DQN,535,14,75000,100,142.04,29.267279
DQN,535,14,76000,100,140.84,30.396835
DQN,535,14,77000,100,152.32,28.178839
DQN,535,14,78000,100,189.72,21.960838
DQN,535,14,79000,100,176.52,24.801197
DQN,535,14,80000,100,196.0,22.30104
DQN,535,14,81000,100,1775.36,14.593693
DQN,535,14,82000,100,3000.0,10.073101
DQN,535,14,83000,100,3000.0,10.715553
DQN,535,14,84000,100,3000.0,10.913962
DQN,535,14,85000,100,3000.0,11.100025
DQN,535,14,86000,100,3000.0,11.55292
DQN,535,14,87000,100,3000.0,12.163892
DQN,535,14,88000,100,3000.0,12.470928
DQN,535,14,89000,100,3000.0,12.063118
DQN,535,14,90000,100,3000.0,12.353772
DQN,535,14,91000,100,333.76,15.757921
DQN,535,14,92000,100,3000.0,12.202204
DQN,535,14,93000,100,3000.0,12.404902
DQN,535,14,94000,100,3000.0,12.198603
DQN,535,14,95000,100,3000.0,12.492358
DQN,535,14,96000,100,3000.0,12.007851
DQN,535,14,97000,100,2886.72,12.864371
DQN,535,14,98000,100,3000.0,11.681165
DQN,535,14,99000,100,3000.0,11.742928
DQN,535,14,100000,100,261.12,31.027859
DQN,535,15,1000,100,9.28,-8.852837
DQN,535,15,2000,100,9.84,-6.6561556
DQN,535,15,3000,100,213.24,-81.760216
DQN,535,15,4000,100,146.56,-68.01926
DQN,535,15,5000,100,172.44,-72.00536
DQN,535,15,6000,100,191.4,-72.619415
DQN,535,15,7000,100,193.44,-70.964714
DQN,535,15,8000,100,196.96,-69.781746
DQN,535,15,9000,100,187.48,-66.41923
DQN,535,15,10000,100,207.92,-66.424545
DQN,535,15,11000,100,200.32,-64.258606
DQN,535,15,12000,100,212.04,-63.36671
DQN,535,15,13000,100,228.04,-63.677197
DQN,535,15,14000,100,276.44,-64.85081
DQN,535,15,15000,100,392.4,-66.36708
DQN,535,15,16000,100,303.28,-64.753456
DQN,535,15,17000,100,319.44,-63.828026
DQN,535,15,18000,100,786.96,-66.110016
DQN,535,15,19000,100,349.48,-61.041626
DQN,535,15,20000,100,210.28,-47.836483
DQN,535,15,21000,100,141.8,-36.949406
DQN,535,15,22000,100,209.4,-42.662437
DQN,535,15,23000,100,241.2,-48.017574
DQN,535,15,24000,100,285.28,-46.84368
DQN,535,15,25000,100,164.56,-34.933456
DQN,535,15,26000,100,305.04,-48.950027
DQN,535,15,27000,100,262.56,-44.233326
DQN,535,15,28000,100,284.92,-45.571156
DQN,535,15,29000,100,186.88,-31.331945
DQN,535,15,30000,100,242.44,-35.38116
DQN,535,15,31000,100,229.04,-35.293636
DQN,535,15,32000,100,245.48,-36.21779
DQN,535,15,33000,100,246.28,-35.689102
DQN,535,15,34000,100,260.12,-35.007755
DQN,535,15,35000,100,427.28,-28.424116
DQN,535,15,36000,100,234.24,-27.231419
DQN,535,15,37000,100,274.96,-27.922686
DQN,535,15,38000,100,208.36,-25.257557
DQN,535,15,39000,100,278.72,-29.027868
DQN,535,15,40000,100,390.0,-28.624445
DQN,535,15,41000,100,251.2,-26.310085
DQN,535,15,42000,100,732.68,-31.483799
DQN,535,15,43000,100,522.52,-29.217781
DQN,535,15,44000,100,334.76,-26.283628
DQN,535,15,45000,100,989.24,-26.681194
DQN,535,15,46000,100,652.92,-29.028694
DQN,535,15,47000,100,2032.92,-28.46975
DQN,535,15,48000,100,1382.92,-26.238525
DQN,535,15,49000,100,966.44,-24.644188
DQN,535,15,50000,100,470.44,-21.06787
DQN,535,15,51000,100,223.32,-9.915757
DQN,535,15,52000,100,129.08,3.9453592
DQN,535,15,53000,100,211.12,-5.0580015
DQN,535,15,54000,100,281.76,-16.174221
DQN,535,15,55000,100,412.2,-18.537668
DQN,535,15,56000,100,998.2,-18.008093
DQN,535,15,57000,100,184.4,-3.9997015
DQN,535,15,58000,100,217.28,-7.6867094
DQN,535,15,59000,100,168.32,0.7796356
DQN,535,15,60000,100,149.88,4.741032
DQN,535,15,61000,100,3000.0,-16.807579
DQN,535,15,62000,100,1599.28,-15.544045
DQN,535,15,63000,100,299.88,-9.408292
DQN,535,15,64000,100,3000.0,-15.663311
DQN,535,15,65000,100,476.72,-13.58486
DQN,535,15,66000,100,967.68,-13.651306
DQN,535,15,67000,100,341.88,-10.51416
DQN,535,15,68000,100,379.08,-11.608084
DQN,535,15,69000,100,363.56,-11.185474
DQN,535,15,70000,100,2904.44,-13.396682
DQN,535,15,71000,100,2371.92,-12.285442
DQN,535,15,72000,100,154.92,8.655918
DQN,535,15,73000,100,2804.68,-12.089729
DQN,535,15,74000,100,3000.0,-11.934793
DQN,535,15,75000,100,369.52,-8.66697
DQN,535,15,76000,100,161.92,8.84723
DQN,535,15,77000,100,171.6,7.432464
DQN,535,15,78000,100,349.6,-6.608265
DQN,535,15,79000,100,360.36,-6.803413
DQN,535,15,80000,100,691.48,-7.1110754
DQN,535,15,81000,100,235.52,2.0408049
DQN,535,15,82000,100,177.44,8.282276
DQN,535,15,83000,100,1482.16,-7.4952216
DQN,535,15,84000,100,855.8,-2.7383378
DQN,535,15,85000,100,158.44,12.996391
DQN,535,15,86000,100,3000.0,-7.2104344
DQN,535,15,87000,100,1397.52,-5.6038814
DQN,535,15,88000,100,3000.0,-6.6238246
DQN,535,15,89000,100,3000.0,-6.4920106
DQN,535,15,90000,100,615.68,-5.1074977
DQN,535,15,91000,100,3000.0,-5.8018923
DQN,535,15,92000,100,2647.4,-5.473797
DQN,535,15,93000,100,1497.68,-4.7818456
DQN,535,15,94000,100,2228.8,-2.032315
DQN,535,15,95000,100,173.04,12.709978
DQN,535,15,96000,100,782.68,-1.4332935
DQN,535,15,97000,100,1571.4,0.4667334
DQN,535,15,98000,100,704.0,-1.7091147
DQN,535,15,99000,100,318.84,0.68746126
DQN,535,15,100000,100,318.52,0.36933166
DQN,535,16,1000,100,9.44,-9.077558
DQN,535,16,2000,100,11.44,-8.183306
DQN,535,16,3000,100,229.32,-81.8301
DQN,535,16,4000,100,270.24,-84.9064
DQN,535,16,5000,100,203.76,-76.87356
DQN,535,16,6000,100,201.28,-72.88332
DQN,535,16,7000,100,176.6,-68.319565
DQN,535,16,8000,100,172.92,-66.53216
DQN,535,16,9000,100,169.12,-63.221622
DQN,535,16,10000,100,168.04,-61.65464
DQN,535,16,11000,100,168.84,-59.796192
DQN,535,16,12000,100,163.04,-56.609272
DQN,535,16,13000,100,165.92,-55.76941
DQN,535,16,14000,100,177.8,-55.62361
DQN,535,16,15000,100,137.4,-45.312504
DQN,535,16,16000,100,123.32,-41.58901
DQN,535,16,17000,100,141.72,-44.71311
DQN,535,16,18000,100,141.28,-43.046974
DQN,535,16,19000,100,180.4,-49.179367
DQN,535,16,20000,100,160.12,-43.675137
DQN,535,16,21000,100,142.56,-38.100723
DQN,535,16,22000,100,135.72,-34.438274
DQN,535,16,23000,100,138.12,-34.1864
DQN,535,16,24000,100,132.04,-31.07509
DQN,535,16,25000,100,192.04,-39.680824
DQN,535,16,26000,100,172.24,-35.04325
DQN,535,16,27000,100,222.96,-40.29771
DQN,535,16,28000,100,141.68,-27.328323
DQN,535,16,29000,100,128.88,-22.904142
DQN,535,16,30000,100,134.76,-22.725622
DQN,535,16,31000,100,142.92,-23.804333
DQN,535,16,32000,100,165.96,-25.65053
DQN,535,16,33000,100,137.64,-19.750454
DQN,535,16,34000,100,133.28,-17.046627
DQN,535,16,35000,100,145.36,-18.410795
DQN,535,16,36000,100,155.28,-19.51797
DQN,535,16,37000,100,134.76,-13.93773
DQN,535,16,38000,100,137.04,-12.696652
DQN,535,16,39000,100,164.28,-17.753296
DQN,535,16,40000,100,166.08,-17.735224
DQN,535,16,41000,100,169.68,-16.391148
DQN,535,16,42000,100,168.56,-14.665441
DQN,535,16,43000,100,191.76,-17.215296
DQN,535,16,44000,100,190.0,-16.193762
DQN,535,16,45000,100,186.2,-13.132036
DQN,535,16,46000,100,172.12,-11.812732
DQN,535,16,47000,100,223.68,-18.028532
DQN,535,16,48000,100,195.24,-12.81767
DQN,535,16,49000,100,167.28,-7.9631696
DQN,535,16,50000,100,182.56,-8.876714
DQN,535,16,51000,100,193.32,-9.563803
DQN,535,16,52000,100,223.24,-12.368909
DQN,535,16,53000,100,227.96,-12.405806
DQN,535,16,54000,100,244.52,-13.956521
DQN,535,16,55000,100,276.64,-15.06859
DQN,535,16,56000,100,235.2,-12.222914
DQN,535,16,57000,100,241.24,-12.199532
DQN,535,16,58000,100,251.68,-12.517146
DQN,535,16,59000,100,245.8,-11.388634
DQN,535,16,60000,100,231.88,-9.900023
DQN,535,16,61000,100,242.2,-10.422049
DQN,535,16,62000,100,282.2,-11.6892
DQN,535,16,63000,100,335.68,-13.2415285
DQN,535,16,64000,100,363.04,-13.368874
DQN,535,16,65000,100,384.6,-14.08773
DQN,535,16,66000,100,414.28,-11.983865
DQN,535,16,67000,100,336.96,-12.120173
DQN,535,16,68000,100,338.56,-10.979718
DQN,535,16,69000,100,296.12,-9.69688
DQN,535,16,70000,100,401.04,-12.977495
DQN,535,16,71000,100,442.2,-13.580672
DQN,535,16,72000,100,474.16,-13.7986145
DQN,535,16,73000,100,1950.24,-14.42398
DQN,535,16,74000,100,2174.56,-13.822313
DQN,535,16,75000,100,2060.68,-13.464682
DQN,535,16,76000,100,1556.48,-11.403721
DQN,535,16,77000,100,3000.0,-12.657818
DQN,535,16,78000,100,2060.88,-11.832749
DQN,535,16,79000,100,3000.0,-11.344924
DQN,535,16,80000,100,3000.0,-10.6953125
DQN,535,16,81000,100,3000.0,-10.36411
DQN,535,16,82000,100,3000.0,-9.635151
DQN,535,16,83000,100,3000.0,-9.440957
DQN,535,16,84000,100,3000.0,-8.858701
DQN,535,16,85000,100,3000.0,-8.819289
DQN,535,16,86000,100,3000.0,-7.8984594
DQN,535,16,87000,100,3000.0,-7.4387507
DQN,535,16,88000,100,3000.0,-6.588604
DQN,535,16,89000,100,3000.0,-5.991043
DQN,535,16,90000,100,3000.0,-5.5313964
DQN,535,16,91000,100,3000.0,-4.8129497
DQN,535,16,92000,100,3000.0,-4.1970634
DQN,535,16,93000,100,3000.0,-4.0244384
DQN,535,16,94000,100,3000.0,-3.440882
DQN,535,16,95000,100,3000.0,-3.028232
DQN,535,16,96000,100,3000.0,-2.6947885
DQN,535,16,97000,100,3000.0,-2.3860934
DQN,535,16,98000,100,3000.0,-1.7796423
DQN,535,16,99000,100,3000.0,-1.299165
DQN,535,16,100000,100,3000.0,-0.9650708
DQN,535,17,1000,100,9.28,-8.903303
DQN,535,17,2000,100,9.92,-6.9674993
DQN,535,17,3000,100,150.04,-69.25828
DQN,535,17,4000,100,261.0,-85.84594
DQN,535,17,5000,100,257.28,-82.8839
DQN,535,17,6000,100,223.52,-76.92404
DQN,535,17,7000,100,205.92,-72.17359
DQN,535,17,8000,100,187.84,-69.39541
DQN,535,17,9000,100,177.32,-65.8583
DQN,535,17,10000,100,171.4,-62.313766
DQN,535,17,11000,100,165.72,-59.98773
DQN,535,17,12000,100,168.2,-56.593456
DQN,535,17,13000,100,178.92,-58.237095
DQN,535,17,14000,100,203.8,-59.266514
DQN,535,17,15000,100,249.84,-63.351395
DQN,535,17,16000,100,3000.0,-71.3234
DQN,535,17,17000,100,2359.44,-69.367386
DQN,535,17,18000,100,193.08,-49.39423
DQN,535,17,19000,100,131.8,-39.10189
DQN,535,17,20000,100,151.16,-41.36675
DQN,535,17,21000,100,101.12,-25.769968
DQN,535,17,22000,100,85.64,-18.64663
DQN,535,17,23000,100,93.4,-20.786533
DQN,535,17,24000,100,113.12,-26.522045
DQN,535,17,25000,100,125.92,-28.688513
DQN,535,17,26000,100,132.32,-28.6473
DQN,535,17,27000,100,146.64,-29.89503
DQN,535,17,28000,100,139.56,-27.525896
DQN,535,17,29000,100,124.04,-22.345596
DQN,535,17,30000,100,122.16,-20.120401
DQN,535,17,31000,100,122.64,-19.24145
DQN,535,17,32000,100,111.68,-14.262112
DQN,535,17,33000,100,117.92,-14.204617
DQN,535,17,34000,100,110.76,-10.71498
DQN,535,17,35000,100,113.36,-10.17634
DQN,535,17,36000,100,114.08,-8.762359
DQN,535,17,37000,100,122.36,-9.691687
DQN,535,17,38000,100,120.76,-7.580121
DQN,535,17,39000,100,121.08,-6.9345303
DQN,535,17,40000,100,123.24,-5.4124293
DQN,535,17,41000,100,119.96,-3.4565248
DQN,535,17,42000,100,121.88,-2.7191439
DQN,535,17,43000,100,117.0,-0.36442596
DQN,535,17,44000,100,116.32,1.4902289
DQN,535,17,45000,100,113.8,4.2206936
DQN,535,17,46000,100,116.04,4.604715
DQN,535,17,47000,100,112.72,6.624935
DQN,535,17,48000,100,117.76,6.4323106
DQN,535,17,49000,100,117.64,8.306585
DQN,535,17,50000,100,119.4,9.58092
DQN,535,17,51000,100,116.64,11.868749
DQN,535,17,52000,100,119.28,12.495375
DQN,535,17,53000,100,123.32,13.010166
DQN,535,17,54000,100,118.08,15.624534
DQN,535,17,55000,100,122.48,15.473752
DQN,535,17,56000,100,118.68,17.429585
DQN,535,17,57000,100,118.64,19.421232
DQN,535,17,58000,100,124.6,19.111395
DQN,535,17,59000,100,117.92,22.386036
DQN,535,17,60000,100,130.92,20.092817
DQN,535,17,61000,100,119.4,23.958914
DQN,535,17,62000,100,124.84,23.294937
DQN,535,17,63000,100,121.92,24.975153
DQN,535,17,64000,100,133.72,22.373093
DQN,535,17,65000,100,119.52,27.533092
DQN,535,17,66000,100,134.36,23.97754
DQN,535,17,67000,100,130.2,25.571054
DQN,535,17,68000,100,133.52,25.322233
DQN,535,17,69000,100,145.56,22.46418
DQN,535,17,70000,100,143.92,23.668833
DQN,535,17,71000,100,151.52,22.573702
DQN,535,17,72000,100,153.2,22.590757
DQN,535,17,73000,100,165.32,20.240782
DQN,535,17,74000,100,176.72,18.913013
DQN,535,17,75000,100,165.08,20.97721
DQN,535,17,76000,100,167.64,20.896414
DQN,535,17,77000,100,358.48,5.067117
DQN,535,17,78000,100,338.76,5.443634
DQN,535,17,79000,100,170.28,20.58699
DQN,535,17,80000,100,345.64,5.284589
DQN,535,17,81000,100,335.96,5.300287
DQN,535,17,82000,100,317.04,6.889016
DQN,535,17,83000,100,335.64,4.8482366
DQN,535,17,84000,100,341.32,4.558955
DQN,535,17,85000,100,334.92,5.6182876
DQN,535,17,86000,100,245.48,12.12251
DQN,535,17,87000,100,175.64,18.40148
DQN,535,17,88000,100,175.36,17.886011
DQN,535,17,89000,100,170.2,18.489517
DQN,535,17,90000,100,166.56,18.913425
DQN,535,17,91000,100,153.28,21.748037
DQN,535,17,92000,100,153.24,21.785595
DQN,535,17,93000,100,177.44,17.581514
DQN,535,17,94000,100,189.48,16.552109
DQN,535,17,95000,100,554.52,2.7953842
DQN,535,17,96000,100,489.8,4.068826
DQN,535,17,97000,100,468.48,4.8058577
DQN,535,17,98000,100,279.36,10.58654
DQN,535,17,99000,100,496.68,5.387171
DQN,535,17,100000,100,446.52,6.1455708
DQN,535,18,1000,100,9.28,-8.845558
DQN,535,18,2000,100,9.56,-6.393725
DQN,535,18,3000,100,58.08,-39.23607
DQN,535,18,4000,100,279.44,-86.5589
DQN,535,18,5000,100,232.16,-80.465645
DQN,535,18,6000,100,207.6,-75.630104
DQN,535,18,7000,100,197.2,-71.925964
DQN,535,18,8000,100,170.88,-64.63186
DQN,535,18,9000,100,167.92,-63.90419
DQN,535,18,10000,100,169.88,-62.200565
DQN,535,18,11000,100,161.32,-57.324306
DQN,535,18,12000,100,156.4,-55.268482
DQN,535,18,13000,100,157.0,-53.797318
DQN,535,18,14000,100,196.24,-57.562157
DQN,535,18,15000,100,226.48,-59.59265
DQN,535,18,16000,100,236.72,-59.678326
DQN,535,18,17000,100,233.52,-58.165516
DQN,535,18,18000,100,254.96,-57.43751
DQN,535,18,19000,100,252.64,-56.16001
DQN,535,18,20000,100,189.04,-47.30994
DQN,535,18,21000,100,222.64,-50.30477
DQN,535,18,22000,100,169.28,-39.440212
DQN,535,18,23000,100,178.04,-41.11107
DQN,535,18,24000,100,185.76,-41.118664
DQN,535,18,25000,100,188.24,-39.934467
DQN,535,18,26000,100,246.76,-38.056957
DQN,535,18,27000,100,166.8,-33.771088
DQN,535,18,28000,100,145.68,-27.579353
DQN,535,18,29000,100,194.36,-35.032253
DQN,535,18,30000,100,266.32,-40.282475
DQN,535,18,31000,100,339.12,-43.394764
DQN,535,18,32000,100,324.8,-37.961044
DQN,535,18,33000,100,252.24,-35.49021
DQN,535,18,34000,100,310.08,-35.75265
DQN,535,18,35000,100,226.28,-28.281685
DQN,535,18,36000,100,262.56,-32.33214
DQN,535,18,37000,100,175.6,-19.938469
DQN,535,18,38000,100,195.12,-23.640528
DQN,535,18,39000,100,236.28,-26.45332
DQN,535,18,40000,100,254.28,-26.82257
DQN,535,18,41000,100,127.76,-5.5817604
DQN,535,18,42000,100,133.96,-6.7654457
DQN,535,18,43000,100,120.28,-0.5335754
DQN,535,18,44000,100,110.84,4.0495057
DQN,535,18,45000,100,118.24,2.677988
DQN,535,18,46000,100,113.4,4.746763
DQN,535,18,47000,100,108.12,7.525885
DQN,535,18,48000,100,112.64,6.8582654
DQN,535,18,49000,100,108.28,8.849714
DQN,535,18,50000,100,106.24,11.284486
DQN,535,18,51000,100,113.04,9.706017
DQN,535,18,52000,100,155.4,-0.5111935
DQN,535,18,53000,100,238.2,-7.8959765
DQN,535,18,54000,100,179.68,-2.0735233
DQN,535,18,55000,100,129.64,8.134845
DQN,535,18,56000,100,121.28,11.591474
DQN,535,18,57000,100,119.4,13.53271
DQN,535,18,58000,100,120.88,14.771614
DQN,535,18,59000,100,128.6,14.367075
DQN,535,18,60000,100,132.88,14.781809
DQN,535,18,61000,100,132.0,16.319843
DQN,535,18,62000,100,131.04,16.5056
DQN,535,18,63000,100,133.56,17.09838
DQN,535,18,64000,100,137.0,17.545052
DQN,535,18,65000,100,145.12,17.376144
DQN,535,18,66000,100,137.68,20.092405
DQN,535,18,67000,100,129.72,23.215239
DQN,535,18,68000,100,142.44,21.19016
DQN,535,18,69000,100,151.4,19.79998
DQN,535,18,70000,100,149.64,21.26742
DQN,535,18,71000,100,161.6,20.223236
DQN,535,18,72000,100,157.28,22.767176
DQN,535,18,73000,100,154.96,24.45504
DQN,535,18,74000,100,246.44,12.980752
DQN,535,18,75000,100,322.24,9.704554
DQN,535,18,76000,100,305.52,10.74386
DQN,535,18,77000,100,318.44,11.296064
DQN,535,18,78000,100,305.2,12.490038
DQN,535,18,79000,100,313.4,11.6129265
DQN,535,18,80000,100,338.08,11.298012
DQN,535,18,81000,100,364.12,11.175342
DQN,535,18,82000,100,363.16,12.03309
DQN,535,18,83000,100,364.08,12.537899
DQN,535,18,84000,100,3000.0,10.612716
DQN,535,18,85000,100,3000.0,10.218162
DQN,535,18,86000,100,3000.0,10.984693
DQN,535,18,87000,100,3000.0,11.537653
DQN,535,18,88000,100,3000.0,11.530243
DQN,535,18,89000,100,3000.0,12.129806
DQN,535,18,90000,100,3000.0,12.46269
DQN,535,18,91000,100,3000.0,13.22705
DQN,535,18,92000,100,3000.0,13.093529
DQN,535,18,93000,100,3000.0,13.25119
DQN,535,18,94000,100,3000.0,13.469746
DQN,535,18,95000,100,3000.0,12.985147
DQN,535,18,96000,100,3000.0,13.1774
DQN,535,18,97000,100,3000.0,13.356762
DQN,535,18,98000,100,3000.0,13.433364
DQN,535,18,99000,100,3000.0,13.090107
DQN,535,18,100000,100,3000.0,13.259014
DQN,535,19,1000,100,26.44,-23.165796
DQN,535,19,2000,100,10.8,-7.4112477
DQN,535,19,3000,100,28.84,-20.148685
DQN,535,19,4000,100,273.04,-85.0101
DQN,535,19,5000,100,251.88,-80.55337
DQN,535,19,6000,100,207.4,-75.23685
DQN,535,19,7000,100,195.72,-71.309784
DQN,535,19,8000,100,208.76,-72.138466
DQN,535,19,9000,100,212.92,-69.69188
DQN,535,19,10000,100,193.04,-65.45441
DQN,535,19,11000,100,190.44,-62.05084
DQN,535,19,12000,100,167.52,-56.62632
DQN,535,19,13000,100,174.8,-56.41363
DQN,535,19,14000,100,156.72,-51.113358
DQN,535,19,15000,100,173.48,-52.426342
DQN,535,19,16000,100,176.96,-52.04117
DQN,535,19,17000,100,171.72,-49.810352
DQN,535,19,18000,100,184.16,-49.57783
DQN,535,19,19000,100,206.64,-51.863857
DQN,535,19,20000,100,253.8,-54.41545
DQN,535,19,21000,100,206.92,-48.594604
DQN,535,19,22000,100,445.32,-56.46434
DQN,535,19,23000,100,390.76,-55.702255
DQN,535,19,24000,100,2919.28,-58.043198
DQN,535,19,25000,100,427.2,-52.126442
DQN,535,19,26000,100,443.28,-51.837105
DQN,535,19,27000,100,329.48,-45.365726
DQN,535,19,28000,100,394.6,-48.433624
DQN,535,19,29000,100,214.56,-35.611713
DQN,535,19,30000,100,233.08,-36.282154
DQN,535,19,31000,100,173.8,-28.796856
DQN,535,19,32000,100,257.4,-37.071033
DQN,535,19,33000,100,224.8,-34.00199
DQN,535,19,34000,100,218.52,-31.4992
DQN,535,19,35000,100,232.44,-31.729055
DQN,535,19,36000,100,184.68,-23.120777
DQN,535,19,37000,100,168.32,-18.768887
DQN,535,19,38000,100,201.32,-22.73347
DQN,535,19,39000,100,236.64,-25.32872
DQN,535,19,40000,100,127.44,-7.8281684
DQN,535,19,41000,100,115.36,-2.9854155
DQN,535,19,42000,100,126.12,-4.29815
DQN,535,19,43000,100,142.12,-5.9691124
DQN,535,19,44000,100,139.6,-4.887295
DQN,535,19,45000,100,177.68,-10.335597
DQN,535,19,46000,100,180.76,-10.501377
DQN,535,19,47000,100,156.56,-5.282728
DQN,535,19,48000,100,183.32,-8.720351
DQN,535,19,49000,100,201.48,-10.684989
DQN,535,19,50000,100,201.96,-9.267355
DQN,535,19,51000,100,156.48,-1.3016095
DQN,535,19,52000,100,134.44,4.8932967
DQN,535,19,53000,100,136.2,5.2339625
DQN,535,19,54000,100,148.6,3.6536028
DQN,535,19,55000,100,138.28,6.996798
DQN,535,19,56000,100,119.12,14.2099695
DQN,535,19,57000,100,122.92,14.293942
DQN,535,19,58000,100,120.36,16.23184
DQN,535,19,59000,100,132.88,13.867087
DQN,535,19,60000,100,131.6,15.774173
DQN,535,19,61000,100,134.04,16.742151
DQN,535,19,62000,100,138.24,16.527565
DQN,535,19,63000,100,138.92,17.038765
DQN,535,19,64000,100,144.88,16.839235
DQN,535,19,65000,100,148.88,16.903688
DQN,535,19,66000,100,162.6,14.801169
DQN,535,19,67000,100,163.64,15.601538
DQN,535,19,68000,100,158.6,17.371252
DQN,535,19,69000,100,165.44,16.068718
DQN,535,19,70000,100,170.4,15.894884
DQN,535,19,71000,100,164.96,17.669067
DQN,535,19,72000,100,179.48,15.618011
DQN,535,19,73000,100,184.48,15.20239
DQN,535,19,74000,100,184.56,15.723447
DQN,535,19,75000,100,180.68,16.508177
DQN,535,19,76000,100,183.72,16.06715
DQN,535,19,77000,100,177.08,17.785868
DQN,535,19,78000,100,174.52,18.349792
DQN,535,19,79000,100,168.48,19.60749
DQN,535,19,80000,100,196.32,15.36437
DQN,535,19,81000,100,217.48,12.630014
DQN,535,19,82000,100,165.04,25.01238
DQN,535,19,83000,100,83.32,60.948677
DQN,535,19,84000,100,268.72,14.313979
DQN,535,19,85000,100,130.08,31.000141
DQN,535,19,86000,100,121.16,33.23575
DQN,535,19,87000,100,105.32,40.261368
DQN,535,19,88000,100,104.24,43.452774
DQN,535,19,89000,100,107.6,45.42581
DQN,535,19,90000,100,106.36,48.62297
DQN,535,19,91000,100,108.4,49.220776
DQN,535,19,92000,100,111.96,48.435543
DQN,535,19,93000,100,112.36,49.405148
DQN,535,19,94000,100,118.32,48.483944
DQN,535,19,95000,100,121.92,48.40351
DQN,535,19,96000,100,119.56,50.392754
DQN,535,19,97000,100,115.8,52.603493
DQN,535,19,98000,100,119.08,53.293003
DQN,535,19,99000,100,120.68,53.78385
DQN,535,19,100000,100,121.32,54.481945
DQN,591,10,1000,100,9.44,-9.032413
DQN,591,10,2000,100,17.96,-13.314519
DQN,591,10,3000,100,193.76,-80.50229
DQN,591,10,4000,100,235.6,-83.57484
DQN,591,10,5000,100,194.96,-75.62447
DQN,591,10,6000,100,202.52,-74.89103
DQN,591,10,7000,100,193.24,-73.486244
DQN,591,10,8000,100,190.28,-70.2073
DQN,591,10,9000,100,164.96,-64.35062
DQN,591,10,10000,100,156.72,-61.945297
DQN,591,10,11000,100,174.28,-62.31245
DQN,591,10,12000,100,148.36,-55.378746
DQN,591,10,13000,100,155.48,-56.424732
DQN,591,10,14000,100,157.08,-55.404766
DQN,591,10,15000,100,140.64,-49.765194
DQN,591,10,16000,100,137.92,-47.57272
DQN,591,10,17000,100,112.52,-39.850197
DQN,591,10,18000,100,171.52,-50.897305
DQN,591,10,19000,100,120.28,-38.961037
DQN,591,10,20000,100,137.04,-42.25181
DQN,591,10,21000,100,138.12,-40.772274
DQN,591,10,22000,100,146.44,-40.801163
DQN,591,10,23000,100,140.0,-39.1846
DQN,591,10,24000,100,133.72,-36.15104
DQN,591,10,25000,100,142.96,-36.635838
DQN,591,10,26000,100,128.56,-32.314857
DQN,591,10,27000,100,131.36,-31.53269
DQN,591,10,28000,100,128.4,-29.339083
DQN,591,10,29000,100,129.08,-27.891977
DQN,591,10,30000,100,131.72,-27.579096
DQN,591,10,31000,100,116.88,-22.335716
DQN,591,10,32000,100,126.68,-23.135012
DQN,591,10,33000,100,121.72,-21.984997
DQN,591,10,34000,100,121.56,-20.085508
DQN,591,10,35000,100,113.56,-16.290792
DQN,591,10,36000,100,121.24,-18.136547
DQN,591,10,37000,100,122.24,-17.072996
DQN,591,10,38000,100,122.84,-15.903461
DQN,591,10,39000,100,127.92,-16.254145
DQN,591,10,40000,100,115.2,-11.386528
DQN,591,10,41000,100,121.12,-12.02448
DQN,591,10,42000,100,118.76,-9.10895
DQN,591,10,43000,100,133.08,-11.225237
DQN,591,10,44000,100,122.84,-8.291507
DQN,591,10,45000,100,110.48,-2.7285745
DQN,591,10,46000,100,125.88,-5.373838
DQN,591,10,47000,100,112.92,-1.3551596
DQN,591,10,48000,100,119.84,-2.0446072
DQN,591,10,49000,100,122.12,-0.7358145
DQN,591,10,50000,100,117.08,1.287276
DQN,591,10,51000,100,109.92,4.6238856
DQN,591,10,52000,100,121.48,2.6203344
DQN,591,10,53000,100,112.96,6.4666734
DQN,591,10,54000,100,112.36,7.955161
DQN,591,10,55000,100,110.2,10.687439
DQN,591,10,56000,100,108.24,12.035238
DQN,591,10,57000,100,112.48,12.190426
DQN,591,10,58000,100,109.16,14.731383
DQN,591,10,59000,100,110.0,15.177141
DQN,591,10,60000,100,110.92,15.792898
DQN,591,10,61000,100,113.52,16.445112
DQN,591,10,62000,100,111.28,17.553766
DQN,591,10,63000,100,111.64,18.896296
DQN,591,10,64000,100,109.56,20.982813
DQN,591,10,65000,100,112.76,20.582275
DQN,591,10,66000,100,118.76,19.470503
DQN,591,10,67000,100,120.52,20.031685
DQN,591,10,68000,100,130.4,18.229305
DQN,591,10,69000,100,127.52,19.61784
DQN,591,10,70000,100,131.6,19.838997
DQN,591,10,71000,100,134.6,20.07693
DQN,591,10,72000,100,137.96,20.14225
DQN,591,10,73000,100,146.0,18.241236
DQN,591,10,74000,100,191.68,15.086211
DQN,591,10,75000,100,177.84,14.037092
DQN,591,10,76000,100,208.32,9.886506
DQN,591,10,77000,100,226.24,10.713125
DQN,591,10,78000,100,186.08,15.15992
DQN,591,10,79000,100,274.6,4.8849993
DQN,591,10,80000,100,288.24,5.3343773
DQN,591,10,81000,100,428.72,-1.0789331
DQN,591,10,82000,100,408.76,-0.15858978
DQN,591,10,83000,100,3000.0,-3.0077055
DQN,591,10,84000,100,3000.0,-2.776042
DQN,591,10,85000,100,2404.04,-2.5561447
DQN,591,10,86000,100,1790.12,-1.5818491
DQN,591,10,87000,100,1602.68,-2.1799295
DQN,591,10,88000,100,2735.44,-1.870375
DQN,591,10,89000,100,1393.56,-1.938486
DQN,591,10,90000,100,3000.0,-1.5473633
DQN,591,10,91000,100,3000.0,-1.5090625
DQN,591,10,92000,100,3000.0,-1.0786816
DQN,591,10,93000,100,2827.32,-0.9287256
DQN,591,10,94000,100,3000.0,-0.27952942
DQN,591,10,95000,100,3000.0,0.257193
DQN,591,10,96000,100,3000.0,0.7531003
DQN,591,10,97000,100,3000.0,1.3460782
DQN,591,10,98000,100,3000.0,1.6331339
DQN,591,10,99000,100,3000.0,2.5670333
DQN,591,10,100000,100,3000.0,2.6160173
DQN,591,11,1000,100,9.28,-8.900425
DQN,591,11,2000,100,13.72,-9.782775
DQN,591,11,3000,100,315.36,-90.410515
DQN,591,11,4000,100,244.32,-84.86527
DQN,591,11,5000,100,216.92,-79.49313
DQN,591,11,6000,100,181.4,-72.58525
DQN,591,11,7000,100,172.92,-69.800385
DQN,591,11,8000,100,171.28,-66.824554
DQN,591,11,9000,100,167.64,-64.45343
DQN,591,11,10000,100,142.76,-58.50918
DQN,591,11,11000,100,156.64,-59.794697
DQN,591,11,12000,100,169.32,-60.02148
DQN,591,11,13000,100,142.4,-52.54022
DQN,591,11,14000,100,114.04,-42.634422
DQN,591,11,15000,100,170.0,-54.62973
DQN,591,11,16000,100,134.32,-46.105537
DQN,591,11,17000,100,126.4,-43.244946
DQN,591,11,18000,100,120.2,-40.26826
DQN,591,11,19000,100,105.16,-33.6438
DQN,591,11,20000,100,115.32,-36.315968
DQN,591,11,21000,100,129.0,-38.622295
DQN,591,11,22000,100,132.2,-37.904434
DQN,591,11,23000,100,120.08,-33.86462
DQN,591,11,24000,100,114.64,-30.67069
DQN,591,11,25000,100,110.84,-28.026236
DQN,591,11,26000,100,111.32,-27.364155
DQN,591,11,27000,100,117.52,-27.297304
DQN,591,11,28000,100,160.4,-36.495182
DQN,591,11,29000,100,144.96,-31.63138
DQN,591,11,30000,100,145.24,-31.022724
DQN,591,11,31000,100,160.52,-32.93437
DQN,591,11,32000,100,192.72,-36.80157
DQN,591,11,33000,100,171.2,-32.194466
DQN,591,11,34000,100,175.72,-32.09108
DQN,591,11,35000,100,173.0,-29.750784
DQN,591,11,36000,100,192.0,-31.103954
DQN,591,11,37000,100,143.92,-21.225342
DQN,591,11,38000,100,114.2,-11.899031
DQN,591,11,39000,100,116.36,-11.783727
DQN,591,11,40000,100,102.04,-5.613279
DQN,591,11,41000,100,148.64,-14.110431
DQN,591,11,42000,100,168.24,-18.720634
DQN,591,11,43000,100,151.44,-13.114859
DQN,591,11,44000,100,148.52,-12.914281
DQN,591,11,45000,100,145.8,-11.760898
DQN,591,11,46000,100,109.04,-1.2587317
DQN,591,11,47000,100,135.04,-4.969653
DQN,591,11,48000,100,110.28,1.4727881
DQN,591,11,49000,100,146.72,-6.5078187
DQN,591,11,50000,100,157.84,-7.86574
DQN,591,11,51000,100,128.4,1.4926474
DQN,591,11,52000,100,178.28,-9.789311
DQN,591,11,53000,100,146.44,-2.8690646
DQN,591,11,54000,100,157.2,-3.8556902
DQN,591,11,55000,100,135.16,1.3111486
DQN,591,11,56000,100,117.28,6.838026
DQN,591,11,57000,100,134.0,3.0357041
DQN,591,11,58000,100,116.44,8.287842
DQN,591,11,59000,100,115.2,9.006734
DQN,591,11,60000,100,146.16,1.32578
DQN,591,11,61000,100,164.44,-1.6158056
DQN,591,11,62000,100,166.72,-1.977428
DQN,591,11,63000,100,174.24,-1.0355471
DQN,591,11,64000,100,133.32,7.2240057
DQN,591,11,65000,100,157.36,2.464535
DQN,591,11,66000,100,185.92,-1.4601651
DQN,591,11,67000,100,151.04,5.289692
DQN,591,11,68000,100,212.28,-2.3393612
DQN,591,11,69000,100,200.76,1.3682959
DQN,591,11,70000,100,165.68,5.1435986
DQN,591,11,71000,100,166.2,5.6490493
DQN,591,11,72000,100,170.32,5.352438
DQN,591,11,73000,100,184.8,3.107315
DQN,591,11,74000,100,202.08,3.7444632
DQN,591,11,75000,100,196.12,3.2926934
DQN,591,11,76000,100,212.12,2.0921443
DQN,591,11,77000,100,199.44,5.6541286
DQN,591,11,78000,100,244.12,-0.5175586
DQN,591,11,79000,100,220.92,2.358551
DQN,591,11,80000,100,231.16,4.1946125
DQN,591,11,81000,100,129.96,19.997984
DQN,591,11,82000,100,186.2,9.918232
DQN,591,11,83000,100,154.36,14.869358
DQN,591,11,84000,100,269.92,2.387015
DQN,591,11,85000,100,389.88,-2.667343
DQN,591,11,86000,100,365.04,-1.621316
DQN,591,11,87000,100,375.08,-0.85650057
DQN,591,11,88000,100,363.84,-0.27410674
DQN,591,11,89000,100,465.96,-0.9728638
DQN,591,11,90000,100,3000.0,-1.6087848
DQN,591,11,91000,100,3000.0,-1.2195923
DQN,591,11,92000,100,3000.0,-0.88823915
DQN,591,11,93000,100,3000.0,-0.42803344
DQN,591,11,94000,100,1482.64,-0.22886993
DQN,591,11,95000,100,3000.0,0.24831024
DQN,591,11,96000,100,3000.0,0.6401764
DQN,591,11,97000,100,3000.0,0.981217
DQN,591,11,98000,100,3000.0,1.0902866
DQN,591,11,99000,100,3000.0,1.3984393
DQN,591,11,100000,100,3000.0,1.7312176
DQN,591,12,1000,100,9.28,-8.828122
DQN,591,12,2000,100,10.8,-7.250798
DQN,591,12,3000,100,3000.0,-94.91284
DQN,591,12,4000,100,334.32,-89.09956
DQN,591,12,5000,100,257.68,-83.76398
DQN,591,12,6000,100,220.72,-77.30811
DQN,591,12,7000,100,184.16,-71.297356
DQN,591,12,8000,100,192.08,-70.25219
DQN,591,12,9000,100,191.6,-69.0133
DQN,591,12,10000,100,192.72,-67.38156
DQN,591,12,11000,100,173.56,-60.709427
DQN,591,12,12000,100,184.68,-61.56743
DQN,591,12,13000,100,214.8,-63.85611
DQN,591,12,14000,100,201.12,-61.27572
DQN,591,12,15000,100,191.4,-57.950558
DQN,591,12,16000,100,235.08,-60.81203
DQN,591,12,17000,100,212.56,-57.946583
DQN,591,12,18000,100,267.4,-61.367508
DQN,591,12,19000,100,299.32,-62.583076
DQN,591,12,20000,100,442.2,-63.04478
DQN,591,12,21000,100,341.16,-53.942745
DQN,591,12,22000,100,278.2,-55.936543
DQN,591,12,23000,100,185.0,-46.623726
DQN,591,12,24000,100,190.16,-44.566723
DQN,591,12,25000,100,175.24,-40.971733
DQN,591,12,26000,100,149.64,-36.148624
DQN,591,12,27000,100,184.36,-37.26545
DQN,591,12,28000,100,135.76,-29.686522
DQN,591,12,29000,100,148.92,-30.914045
DQN,591,12,30000,100,146.76,-29.3873
DQN,591,12,31000,100,115.96,-21.024963
DQN,591,12,32000,100,146.64,-27.449804
DQN,591,12,33000,100,137.88,-24.568087
DQN,591,12,34000,100,138.2,-23.420372
DQN,591,12,35000,100,169.2,-27.908655
DQN,591,12,36000,100,124.24,-17.933407
DQN,591,12,37000,100,139.96,-20.909658
DQN,591,12,38000,100,135.12,-18.76639
DQN,591,12,39000,100,134.24,-16.508862
DQN,591,12,40000,100,149.96,-19.304241
DQN,591,12,41000,100,123.88,-12.700703
DQN,591,12,42000,100,136.24,-13.661826
DQN,591,12,43000,100,126.48,-11.349482
DQN,591,12,44000,100,137.12,-12.209275
DQN,591,12,45000,100,149.72,-14.263849
DQN,591,12,46000,100,156.96,-15.080928
DQN,591,12,47000,100,125.36,-7.532796
DQN,591,12,48000,100,153.8,-12.365654
DQN,591,12,49000,100,135.0,-6.952319
DQN,591,12,50000,100,158.32,-11.04099
DQN,591,12,51000,100,145.48,-5.5036125
DQN,591,12,52000,100,110.6,1.3667444
DQN,591,12,53000,100,112.56,2.2167459
DQN,591,12,54000,100,110.36,3.8165557
DQN,591,12,55000,100,115.32,3.1560352
DQN,591,12,56000,100,152.96,-4.2740617
DQN,591,12,57000,100,203.68,-11.773393
DQN,591,12,58000,100,232.2,-15.310525
DQN,591,12,59000,100,155.44,-2.6045077
DQN,591,12,60000,100,217.6,-11.727121
DQN,591,12,61000,100,150.56,0.6614096
DQN,591,12,62000,100,189.52,-6.947102
DQN,591,12,63000,100,250.16,-10.480932
DQN,591,12,64000,100,200.52,-6.3009033
DQN,591,12,65000,100,122.04,8.017082
DQN,591,12,66000,100,246.56,4.7103057
DQN,591,12,67000,100,127.28,7.973168
DQN,591,12,68000,100,145.04,4.265867
DQN,591,12,69000,100,120.56,11.082428
DQN,591,12,70000,100,157.76,2.7514646
DQN,591,12,71000,100,134.68,8.740417
DQN,591,12,72000,100,104.92,18.247612
DQN,591,12,73000,100,115.8,15.694053
DQN,591,12,74000,100,133.4,11.33081
DQN,591,12,75000,100,133.04,11.891224
DQN,591,12,76000,100,134.96,12.211513
DQN,591,12,77000,100,119.44,17.464449
DQN,591,12,78000,100,149.52,16.52772
DQN,591,12,79000,100,109.96,21.375662
DQN,591,12,80000,100,383.24,-5.243801
DQN,591,12,81000,100,120.04,22.233526
DQN,591,12,82000,100,427.32,-1.2500714
DQN,591,12,83000,100,290.92,2.7558813
DQN,591,12,84000,100,378.16,-6.711494
DQN,591,12,85000,100,742.12,-7.7673078
DQN,591,12,86000,100,670.12,-7.1115003
DQN,591,12,87000,100,661.64,-6.993312
DQN,591,12,88000,100,2258.52,-7.2502747
DQN,591,12,89000,100,461.2,-5.628822
DQN,591,12,90000,100,2394.6,-6.7792244
DQN,591,12,91000,100,3000.0,-6.2872314
DQN,591,12,92000,100,3000.0,-5.9469643
DQN,591,12,93000,100,3000.0,-5.6221056
DQN,591,12,94000,100,3000.0,-5.085214
DQN,591,12,95000,100,3000.0,-4.9931955
DQN,591,12,96000,100,3000.0,-4.6394596
DQN,591,12,97000,100,2963.52,-4.551314
DQN,591,12,98000,100,3000.0,-4.2583632
DQN,591,12,99000,100,3000.0,-4.1062346
DQN,591,12,100000,100,3000.0,-3.778765
DQN,591,13,1000,100,10.56,-10.078116
DQN,591,13,2000,100,27.68,-20.52206
DQN,591,13,3000,100,110.76,-61.05872
DQN,591,13,4000,100,161.44,-71.182785
DQN,591,13,5000,100,168.52,-72.57508
DQN,591,13,6000,100,187.0,-72.583176
DQN,591,13,7000,100,204.48,-73.938255
DQN,591,13,8000,100,215.96,-74.11457
DQN,591,13,9000,100,215.16,-71.74537
DQN,591,13,10000,100,231.04,-72.414085
DQN,591,13,11000,100,241.12,-71.04353
DQN,591,13,12000,100,244.52,-69.50059
DQN,591,13,13000,100,250.88,-69.28166
DQN,591,13,14000,100,233.08,-64.68879
DQN,591,13,15000,100,239.24,-63.39916
DQN,591,13,16000,100,259.36,-63.372696
DQN,591,13,17000,100,335.12,-66.96451
DQN,591,13,18000,100,347.32,-65.739136
DQN,591,13,19000,100,277.24,-61.204678
DQN,591,13,20000,100,482.2,-65.68242
DQN,591,13,21000,100,365.56,-62.43738
DQN,591,13,22000,100,296.32,-54.69207
DQN,591,13,23000,100,260.56,-51.43549
DQN,591,13,24000,100,117.12,-29.569109
DQN,591,13,25000,100,116.64,-27.6367
DQN,591,13,26000,100,118.16,-27.40742
DQN,591,13,27000,100,112.4,-23.732132
DQN,591,13,28000,100,135.88,-28.723738
DQN,591,13,29000,100,140.16,-27.035406
DQN,591,13,30000,100,123.56,-22.667631
DQN,591,13,31000,100,119.64,-20.625349
DQN,591,13,32000,100,123.32,-19.662453
DQN,591,13,33000,100,133.52,-21.51497
DQN,591,13,34000,100,163.76,-26.670069
DQN,591,13,35000,100,177.0,-27.092596
DQN,591,13,36000,100,126.16,-15.704784
DQN,591,13,37000,100,120.64,-13.273003
DQN,591,13,38000,100,123.48,-12.151877
DQN,591,13,39000,100,111.88,-7.815866
DQN,591,13,40000,100,125.08,-10.510005
DQN,591,13,41000,100,113.96,-4.8497934
DQN,591,13,42000,100,117.6,-4.4020457
DQN,591,13,43000,100,116.36,-3.1975625
DQN,591,13,44000,100,119.48,-1.9744916
DQN,591,13,45000,100,121.0,-0.343674
DQN,591,13,46000,100,118.88,1.6561954
DQN,591,13,47000,100,119.6,2.592969
DQN,591,13,48000,100,126.48,2.6997216
DQN,591,13,49000,100,118.08,6.27401
DQN,591,13,50000,100,120.32,7.394086
DQN,591,13,51000,100,121.08,8.414005
DQN,591,13,52000,100,121.72,9.397071
DQN,591,13,53000,100,125.32,9.46791
DQN,591,13,54000,100,125.52,11.036317
DQN,591,13,55000,100,115.72,15.866875
DQN,591,13,56000,100,120.76,14.566768
DQN,591,13,57000,100,118.52,16.472689
DQN,591,13,58000,100,117.32,18.347614
DQN,591,13,59000,100,122.64,17.389992
DQN,591,13,60000,100,134.48,15.240931
DQN,591,13,61000,100,134.44,17.234072
DQN,591,13,62000,100,135.72,17.52265
DQN,591,13,63000,100,1017.72,-2.3393924
DQN,591,13,64000,100,217.96,5.948776
DQN,591,13,65000,100,187.0,11.556868
DQN,591,13,66000,100,202.96,10.139455
DQN,591,13,67000,100,205.16,10.912861
DQN,591,13,68000,100,198.32,13.031521
DQN,591,13,69000,100,242.96,8.568232
DQN,591,13,70000,100,219.96,11.73461
DQN,591,13,71000,100,242.56,9.776847
DQN,591,13,72000,100,268.16,8.581257
DQN,591,13,73000,100,1693.48,4.6451063
DQN,591,13,74000,100,256.48,9.598793
DQN,591,13,75000,100,227.64,12.73741
DQN,591,13,76000,100,231.76,12.693369
DQN,591,13,77000,100,248.28,11.19646
DQN,591,13,78000,100,269.28,9.975504
DQN,591,13,79000,100,360.84,7.0687537
DQN,591,13,80000,100,329.44,8.437282
DQN,591,13,81000,100,355.96,8.678573
DQN,591,13,82000,100,2890.68,5.311742
DQN,591,13,83000,100,823.64,6.778416
DQN,591,13,84000,100,1031.6,7.7690973
DQN,591,13,85000,100,345.04,15.768376
DQN,591,13,86000,100,208.96,19.33737
DQN,591,13,87000,100,213.16,19.233547
DQN,591,13,88000,100,221.4,19.889566
DQN,591,13,89000,100,243.16,17.837408
DQN,591,13,90000,100,241.28,17.6067
DQN,591,13,91000,100,261.84,16.461079
DQN,591,13,92000,100,252.56,17.887257
DQN,591,13,93000,100,271.0,16.57225
DQN,591,13,94000,100,321.52,15.69125
DQN,591,13,95000,100,485.36,12.607671
DQN,591,13,96000,100,443.88,11.677456
DQN,591,13,97000,100,469.24,12.123213
DQN,591,13,98000,100,519.76,12.36153
DQN,591,13,99000,100,442.56,12.098736
DQN,591,13,100000,100,953.88,11.7606535
DQN,591,14,1000,100,9.44,-9.00862
DQN,591,14,2000,100,15.56,-11.46713
DQN,591,14,3000,100,188.04,-79.20235
DQN,591,14,4000,100,305.24,-88.153465
DQN,591,14,5000,100,228.84,-80.70291
DQN,591,14,6000,100,178.24,-71.83405
DQN,591,14,7000,100,177.24,-70.42866
DQN,591,14,8000,100,199.36,-71.87392
DQN,591,14,9000,100,224.68,-71.99084
DQN,591,14,10000,100,212.6,-70.549805
DQN,591,14,11000,100,214.72,-68.4658
DQN,591,14,12000,100,247.2,-68.57115
DQN,591,14,13000,100,236.84,-67.58262
DQN,591,14,14000,100,204.04,-60.20267
DQN,591,14,15000,100,166.0,-53.72032
DQN,591,14,16000,100,157.08,-50.9655
DQN,591,14,17000,100,250.52,-61.555206
DQN,591,14,18000,100,298.56,-63.854626
DQN,591,14,19000,100,297.96,-60.851303
DQN,591,14,20000,100,496.8,-65.233505
DQN,591,14,21000,100,3000.0,-64.978264
DQN,591,14,22000,100,3000.0,-62.873203
DQN,591,14,23000,100,448.96,-59.97557
DQN,591,14,24000,100,2886.76,-60.25021
DQN,591,14,25000,100,1134.08,-53.703312
DQN,591,14,26000,100,236.32,-43.649117
DQN,591,14,27000,100,219.0,-41.31904
DQN,591,14,28000,100,454.16,-52.18241
DQN,591,14,29000,100,366.04,-49.007065
DQN,591,14,30000,100,331.12,-47.222755
DQN,591,14,31000,100,206.12,-33.566322
DQN,591,14,32000,100,163.4,-28.10173
DQN,591,14,33000,100,230.76,-31.770872
DQN,591,14,34000,100,221.44,-32.840694
DQN,591,14,35000,100,289.4,-38.092453
DQN,591,14,36000,100,232.92,-33.401688
DQN,591,14,37000,100,238.72,-32.668446
DQN,591,14,38000,100,231.68,-28.803234
DQN,591,14,39000,100,215.56,-26.874182
DQN,591,14,40000,100,287.52,-32.4138
DQN,591,14,41000,100,246.8,-27.421421
DQN,591,14,42000,100,229.64,-24.729973
DQN,591,14,43000,100,158.0,-14.419875
DQN,591,14,44000,100,131.88,-7.3565845
DQN,591,14,45000,100,128.36,-4.794932
DQN,591,14,46000,100,136.08,-6.5172706
DQN,591,14,47000,100,137.12,-5.4865417
DQN,591,14,48000,100,144.92,-5.6804132
DQN,591,14,49000,100,143.88,-4.751078
DQN,591,14,50000,100,148.48,-4.470583
DQN,591,14,51000,100,141.36,-1.2347357
DQN,591,14,52000,100,134.44,1.1738064
DQN,591,14,53000,100,143.56,0.4534134
DQN,591,14,54000,100,133.48,4.568687
DQN,591,14,55000,100,152.48,1.2727585
DQN,591,14,56000,100,137.8,5.398998
DQN,591,14,57000,100,142.44,5.986382
DQN,591,14,58000,100,138.72,8.560644
DQN,591,14,59000,100,130.32,11.375479
DQN,591,14,60000,100,132.68,12.395283
DQN,591,14,61000,100,134.24,12.817928
DQN,591,14,62000,100,138.64,12.384156
DQN,591,14,63000,100,133.56,15.3855295
DQN,591,14,64000,100,139.68,14.678093
DQN,591,14,65000,100,136.68,16.433393
DQN,591,14,66000,100,139.56,16.85725
DQN,591,14,67000,100,137.16,18.528893
DQN,591,14,68000,100,143.32,18.161686
DQN,591,14,69000,100,133.0,21.687622
DQN,591,14,70000,100,130.48,23.824863
DQN,591,14,71000,100,139.4,22.411484
DQN,591,14,72000,100,135.2,24.766645
DQN,591,14,73000,100,149.92,22.46915
DQN,591,14,74000,100,156.68,21.125723
DQN,591,14,75000,100,157.6,21.439827
DQN,591,14,76000,100,224.44,15.439505
DQN,591,14,77000,100,291.88,13.856638
DQN,591,14,78000,100,297.36,15.696724
DQN,591,14,79000,100,608.56,4.411793
DQN,591,14,80000,100,481.72,9.070454
DQN,591,14,81000,100,537.08,6.756518
DQN,591,14,82000,100,284.48,18.759829
DQN,591,14,83000,100,531.92,5.850157
DQN,591,14,84000,100,697.04,5.91389
DQN,591,14,85000,100,960.64,6.0561123
DQN,591,14,86000,100,941.92,5.9690356
DQN,591,14,87000,100,2955.72,6.4523234
DQN,591,14,88000,100,527.04,8.274124
DQN,591,14,89000,100,2320.28,7.013645
DQN,591,14,90000,100,596.44,8.579024
DQN,591,14,91000,100,921.92,7.630922
DQN,591,14,92000,100,639.84,8.512622
DQN,591,14,93000,100,752.4,8.320849
DQN,591,14,94000,100,448.56,12.290913
DQN,591,14,95000,100,406.16,13.584787
DQN,591,14,96000,100,640.68,9.788499
DQN,591,14,97000,100,335.52,15.27599
DQN,591,14,98000,100,497.88,10.25501
DQN,591,14,99000,100,486.28,10.845598
DQN,591,14,100000,100,463.6,12.190835
DQN,591,15,1000,100,9.28,-8.852837
DQN,591,15,2000,100,11.8,-8.156375
DQN,591,15,3000,100,2761.52,-94.88394
DQN,591,15,4000,100,155.44,-72.24294
DQN,591,15,5000,100,141.52,-66.51078
DQN,591,15,6000,100,154.0,-66.96295
DQN,591,15,7000,100,152.48,-65.411995
DQN,591,15,8000,100,168.24,-66.89484
DQN,591,15,9000,100,175.32,-66.17097
DQN,591,15,10000,100,174.2,-64.474075
DQN,591,15,11000,100,192.92,-63.863083
DQN,591,15,12000,100,181.36,-61.15184
DQN,591,15,13000,100,170.48,-58.21754
DQN,591,15,14000,100,160.04,-54.64082
DQN,591,15,15000,100,214.08,-60.88932
DQN,591,15,16000,100,223.8,-59.54566
DQN,591,15,17000,100,228.44,-58.58118
DQN,591,15,18000,100,244.08,-57.54946
DQN,591,15,19000,100,156.24,-45.959137
DQN,591,15,20000,100,228.6,-55.99221
DQN,591,15,21000,100,3000.0,-64.602394
DQN,591,15,22000,100,3000.0,-63.120182
DQN,591,15,23000,100,1056.04,-61.707176
DQN,591,15,24000,100,399.84,-57.266342
DQN,591,15,25000,100,357.64,-55.262936
DQN,591,15,26000,100,321.16,-52.944477
DQN,591,15,27000,100,202.44,-40.920666
DQN,591,15,28000,100,257.16,-46.119823
DQN,591,15,29000,100,269.8,-43.603573
DQN,591,15,30000,100,200.28,-34.998314
DQN,591,15,31000,100,284.04,-43.322155
DQN,591,15,32000,100,161.56,-27.447561
DQN,591,15,33000,100,117.08,-17.284712
DQN,591,15,34000,100,236.88,-36.242634
DQN,591,15,35000,100,118.16,-14.054215
DQN,591,15,36000,100,115.72,-12.9178505
DQN,591,15,37000,100,191.12,-25.901655
DQN,591,15,38000,100,219.64,-29.587196
DQN,591,15,39000,100,187.44,-24.672876
DQN,591,15,40000,100,229.6,-27.472872
DQN,591,15,41000,100,219.36,-25.793493
DQN,591,15,42000,100,218.84,-23.838394
DQN,591,15,43000,100,225.4,-22.285952
DQN,591,15,44000,100,139.04,-9.596058
DQN,591,15,45000,100,135.88,-7.927153
DQN,591,15,46000,100,154.36,-9.777706
DQN,591,15,47000,100,146.52,-7.697336
DQN,591,15,48000,100,147.44,-6.678916
DQN,591,15,49000,100,156.52,-7.7992992
DQN,591,15,50000,100,151.16,-5.20541
DQN,591,15,51000,100,141.64,-1.9793918
DQN,591,15,52000,100,143.2,-1.882468
DQN,591,15,53000,100,127.24,3.4838989
DQN,591,15,54000,100,163.28,-3.5332599
DQN,591,15,55000,100,127.68,5.5355706
DQN,591,15,56000,100,133.76,4.4176936
DQN,591,15,57000,100,120.36,9.2204075
DQN,591,15,58000,100,122.92,9.825199
DQN,591,15,59000,100,120.84,11.146672
DQN,591,15,60000,100,128.6,9.491464
DQN,591,15,61000,100,131.72,9.916143
DQN,591,15,62000,100,131.84,10.08807
DQN,591,15,63000,100,125.68,13.588916
DQN,591,15,64000,100,137.8,11.988965
DQN,591,15,65000,100,150.72,9.077163
DQN,591,15,66000,100,137.52,13.121759
DQN,591,15,67000,100,135.96,14.498491
DQN,591,15,68000,100,154.84,11.8507395
DQN,591,15,69000,100,137.84,15.93145
DQN,591,15,70000,100,182.0,10.000932
DQN,591,15,71000,100,148.4,17.11903
DQN,591,15,72000,100,137.84,17.813362
DQN,591,15,73000,100,129.12,21.184433
DQN,591,15,74000,100,253.0,7.417251
DQN,591,15,75000,100,182.0,14.284216
DQN,591,15,76000,100,292.72,3.983233
DQN,591,15,77000,100,248.8,9.566093
DQN,591,15,78000,100,167.6,17.657639
DQN,591,15,79000,100,189.4,16.854555
DQN,591,15,80000,100,364.32,0.47769928
DQN,591,15,81000,100,341.56,1.1944666
DQN,591,15,82000,100,339.84,1.3970423
DQN,591,15,83000,100,341.08,1.3146619
DQN,591,15,84000,100,348.8,1.6362952
DQN,591,15,85000,100,387.56,0.77460784
DQN,591,15,86000,100,333.8,2.1652193
DQN,591,15,87000,100,367.24,1.2038324
DQN,591,15,88000,100,382.08,1.3072568
DQN,591,15,89000,100,1385.96,-0.151427
DQN,591,15,90000,100,3000.0,-0.5831143
DQN,591,15,91000,100,3000.0,-0.43225372
DQN,591,15,92000,100,3000.0,-0.16402283
DQN,591,15,93000,100,3000.0,-0.6627786
DQN,591,15,94000,100,3000.0,-0.50216705
DQN,591,15,95000,100,3000.0,-0.35062194
DQN,591,15,96000,100,3000.0,-0.83138275
DQN,591,15,97000,100,3000.0,0.20671906
DQN,591,15,98000,100,3000.0,-0.28564546
DQN,591,15,99000,100,3000.0,-0.8191263
DQN,591,15,100000,100,3000.0,-0.6651816
DQN,591,16,1000,100,9.44,-9.077558
DQN,591,16,2000,100,11.48,-7.9938154
DQN,591,16,3000,100,169.88,-76.26661
DQN,591,16,4000,100,286.64,-87.28143
DQN,591,16,5000,100,249.24,-82.466515
DQN,591,16,6000,100,176.0,-71.585205
DQN,591,16,7000,100,146.28,-64.67648
DQN,591,16,8000,100,180.2,-68.10032
DQN,591,16,9000,100,207.12,-70.95594
DQN,591,16,10000,100,224.84,-70.86118
DQN,591,16,11000,100,238.92,-70.042366
DQN,591,16,12000,100,207.72,-65.76164
DQN,591,16,13000,100,244.4,-68.32343
DQN,591,16,14000,100,250.72,-66.5345
DQN,591,16,15000,100,269.52,-65.96595
DQN,591,16,16000,100,213.16,-58.8563
DQN,591,16,17000,100,214.92,-58.513947
DQN,591,16,18000,100,230.68,-58.259457
DQN,591,16,19000,100,394.32,-64.62794
DQN,591,16,20000,100,311.56,-61.850983
DQN,591,16,21000,100,163.76,-45.425713
DQN,591,16,22000,100,133.96,-36.666866
DQN,591,16,23000,100,134.48,-35.964714
DQN,591,16,24000,100,191.6,-41.07002
DQN,591,16,25000,100,149.12,-32.72422
DQN,591,16,26000,100,212.76,-43.855335
DQN,591,16,27000,100,251.92,-46.57646
DQN,591,16,28000,100,266.76,-45.337975
DQN,591,16,29000,100,193.64,-37.081055
DQN,591,16,30000,100,155.12,-31.395693
DQN,591,16,31000,100,143.88,-27.338228
DQN,591,16,32000,100,147.28,-26.35531
DQN,591,16,33000,100,163.08,-28.092127
DQN,591,16,34000,100,161.0,-25.746452
DQN,591,16,35000,100,134.24,-19.208988
DQN,591,16,36000,100,138.08,-19.244116
DQN,591,16,37000,100,121.84,-13.355398
DQN,591,16,38000,100,113.48,-9.022793
DQN,591,16,39000,100,108.96,-6.1045165
DQN,591,16,40000,100,118.52,-7.6270747
DQN,591,16,41000,100,115.56,-5.466888
DQN,591,16,42000,100,124.64,-6.2899647
DQN,591,16,43000,100,119.44,-3.490808
DQN,591,16,44000,100,120.76,-2.623959
DQN,591,16,45000,100,116.92,0.6008783
DQN,591,16,46000,100,117.2,1.5177063
DQN,591,16,47000,100,125.92,0.7209558
DQN,591,16,48000,100,124.36,2.4748669
DQN,591,16,49000,100,127.92,2.3776047
DQN,591,16,50000,100,128.56,4.629149
DQN,591,16,51000,100,124.44,7.196156
DQN,591,16,52000,100,126.84,7.465277
DQN,591,16,53000,100,122.72,10.374329
DQN,591,16,54000,100,137.08,7.6727257
DQN,591,16,55000,100,129.4,11.875358
DQN,591,16,56000,100,125.76,13.524103
DQN,591,16,57000,100,135.32,12.84219
DQN,591,16,58000,100,128.12,16.692507
DQN,591,16,59000,100,136.68,15.058398
DQN,591,16,60000,100,143.04,15.340876
DQN,591,16,61000,100,142.04,17.280346
DQN,591,16,62000,100,129.08,21.219585
DQN,591,16,63000,100,126.48,23.816082
DQN,591,16,64000,100,128.24,24.918552
DQN,591,16,65000,100,132.8,24.413734
DQN,591,16,66000,100,121.6,29.646772
DQN,591,16,67000,100,126.84,29.541843
DQN,591,16,68000,100,148.64,27.34015
DQN,591,16,69000,100,246.12,14.745915
DQN,591,16,70000,100,284.8,11.553644
DQN,591,16,71000,100,250.16,16.817623
DQN,591,16,72000,100,266.76,14.576077
DQN,591,16,73000,100,283.68,13.421213
DQN,591,16,74000,100,286.76,13.741147
DQN,591,16,75000,100,287.84,14.142237
DQN,591,16,76000,100,292.44,13.850821
DQN,591,16,77000,100,298.88,13.707137
DQN,591,16,78000,100,297.24,14.50664
DQN,591,16,79000,100,298.76,14.879407
DQN,591,16,80000,100,300.36,15.555805
DQN,591,16,81000,100,306.72,15.979941
DQN,591,16,82000,100,309.72,16.67816
DQN,591,16,83000,100,318.84,16.283625
DQN,591,16,84000,100,325.16,15.928593
DQN,591,16,85000,100,329.24,15.978779
DQN,591,16,86000,100,341.4,15.801899
DQN,591,16,87000,100,351.92,15.99046
DQN,591,16,88000,100,346.88,16.064432
DQN,591,16,89000,100,543.88,14.804965
DQN,591,16,90000,100,741.96,13.223588
DQN,591,16,91000,100,476.92,14.856825
DQN,591,16,92000,100,1562.6,12.910508
DQN,591,16,93000,100,2780.48,13.149483
DQN,591,16,94000,100,3000.0,13.308306
DQN,591,16,95000,100,3000.0,13.572793
DQN,591,16,96000,100,3000.0,13.572719
DQN,591,16,97000,100,3000.0,13.513311
DQN,591,16,98000,100,3000.0,13.56587
DQN,591,16,99000,100,3000.0,13.97832
DQN,591,16,100000,100,3000.0,13.873174
DQN,591,17,1000,100,9.28,-8.903303
DQN,591,17,2000,100,10.68,-7.2251363
DQN,591,17,3000,100,124.16,-60.223843
DQN,591,17,4000,100,359.68,-90.393265
DQN,591,17,5000,100,281.24,-85.19758
DQN,591,17,6000,100,205.36,-74.99024
DQN,591,17,7000,100,202.32,-73.25453
DQN,591,17,8000,100,196.76,-71.80511
DQN,591,17,9000,100,196.6,-69.08112
DQN,591,17,10000,100,176.4,-65.46235
DQN,591,17,11000,100,173.24,-62.86543
DQN,591,17,12000,100,156.52,-57.262665
DQN,591,17,13000,100,119.28,-48.414215
DQN,591,17,14000,100,156.88,-55.51353
DQN,591,17,15000,100,185.36,-58.946064
DQN,591,17,16000,100,183.92,-57.3544
DQN,591,17,17000,100,384.64,-69.53676
DQN,591,17,18000,100,241.76,-59.23009
DQN,591,17,19000,100,243.68,-59.005062
DQN,591,17,20000,100,336.2,-63.9031
DQN,591,17,21000,100,171.2,-47.644577
DQN,591,17,22000,100,228.68,-54.2763
DQN,591,17,23000,100,172.2,-46.273636
DQN,591,17,24000,100,171.08,-44.51034
DQN,591,17,25000,100,163.68,-41.632347
DQN,591,17,26000,100,131.08,-33.40846
DQN,591,17,27000,100,153.96,-37.26886
DQN,591,17,28000,100,186.04,-41.50212
DQN,591,17,29000,100,202.64,-42.145336
DQN,591,17,30000,100,143.56,-30.86846
DQN,591,17,31000,100,153.72,-32.096237
DQN,591,17,32000,100,147.16,-28.904488
DQN,591,17,33000,100,131.08,-23.437021
DQN,591,17,34000,100,133.52,-23.979822
DQN,591,17,35000,100,118.2,-17.741962
DQN,591,17,36000,100,131.52,-21.209877
DQN,591,17,37000,100,140.36,-21.171093
DQN,591,17,38000,100,126.76,-16.5912
DQN,591,17,39000,100,134.48,-17.86539
DQN,591,17,40000,100,119.12,-12.295614
DQN,591,17,41000,100,131.32,-15.035696
DQN,591,17,42000,100,110.32,-6.912406
DQN,591,17,43000,100,102.76,-3.7363813
DQN,591,17,44000,100,113.96,-4.00359
DQN,591,17,45000,100,131.8,-5.8224964
DQN,591,17,46000,100,141.0,-6.434329
DQN,591,17,47000,100,113.24,0.028260041
DQN,591,17,48000,100,136.12,-6.573147
DQN,591,17,49000,100,128.44,-1.6857587
DQN,591,17,50000,100,148.84,-8.154673
DQN,591,17,51000,100,152.32,-8.126155
DQN,591,17,52000,100,167.96,-9.088554
DQN,591,17,53000,100,143.4,-5.074988
DQN,591,17,54000,100,149.0,-4.4239006
DQN,591,17,55000,100,117.96,4.0802565
DQN,591,17,56000,100,131.48,0.07603516
DQN,591,17,57000,100,136.0,0.23000365
DQN,591,17,58000,100,136.64,1.3330264
DQN,591,17,59000,100,130.12,3.3518653
DQN,591,17,60000,100,144.76,4.800713
DQN,591,17,61000,100,151.84,4.7548537
DQN,591,17,62000,100,133.08,7.5321827
DQN,591,17,63000,100,102.32,15.298115
DQN,591,17,64000,100,103.24,16.090626
DQN,591,17,65000,100,102.48,17.243198
DQN,591,17,66000,100,103.72,17.311968
DQN,591,17,67000,100,105.84,17.408228
DQN,591,17,68000,100,104.6,18.130243
DQN,591,17,69000,100,104.68,18.741056
DQN,591,17,70000,100,104.92,19.594002
DQN,591,17,71000,100,103.08,20.940508
DQN,591,17,72000,100,104.68,20.957285
DQN,591,17,73000,100,105.08,21.511995
DQN,591,17,74000,100,104.0,23.097607
DQN,591,17,75000,100,104.52,23.122229
DQN,591,17,76000,100,106.84,22.760323
DQN,591,17,77000,100,108.92,22.678991
DQN,591,17,78000,100,110.04,22.86546
DQN,591,17,79000,100,111.28,23.172728
DQN,591,17,80000,100,111.32,23.433496
DQN,591,17,81000,100,111.76,23.89826
DQN,591,17,82000,100,111.4,24.827566
DQN,591,17,83000,100,112.32,25.174843
DQN,591,17,84000,100,114.0,24.979107
DQN,591,17,85000,100,117.36,24.543877
DQN,591,17,86000,100,119.56,24.154058
DQN,591,17,87000,100,117.04,25.110054
DQN,591,17,88000,100,119.24,24.520586
DQN,591,17,89000,100,120.28,24.574858
DQN,591,17,90000,100,117.76,25.855711
DQN,591,17,91000,100,123.4,24.567951
DQN,591,17,92000,100,132.08,22.316565
DQN,591,17,93000,100,138.96,20.844011
DQN,591,17,94000,100,386.56,15.498943
DQN,591,17,95000,100,146.04,18.978785
DQN,591,17,96000,100,388.04,15.340758
DQN,591,17,97000,100,183.84,14.119716
DQN,591,17,98000,100,267.0,12.167079
DQN,591,17,99000,100,1742.68,6.0408797
DQN,591,17,100000,100,1650.84,4.6610312
DQN,591,18,1000,100,9.28,-8.845558
DQN,591,18,2000,100,9.76,-6.3273244
DQN,591,18,3000,100,214.84,-82.26292
DQN,591,18,4000,100,255.52,-85.04041
DQN,591,18,5000,100,197.28,-77.46016
DQN,591,18,6000,100,164.28,-69.69342
DQN,591,18,7000,100,174.72,-70.34651
DQN,591,18,8000,100,162.32,-66.32735
DQN,591,18,9000,100,167.2,-64.946236
DQN,591,18,10000,100,171.84,-64.336914
DQN,591,18,11000,100,191.44,-65.441345
DQN,591,18,12000,100,190.8,-63.786148
DQN,591,18,13000,100,211.04,-64.708466
DQN,591,18,14000,100,289.76,-68.284065
DQN,591,18,15000,100,230.36,-63.975418
DQN,591,18,16000,100,363.28,-68.51869
DQN,591,18,17000,100,260.96,-63.471836
DQN,591,18,18000,100,277.6,-62.141205
DQN,591,18,19000,100,247.96,-59.317726
DQN,591,18,20000,100,231.24,-56.333073
DQN,591,18,21000,100,228.04,-54.78556
DQN,591,18,22000,100,256.72,-53.944645
DQN,591,18,23000,100,271.76,-54.900307
DQN,591,18,24000,100,278.32,-53.730362
DQN,591,18,25000,100,262.4,-51.71168
DQN,591,18,26000,100,139.96,-33.93733
DQN,591,18,27000,100,254.68,-48.44967
DQN,591,18,28000,100,191.2,-39.877304
DQN,591,18,29000,100,135.16,-27.8161
DQN,591,18,30000,100,129.08,-25.701155
DQN,591,18,31000,100,231.88,-40.970547
DQN,591,18,32000,100,156.28,-27.014809
DQN,591,18,33000,100,116.64,-18.841341
DQN,591,18,34000,100,116.64,-17.094852
DQN,591,18,35000,100,107.2,-12.289341
DQN,591,18,36000,100,110.56,-12.422896
DQN,591,18,37000,100,113.32,-11.954554
DQN,591,18,38000,100,120.36,-11.776163
DQN,591,18,39000,100,110.52,-9.184895
DQN,591,18,40000,100,113.24,-8.366698
DQN,591,18,41000,100,132.72,-11.594638
DQN,591,18,42000,100,248.24,-26.69594
DQN,591,18,43000,100,143.52,-10.818138
DQN,591,18,44000,100,138.08,-9.022577
DQN,591,18,45000,100,117.04,-3.7829084
DQN,591,18,46000,100,120.32,-4.189785
DQN,591,18,47000,100,129.72,-5.4014573
DQN,591,18,48000,100,145.76,-6.3276854
DQN,591,18,49000,100,140.88,-6.199918
DQN,591,18,50000,100,131.16,-1.7354099
DQN,591,18,51000,100,132.48,-0.64647275
DQN,591,18,52000,100,135.36,-0.48015258
DQN,591,18,53000,100,137.84,0.68877596
DQN,591,18,54000,100,133.64,3.030175
DQN,591,18,55000,100,131.44,4.9316444
DQN,591,18,56000,100,136.76,4.475227
DQN,591,18,57000,100,127.8,8.078946
DQN,591,18,58000,100,118.08,12.144739
DQN,591,18,59000,100,127.36,10.003302
DQN,591,18,60000,100,125.36,11.661316
DQN,591,18,61000,100,132.76,11.160072
DQN,591,18,62000,100,129.96,12.656899
DQN,591,18,63000,100,132.6,13.382488
DQN,591,18,64000,100,152.92,11.0505295
DQN,591,18,65000,100,209.6,5.9375596
DQN,591,18,66000,100,146.12,12.949577
DQN,591,18,67000,100,319.08,-4.8292437
DQN,591,18,68000,100,311.4,-3.5591455
DQN,591,18,69000,100,325.32,-3.5381303
DQN,591,18,70000,100,304.76,-1.6070304
DQN,591,18,71000,100,329.44,-0.9148508
DQN,591,18,72000,100,334.8,-1.6049476
DQN,591,18,73000,100,328.6,-0.06658081
DQN,591,18,74000,100,307.32,1.5509622
DQN,591,18,75000,100,311.68,1.658891
DQN,591,18,76000,100,306.56,2.3285565
DQN,591,18,77000,100,273.2,4.413106
DQN,591,18,78000,100,286.96,4.0350204
DQN,591,18,79000,100,292.96,3.8392844
DQN,591,18,80000,100,286.24,4.5458984
DQN,591,18,81000,100,334.4,3.484439
DQN,591,18,82000,100,300.84,4.7313833
DQN,591,18,83000,100,307.2,4.8593297
DQN,591,18,84000,100,416.4,1.9709553
DQN,591,18,85000,100,580.8,0.82048154
DQN,591,18,86000,100,3000.0,0.16448486
DQN,591,18,87000,100,3000.0,0.23015106
DQN,591,18,88000,100,3000.0,0.44254363
DQN,591,18,89000,100,3000.0,0.34653413
DQN,591,18,90000,100,3000.0,0.2160489
DQN,591,18,91000,100,3000.0,0.37890807
DQN,591,18,92000,100,3000.0,0.4358075
DQN,591,18,93000,100,3000.0,0.39659545
DQN,591,18,94000,100,3000.0,0.4821814
DQN,591,18,95000,100,3000.0,0.37814727
DQN,591,18,96000,100,3000.0,0.4681796
DQN,591,18,97000,100,3000.0,0.6082065
DQN,591,18,98000,100,3000.0,0.68404937
DQN,591,18,99000,100,1667.36,0.85096097
DQN,591,18,100000,100,2535.08,1.1495684
DQN,591,19,1000,100,26.44,-23.165796
DQN,591,19,2000,100,12.56,-8.833305
DQN,591,19,3000,100,26.72,-17.483377
DQN,591,19,4000,100,268.8,-86.79383
DQN,591,19,5000,100,225.12,-79.3599
DQN,591,19,6000,100,206.92,-75.994804
DQN,591,19,7000,100,205.2,-74.602844
DQN,591,19,8000,100,205.76,-72.60555
DQN,591,19,9000,100,175.72,-65.62273
DQN,591,19,10000,100,180.24,-64.74713
DQN,591,19,11000,100,172.76,-62.043457
DQN,591,19,12000,100,179.16,-60.293945
DQN,591,19,13000,100,162.16,-56.307514
DQN,591,19,14000,100,156.96,-53.391525
DQN,591,19,15000,100,169.28,-53.560387
DQN,591,19,16000,100,186.08,-55.165283
DQN,591,19,17000,100,184.88,-53.700806
DQN,591,19,18000,100,183.52,-52.564137
DQN,591,19,19000,100,195.72,-51.31878
DQN,591,19,20000,100,211.32,-54.060936
DQN,591,19,21000,100,189.44,-49.488697
DQN,591,19,22000,100,216.24,-51.356216
DQN,591,19,23000,100,228.68,-51.42808
DQN,591,19,24000,100,309.96,-54.059647
DQN,591,19,25000,100,270.44,-51.55585
DQN,591,19,26000,100,198.08,-43.8343
DQN,591,19,27000,100,167.92,-37.76817
DQN,591,19,28000,100,156.84,-33.8905
DQN,591,19,29000,100,239.12,-43.48649
DQN,591,19,30000,100,168.4,-33.891457
DQN,591,19,31000,100,187.48,-34.914524
DQN,591,19,32000,100,165.84,-30.378511
DQN,591,19,33000,100,234.56,-36.744053
DQN,591,19,34000,100,292.12,-40.78717
DQN,591,19,35000,100,258.48,-36.7454
DQN,591,19,36000,100,239.64,-35.063717
DQN,591,19,37000,100,231.16,-31.217707
DQN,591,19,38000,100,209.68,-28.299593
DQN,591,19,39000,100,152.96,-20.468727
DQN,591,19,40000,100,140.24,-16.629086
DQN,591,19,41000,100,130.24,-11.791725
DQN,591,19,42000,100,116.16,-6.18813
DQN,591,19,43000,100,123.56,-8.108584
DQN,591,19,44000,100,131.44,-8.51664
DQN,591,19,45000,100,128.72,-6.0014153
DQN,591,19,46000,100,131.16,-6.3031435
DQN,591,19,47000,100,120.68,-1.8167707
DQN,591,19,48000,100,123.68,-1.8111578
DQN,591,19,49000,100,136.72,-4.521121
DQN,591,19,50000,100,131.96,-1.8909783
DQN,591,19,51000,100,136.56,-1.7222675
DQN,591,19,52000,100,178.8,-8.249514
DQN,591,19,53000,100,168.68,-5.7002015
DQN,591,19,54000,100,183.4,-6.352849
DQN,591,19,55000,100,139.92,2.520207
DQN,591,19,56000,100,238.16,-10.79525
DQN,591,19,57000,100,151.64,0.94142944
DQN,591,19,58000,100,182.84,-2.9249778
DQN,591,19,59000,100,177.96,-2.0559876
DQN,591,19,60000,100,273.44,-11.403533
DQN,591,19,61000,100,197.52,-1.1563257
DQN,591,19,62000,100,164.76,3.2599201
DQN,591,19,63000,100,289.96,-7.1543217
DQN,591,19,64000,100,277.36,-7.5267425
DQN,591,19,65000,100,272.88,-7.164475
DQN,591,19,66000,100,254.04,-5.1280885
DQN,591,19,67000,100,236.04,-2.1847534
DQN,591,19,68000,100,268.64,-5.0665717
DQN,591,19,69000,100,236.32,-0.83396333
DQN,591,19,70000,100,216.96,2.4268692
DQN,591,19,71000,100,225.04,1.4624487
DQN,591,19,72000,100,241.72,-0.4311258
DQN,591,19,73000,100,230.8,1.0051715
DQN,591,19,74000,100,227.24,1.8328979
DQN,591,19,75000,100,275.84,-1.2137234
DQN,591,19,76000,100,272.88,-0.31519988
DQN,591,19,77000,100,303.16,-2.2149484
DQN,591,19,78000,100,358.88,-4.1820855
DQN,591,19,79000,100,390.16,-4.1622853
DQN,591,19,80000,100,338.92,-2.6095328
DQN,591,19,81000,100,376.32,-2.8345258
DQN,591,19,82000,100,398.92,-2.9633737
DQN,591,19,83000,100,518.08,-3.5363207
DQN,591,19,84000,100,469.0,-2.844216
DQN,591,19,85000,100,548.2,-3.232476
DQN,591,19,86000,100,466.04,-2.4104917
DQN,591,19,87000,100,438.52,-1.8168842
DQN,591,19,88000,100,495.72,-2.0129592
DQN,591,19,89000,100,525.6,-1.9813263
DQN,591,19,90000,100,561.32,-1.3172278
DQN,591,19,91000,100,1441.64,-1.9195123
DQN,591,19,92000,100,1433.44,-1.5945969
DQN,591,19,93000,100,618.4,-1.0002222
DQN,591,19,94000,100,2123.92,-0.51439756
DQN,591,19,95000,100,1389.72,-0.20465088
DQN,591,19,96000,100,756.92,0.32008332
DQN,591,19,97000,100,973.8,0.29308534
DQN,591,19,98000,100,1055.28,0.14117676
DQN,591,19,99000,100,1518.24,0.6286938
DQN,591,19,100000,100,3000.0,0.5524472
DQN,647,10,1000,100,9.44,-9.032413
DQN,647,10,2000,100,9.72,-6.194818
DQN,647,10,3000,100,159.48,-75.59838
DQN,647,10,4000,100,170.24,-75.494446
DQN,647,10,5000,100,234.2,-82.09902
DQN,647,10,6000,100,201.96,-76.25745
DQN,647,10,7000,100,172.36,-70.786545
DQN,647,10,8000,100,169.96,-68.19761
DQN,647,10,9000,100,177.8,-68.22119
DQN,647,10,10000,100,170.72,-65.96181
DQN,647,10,11000,100,168.24,-64.491356
DQN,647,10,12000,100,189.8,-65.60104
DQN,647,10,13000,100,169.64,-61.003345
DQN,647,10,14000,100,169.72,-59.9688
DQN,647,10,15000,100,188.24,-60.999252
DQN,647,10,16000,100,144.52,-52.62219
DQN,647,10,17000,100,141.72,-49.88286
DQN,647,10,18000,100,140.68,-48.749813
DQN,647,10,19000,100,226.28,-60.012817
DQN,647,10,20000,100,134.72,-44.868324
DQN,647,10,21000,100,164.36,-49.705517
DQN,647,10,22000,100,148.96,-45.473736
DQN,647,10,23000,100,125.0,-38.23111
DQN,647,10,24000,100,149.0,-42.53583
DQN,647,10,25000,100,159.36,-43.178497
DQN,647,10,26000,100,170.88,-42.294193
DQN,647,10,27000,100,134.24,-35.646366
DQN,647,10,28000,100,121.84,-30.610518
DQN,647,10,29000,100,128.52,-31.826128
DQN,647,10,30000,100,128.56,-30.24256
DQN,647,10,31000,100,122.28,-27.537813
DQN,647,10,32000,100,126.12,-27.116377
DQN,647,10,33000,100,131.6,-27.462769
DQN,647,10,34000,100,129.4,-25.58985
DQN,647,10,35000,100,133.68,-25.02205
DQN,647,10,36000,100,127.64,-22.7231
DQN,647,10,37000,100,135.04,-23.139833
DQN,647,10,38000,100,138.24,-23.155739
DQN,647,10,39000,100,149.36,-24.201513
DQN,647,10,40000,100,141.88,-21.761198
DQN,647,10,41000,100,144.4,-21.055859
DQN,647,10,42000,100,135.04,-17.900417
DQN,647,10,43000,100,137.88,-17.324375
DQN,647,10,44000,100,140.8,-16.75753
DQN,647,10,45000,100,136.84,-15.101754
DQN,647,10,46000,100,150.72,-16.925932
DQN,647,10,47000,100,143.68,-14.456482
DQN,647,10,48000,100,146.32,-13.281673
DQN,647,10,49000,100,139.16,-10.827157
DQN,647,10,50000,100,144.36,-10.974968
DQN,647,10,51000,100,137.96,-8.887322
DQN,647,10,52000,100,140.4,-7.8734264
DQN,647,10,53000,100,169.36,-13.059024
DQN,647,10,54000,100,147.88,-7.9903517
DQN,647,10,55000,100,167.44,-9.962389
DQN,647,10,56000,100,176.84,-12.0725565
DQN,647,10,57000,100,199.76,-13.651554
DQN,647,10,58000,100,189.48,-11.702743
DQN,647,10,59000,100,158.48,-5.9183974
DQN,647,10,60000,100,153.16,-0.25373474
DQN,647,10,61000,100,332.96,-16.214048
DQN,647,10,62000,100,326.08,-11.869767
DQN,647,10,63000,100,252.28,-12.697335
DQN,647,10,64000,100,332.68,-14.120633
DQN,647,10,65000,100,298.72,-13.500256
DQN,647,10,66000,100,389.48,-18.007296
DQN,647,10,67000,100,279.4,-10.320073
DQN,647,10,68000,100,1365.76,-13.559409
DQN,647,10,69000,100,1681.88,-15.085894
DQN,647,10,70000,100,315.56,-11.1882715
DQN,647,10,71000,100,312.04,-10.415571
DQN,647,10,72000,100,357.84,-11.535198
DQN,647,10,73000,100,1365.36,-11.928103
DQN,647,10,74000,100,358.28,-10.579209
DQN,647,10,75000,100,316.56,-8.694464
DQN,647,10,76000,100,596.44,-8.328531
DQN,647,10,77000,100,707.92,-8.259314
DQN,647,10,78000,100,615.8,-8.106322
DQN,647,10,79000,100,1051.92,-8.5337105
DQN,647,10,80000,100,2370.04,-11.182256
DQN,647,10,81000,100,2494.8,-10.288997
DQN,647,10,82000,100,3000.0,-9.631643
DQN,647,10,83000,100,2389.44,-8.378434
DQN,647,10,84000,100,1861.64,-7.3654966
DQN,647,10,85000,100,3000.0,-6.9746375
DQN,647,10,86000,100,3000.0,-6.2838726
DQN,647,10,87000,100,3000.0,-5.637891
DQN,647,10,88000,100,490.56,-3.7357984
DQN,647,10,89000,100,486.6,-1.4846127
DQN,647,10,90000,100,3000.0,-3.6718032
DQN,647,10,91000,100,2413.84,-3.5584912
DQN,647,10,92000,100,3000.0,-3.0677598
DQN,647,10,93000,100,3000.0,-2.8110914
DQN,647,10,94000,100,3000.0,-2.4487104
DQN,647,10,95000,100,3000.0,-2.3897746
DQN,647,10,96000,100,3000.0,-2.063987
DQN,647,10,97000,100,1799.0,1.7787986
DQN,647,10,98000,100,3000.0,-1.8096108
DQN,647,10,99000,100,3000.0,-1.7418618
DQN,647,10,100000,100,3000.0,-1.5735714
DQN,647,11,1000,100,9.28,-8.900425
DQN,647,11,2000,100,32.2,-24.02042
DQN,647,11,3000,100,257.6,-86.24887
DQN,647,11,4000,100,227.88,-82.85443
DQN,647,11,5000,100,165.44,-71.4981
DQN,647,11,6000,100,167.08,-70.4343
DQN,647,11,7000,100,155.52,-67.18432
DQN,647,11,8000,100,154.08,-65.243225
DQN,647,11,9000,100,166.8,-66.68403
DQN,647,11,10000,100,158.2,-62.962563
DQN,647,11,11000,100,168.24,-62.921505
DQN,647,11,12000,100,161.68,-58.788486
DQN,647,11,13000,100,200.32,-64.17106
DQN,647,11,14000,100,184.12,-60.68358
DQN,647,11,15000,100,209.92,-62.946014
DQN,647,11,16000,100,199.12,-59.17808
DQN,647,11,17000,100,237.16,-62.989933
DQN,647,11,18000,100,163.96,-53.245705
DQN,647,11,19000,100,137.72,-46.129784
DQN,647,11,20000,100,111.12,-37.644592
DQN,647,11,21000,100,118.12,-37.931023
DQN,647,11,22000,100,252.28,-56.126644
DQN,647,11,23000,100,222.48,-51.91987
DQN,647,11,24000,100,209.68,-46.102222
DQN,647,11,25000,100,282.8,-55.437027
DQN,647,11,26000,100,127.84,-32.894016
DQN,647,11,27000,100,183.72,-42.33393
DQN,647,11,28000,100,197.8,-43.38565
DQN,647,11,29000,100,189.04,-40.391346
DQN,647,11,30000,100,167.8,-36.414154
DQN,647,11,31000,100,159.24,-32.33569
DQN,647,11,32000,100,185.24,-34.231266
DQN,647,11,33000,100,157.04,-30.128252
DQN,647,11,34000,100,132.76,-25.905464
DQN,647,11,35000,100,186.52,-31.243172
DQN,647,11,36000,100,235.36,-37.25612
DQN,647,11,37000,100,160.72,-27.102243
DQN,647,11,38000,100,125.72,-18.795475
DQN,647,11,39000,100,136.76,-19.778658
DQN,647,11,40000,100,117.6,-15.544836
DQN,647,11,41000,100,137.76,-17.503866
DQN,647,11,42000,100,124.24,-14.614845
DQN,647,11,43000,100,129.04,-13.668518
DQN,647,11,44000,100,116.0,-10.390266
DQN,647,11,45000,100,136.88,-13.046338
DQN,647,11,46000,100,118.04,-8.558112
DQN,647,11,47000,100,118.4,-7.8767138
DQN,647,11,48000,100,142.24,-12.514983
DQN,647,11,49000,100,129.2,-9.478572
DQN,647,11,50000,100,139.72,-7.7680855
DQN,647,11,51000,100,124.72,-6.4560633
DQN,647,11,52000,100,129.48,-6.5421057
DQN,647,11,53000,100,117.64,-2.7170124
DQN,647,11,54000,100,137.76,-7.23415
DQN,647,11,55000,100,110.6,1.537948
DQN,647,11,56000,100,126.64,-1.6354806
DQN,647,11,57000,100,125.2,-0.27978942
DQN,647,11,58000,100,136.96,-3.3211615
DQN,647,11,59000,100,134.24,-1.4191732
DQN,647,11,60000,100,113.36,5.862638
DQN,647,11,61000,100,125.96,2.686884
DQN,647,11,62000,100,124.72,3.4953656
DQN,647,11,63000,100,118.64,6.639941
DQN,647,11,64000,100,124.32,5.1149354
DQN,647,11,65000,100,120.88,7.003455
DQN,647,11,66000,100,124.64,6.702802
DQN,647,11,67000,100,125.96,7.376401
DQN,647,11,68000,100,118.12,10.891113
DQN,647,11,69000,100,119.96,11.177669
DQN,647,11,70000,100,118.92,12.594282
DQN,647,11,71000,100,117.6,14.037122
DQN,647,11,72000,100,118.16,15.021179
DQN,647,11,73000,100,121.88,14.373509
DQN,647,11,74000,100,118.56,16.804245
DQN,647,11,75000,100,116.52,17.995943
DQN,647,11,76000,100,123.0,17.476618
DQN,647,11,77000,100,132.32,15.598392
DQN,647,11,78000,100,129.96,17.202503
DQN,647,11,79000,100,138.72,16.285822
DQN,647,11,80000,100,137.84,17.076662
DQN,647,11,81000,100,132.6,19.679981
DQN,647,11,82000,100,132.12,20.499784
DQN,647,11,83000,100,131.52,21.894115
DQN,647,11,84000,100,131.52,22.97237
DQN,647,11,85000,100,150.44,19.040949
DQN,647,11,86000,100,148.2,20.389359
DQN,647,11,87000,100,157.4,19.274542
DQN,647,11,88000,100,149.4,21.71428
DQN,647,11,89000,100,151.64,21.954311
DQN,647,11,90000,100,227.64,10.960306
DQN,647,11,91000,100,428.48,3.8814273
DQN,647,11,92000,100,366.72,4.868015
DQN,647,11,93000,100,497.2,2.8278468
DQN,647,11,94000,100,742.6,3.080831
DQN,647,11,95000,100,3000.0,3.606853
DQN,647,11,96000,100,3000.0,3.5946362
DQN,647,11,97000,100,3000.0,4.1433487
DQN,647,11,98000,100,3000.0,4.6692867
DQN,647,11,99000,100,3000.0,4.8345027
DQN,647,11,100000,100,3000.0,5.0013914
DQN,647,12,1000,100,9.28,-8.828122
DQN,647,12,2000,100,48.04,-34.91627
DQN,647,12,3000,100,2986.0,-95.913536
DQN,647,12,4000,100,252.96,-85.66285
DQN,647,12,5000,100,180.32,-75.56313
DQN,647,12,6000,100,203.56,-77.01647
DQN,647,12,7000,100,212.04,-75.96503
DQN,647,12,8000,100,186.28,-71.39227
DQN,647,12,9000,100,187.36,-70.339554
DQN,647,12,10000,100,169.48,-65.3821
DQN,647,12,11000,100,181.84,-65.73244
DQN,647,12,12000,100,167.84,-62.053383
DQN,647,12,13000,100,182.24,-61.781082
DQN,647,12,14000,100,194.6,-62.677223
DQN,647,12,15000,100,199.56,-59.73027
DQN,647,12,16000,100,190.6,-59.649227
DQN,647,12,17000,100,177.2,-54.524693
DQN,647,12,18000,100,213.72,-58.277454
DQN,647,12,19000,100,157.12,-50.15412
DQN,647,12,20000,100,152.64,-48.367744
DQN,647,12,21000,100,135.12,-42.46068
DQN,647,12,22000,100,130.24,-40.036884
DQN,647,12,23000,100,168.92,-45.628906
DQN,647,12,24000,100,152.96,-41.827114
DQN,647,12,25000,100,136.6,-37.735836
DQN,647,12,26000,100,174.92,-43.837624
DQN,647,12,27000,100,142.04,-36.427357
DQN,647,12,28000,100,151.92,-36.28286
DQN,647,12,29000,100,147.72,-34.44793
DQN,647,12,30000,100,137.92,-31.147635
DQN,647,12,31000,100,151.96,-32.59935
DQN,647,12,32000,100,155.36,-33.026623
DQN,647,12,33000,100,141.72,-28.948895
DQN,647,12,34000,100,124.64,-23.970022
DQN,647,12,35000,100,133.52,-24.586475
DQN,647,12,36000,100,123.32,-21.294954
DQN,647,12,37000,100,130.8,-21.597075
DQN,647,12,38000,100,130.92,-21.229866
DQN,647,12,39000,100,172.64,-26.853046
DQN,647,12,40000,100,150.92,-22.455801
DQN,647,12,41000,100,146.84,-20.842566
DQN,647,12,42000,100,137.04,-18.278955
DQN,647,12,43000,100,132.16,-16.144081
DQN,647,12,44000,100,128.8,-13.933479
DQN,647,12,45000,100,118.8,-10.30963
DQN,647,12,46000,100,119.68,-9.130235
DQN,647,12,47000,100,119.8,-8.6361
DQN,647,12,48000,100,128.48,-9.766098
DQN,647,12,49000,100,125.0,-7.909453
DQN,647,12,50000,100,135.36,-9.578107
DQN,647,12,51000,100,124.08,-6.3726544
DQN,647,12,52000,100,124.2,-4.76706
DQN,647,12,53000,100,135.12,-7.6131873
DQN,647,12,54000,100,150.96,-10.006382
DQN,647,12,55000,100,145.52,-8.179621
DQN,647,12,56000,100,145.92,-7.459409
DQN,647,12,57000,100,137.28,-4.922546
DQN,647,12,58000,100,139.92,-5.1802564
DQN,647,12,59000,100,119.56,1.3928555
DQN,647,12,60000,100,128.16,-1.0039575
DQN,647,12,61000,100,123.36,1.3711395
DQN,647,12,62000,100,140.92,-2.117676
DQN,647,12,63000,100,132.08,0.21399078
DQN,647,12,64000,100,141.32,-1.8288494
DQN,647,12,65000,100,118.56,4.6725388
DQN,647,12,66000,100,120.84,4.6595464
DQN,647,12,67000,100,129.0,3.53295
DQN,647,12,68000,100,154.64,-2.4517329
DQN,647,12,69000,100,148.2,-0.25918823
DQN,647,12,70000,100,152.56,-1.0083557
DQN,647,12,71000,100,163.2,-3.3047037
DQN,647,12,72000,100,157.52,-0.9917535
DQN,647,12,73000,100,176.6,-4.2453074
DQN,647,12,74000,100,181.76,-4.1787343
DQN,647,12,75000,100,174.76,-2.8534086
DQN,647,12,76000,100,192.0,-4.70707
DQN,647,12,77000,100,177.8,-1.8977411
DQN,647,12,78000,100,189.44,-3.1666174
DQN,647,12,79000,100,231.24,-7.2967396
DQN,647,12,80000,100,202.44,-3.4019532
DQN,647,12,81000,100,236.36,-6.4937477
DQN,647,12,82000,100,220.84,-4.3927617
DQN,647,12,83000,100,214.52,-2.541502
DQN,647,12,84000,100,388.08,-11.526865
DQN,647,12,85000,100,368.72,-10.322812
DQN,647,12,86000,100,531.56,-11.463746
DQN,647,12,87000,100,494.64,-10.475381
DQN,647,12,88000,100,361.72,-6.639931
DQN,647,12,89000,100,1304.12,-9.833524
DQN,647,12,90000,100,390.76,-7.9057045
DQN,647,12,91000,100,418.76,-7.904338
DQN,647,12,92000,100,385.24,-6.8385024
DQN,647,12,93000,100,668.64,-8.307633
DQN,647,12,94000,100,2993.76,-8.412998
DQN,647,12,95000,100,3000.0,-8.134466
DQN,647,12,96000,100,3000.0,-7.9592686
DQN,647,12,97000,100,3000.0,-7.879259
DQN,647,12,98000,100,3000.0,-7.477002
DQN,647,12,99000,100,3000.0,-7.1419396
DQN,647,12,100000,100,1481.68,-7.0245466
DQN,647,13,1000,100,10.56,-10.078116
DQN,647,13,2000,100,12.44,-8.708614
DQN,647,13,3000,100,199.24,-78.725945
DQN,647,13,4000,100,228.44,-82.21223
DQN,647,13,5000,100,206.24,-79.59808
DQN,647,13,6000,100,247.36,-80.54729
DQN,647,13,7000,100,252.68,-79.72474
DQN,647,13,8000,100,226.08,-76.739006
DQN,647,13,9000,100,211.2,-73.5715
DQN,647,13,10000,100,215.8,-72.30708
DQN,647,13,11000,100,222.32,-71.51365
DQN,647,13,12000,100,193.16,-66.15316
DQN,647,13,13000,100,190.44,-64.12296
DQN,647,13,14000,100,144.84,-54.8155
DQN,647,13,15000,100,150.52,-54.61764
DQN,647,13,16000,100,126.28,-47.663418
DQN,647,13,17000,100,143.68,-50.24329
DQN,647,13,18000,100,153.04,-51.358612
DQN,647,13,19000,100,132.2,-43.8953
DQN,647,13,20000,100,183.96,-52.053837
DQN,647,13,21000,100,216.16,-49.20382
DQN,647,13,22000,100,175.0,-47.07225
DQN,647,13,23000,100,175.04,-44.592213
DQN,647,13,24000,100,162.72,-43.66781
DQN,647,13,25000,100,139.36,-39.37054
DQN,647,13,26000,100,145.6,-39.20234
DQN,647,13,27000,100,118.0,-31.193008
DQN,647,13,28000,100,121.48,-30.422493
DQN,647,13,29000,100,120.76,-29.459877
DQN,647,13,30000,100,135.16,-31.866335
DQN,647,13,31000,100,119.92,-26.94665
DQN,647,13,32000,100,119.84,-25.0795
DQN,647,13,33000,100,119.12,-23.86799
DQN,647,13,34000,100,127.68,-25.166555
DQN,647,13,35000,100,117.32,-20.06225
DQN,647,13,36000,100,131.88,-24.117466
DQN,647,13,37000,100,112.4,-16.549421
DQN,647,13,38000,100,123.64,-19.024382
DQN,647,13,39000,100,120.32,-17.15029
DQN,647,13,40000,100,125.8,-18.225275
DQN,647,13,41000,100,127.32,-17.357128
DQN,647,13,42000,100,123.44,-15.118674
DQN,647,13,43000,100,128.56,-14.611297
DQN,647,13,44000,100,128.76,-14.142128
DQN,647,13,45000,100,128.32,-13.285703
DQN,647,13,46000,100,131.2,-12.743372
DQN,647,13,47000,100,128.28,-11.136601
DQN,647,13,48000,100,148.08,-14.583216
DQN,647,13,49000,100,135.52,-10.977109
DQN,647,13,50000,100,137.52,-9.77048
DQN,647,13,51000,100,518.76,-18.999685
DQN,647,13,52000,100,395.4,-15.5049515
DQN,647,13,53000,100,194.68,-14.189668
DQN,647,13,54000,100,391.4,-13.409455
DQN,647,13,55000,100,503.48,-22.9864
DQN,647,13,56000,100,385.84,-18.993013
DQN,647,13,57000,100,166.52,-8.012124
DQN,647,13,58000,100,126.6,0.0024877929
DQN,647,13,59000,100,152.36,-2.4605093
DQN,647,13,60000,100,133.76,-0.45480987
DQN,647,13,61000,100,245.12,-5.833238
DQN,647,13,62000,100,371.76,-13.311544
DQN,647,13,63000,100,340.2,-12.420833
DQN,647,13,64000,100,286.52,-8.718994
DQN,647,13,65000,100,189.52,-4.170445
DQN,647,13,66000,100,150.16,0.978591
DQN,647,13,67000,100,153.44,1.1564975
DQN,647,13,68000,100,147.96,3.7087133
DQN,647,13,69000,100,142.48,5.5399265
DQN,647,13,70000,100,144.72,5.714892
DQN,647,13,71000,100,505.0,-16.250118
DQN,647,13,72000,100,593.56,-15.82352
DQN,647,13,73000,100,603.08,-16.048006
DQN,647,13,74000,100,514.0,-14.357153
DQN,647,13,75000,100,527.8,-13.746452
DQN,647,13,76000,100,481.96,-11.996849
DQN,647,13,77000,100,523.8,-11.96167
DQN,647,13,78000,100,502.0,-10.967829
DQN,647,13,79000,100,582.84,-10.624035
DQN,647,13,80000,100,527.04,-9.191209
DQN,647,13,81000,100,429.32,-7.0008726
DQN,647,13,82000,100,593.24,-7.061608
DQN,647,13,83000,100,3000.0,-7.5911126
DQN,647,13,84000,100,3000.0,-7.345066
DQN,647,13,85000,100,2577.52,-5.7806315
DQN,647,13,86000,100,261.68,2.3595138
DQN,647,13,87000,100,269.0,2.4081903
DQN,647,13,88000,100,331.12,1.3764511
DQN,647,13,89000,100,269.24,2.6033738
DQN,647,13,90000,100,590.48,-2.7547305
DQN,647,13,91000,100,303.08,1.4868076
DQN,647,13,92000,100,277.92,4.1506267
DQN,647,13,93000,100,321.36,1.658595
DQN,647,13,94000,100,510.8,2.102705
DQN,647,13,95000,100,315.8,3.6566064
DQN,647,13,96000,100,324.56,2.9449525
DQN,647,13,97000,100,322.88,4.861855
DQN,647,13,98000,100,1686.36,0.49601442
DQN,647,13,99000,100,3000.0,-0.35726136
DQN,647,13,100000,100,3000.0,-0.08467926
DQN,647,14,1000,100,9.44,-9.00862
DQN,647,14,2000,100,25.76,-19.621746
DQN,647,14,3000,100,302.68,-89.0248
DQN,647,14,4000,100,291.08,-86.695564
DQN,647,14,5000,100,242.68,-82.835495
DQN,647,14,6000,100,204.0,-76.307526
DQN,647,14,7000,100,195.28,-74.857834
DQN,647,14,8000,100,184.12,-70.43857
DQN,647,14,9000,100,177.2,-69.174484
DQN,647,14,10000,100,190.32,-68.01105
DQN,647,14,11000,100,172.32,-64.87193
DQN,647,14,12000,100,157.48,-60.364803
DQN,647,14,13000,100,178.52,-61.80015
DQN,647,14,14000,100,165.12,-59.05326
DQN,647,14,15000,100,143.84,-52.46556
DQN,647,14,16000,100,185.4,-58.1786
DQN,647,14,17000,100,215.12,-61.10801
DQN,647,14,18000,100,175.84,-54.994217
DQN,647,14,19000,100,171.12,-51.571217
DQN,647,14,20000,100,121.8,-41.11689
DQN,647,14,21000,100,202.84,-55.87374
DQN,647,14,22000,100,246.92,-59.62892
DQN,647,14,23000,100,250.6,-58.198254
DQN,647,14,24000,100,200.2,-50.52813
DQN,647,14,25000,100,171.48,-45.95251
DQN,647,14,26000,100,275.56,-54.52311
DQN,647,14,27000,100,201.32,-48.107994
DQN,647,14,28000,100,262.68,-50.754284
DQN,647,14,29000,100,370.92,-54.428444
DQN,647,14,30000,100,355.4,-53.670864
DQN,647,14,31000,100,389.92,-53.806305
DQN,647,14,32000,100,372.92,-52.319508
DQN,647,14,33000,100,176.96,-33.42059
DQN,647,14,34000,100,261.64,-37.742016
DQN,647,14,35000,100,273.64,-40.46964
DQN,647,14,36000,100,311.92,-43.44894
DQN,647,14,37000,100,158.4,-28.31257
DQN,647,14,38000,100,131.0,-21.323915
DQN,647,14,39000,100,149.44,-24.66945
DQN,647,14,40000,100,272.84,-38.313004
DQN,647,14,41000,100,197.84,-30.357332
DQN,647,14,42000,100,230.8,-33.594833
DQN,647,14,43000,100,217.36,-29.811722
DQN,647,14,44000,100,197.12,-27.072905
DQN,647,14,45000,100,188.4,-25.422989
DQN,647,14,46000,100,154.36,-18.071627
DQN,647,14,47000,100,172.92,-20.790468
DQN,647,14,48000,100,189.88,-22.590664
DQN,647,14,49000,100,174.76,-19.322304
DQN,647,14,50000,100,135.84,-9.54704
DQN,647,14,51000,100,135.88,-8.462383
DQN,647,14,52000,100,138.36,-7.285634
DQN,647,14,53000,100,183.36,-15.911809
DQN,647,14,54000,100,126.92,-2.3880532
DQN,647,14,55000,100,141.96,-5.449929
DQN,647,14,56000,100,189.84,-13.907252
DQN,647,14,57000,100,140.36,-3.2402198
DQN,647,14,58000,100,147.72,-4.1916623
DQN,647,14,59000,100,151.96,-3.8002646
DQN,647,14,60000,100,136.8,0.08706238
DQN,647,14,61000,100,123.36,4.457605
DQN,647,14,62000,100,136.6,1.4750702
DQN,647,14,63000,100,137.52,2.1236954
DQN,647,14,64000,100,147.84,0.320224
DQN,647,14,65000,100,169.28,-3.0292835
DQN,647,14,66000,100,134.96,5.192323
DQN,647,14,67000,100,159.72,1.6872717
DQN,647,14,68000,100,161.16,3.0623674
DQN,647,14,69000,100,136.2,6.696387
DQN,647,14,70000,100,149.52,4.616986
DQN,647,14,71000,100,136.88,8.127907
DQN,647,14,72000,100,2773.92,-14.500696
DQN,647,14,73000,100,155.76,5.2443275
DQN,647,14,74000,100,143.64,9.06815
DQN,647,14,75000,100,324.16,-7.7117214
DQN,647,14,76000,100,167.8,4.7919383
DQN,647,14,77000,100,179.92,3.3879876
DQN,647,14,78000,100,170.04,5.668617
DQN,647,14,79000,100,439.32,-9.422659
DQN,647,14,80000,100,190.28,4.0552974
DQN,647,14,81000,100,368.8,-5.2830615
DQN,647,14,82000,100,190.96,4.8325577
DQN,647,14,83000,100,238.76,0.3908261
DQN,647,14,84000,100,205.88,3.9444208
DQN,647,14,85000,100,232.12,1.4979416
DQN,647,14,86000,100,434.0,-5.962258
DQN,647,14,87000,100,201.92,6.0276136
DQN,647,14,88000,100,470.64,-6.144463
DQN,647,14,89000,100,367.88,-4.550118
DQN,647,14,90000,100,409.28,-4.803183
DQN,647,14,91000,100,243.64,2.7710018
DQN,647,14,92000,100,220.84,7.0548997
DQN,647,14,93000,100,427.36,-2.4849236
DQN,647,14,94000,100,448.92,0.48113036
DQN,647,14,95000,100,262.28,3.0647767
DQN,647,14,96000,100,536.08,-0.36572418
DQN,647,14,97000,100,786.32,-4.4269795
DQN,647,14,98000,100,1001.84,-4.636105
DQN,647,14,99000,100,607.28,-3.7637436
DQN,647,14,100000,100,1007.16,-4.538931
DQN,647,15,1000,100,9.28,-8.852837
DQN,647,15,2000,100,25.36,-19.303734
DQN,647,15,3000,100,535.92,-95.512405
DQN,647,15,4000,100,281.76,-86.78792
DQN,647,15,5000,100,185.84,-76.30587
DQN,647,15,6000,100,202.6,-76.7407
DQN,647,15,7000,100,172.68,-70.72845
DQN,647,15,8000,100,151.04,-64.41367
DQN,647,15,9000,100,147.12,-62.25931
DQN,647,15,10000,100,140.24,-58.108395
DQN,647,15,11000,100,154.32,-59.594273
DQN,647,15,12000,100,184.68,-62.188385
DQN,647,15,13000,100,184.84,-61.49175
DQN,647,15,14000,100,185.8,-60.724754
DQN,647,15,15000,100,194.88,-58.861835
DQN,647,15,16000,100,244.2,-64.565674
DQN,647,15,17000,100,289.64,-65.94851
DQN,647,15,18000,100,181.2,-54.913662
DQN,647,15,19000,100,167.24,-50.866833
DQN,647,15,20000,100,189.64,-53.65289
DQN,647,15,21000,100,3000.0,-66.60149
DQN,647,15,22000,100,735.92,-65.00062
DQN,647,15,23000,100,629.36,-63.522232
DQN,647,15,24000,100,326.36,-55.00584
DQN,647,15,25000,100,332.76,-56.92758
DQN,647,15,26000,100,277.28,-52.72565
DQN,647,15,27000,100,212.2,-46.51863
DQN,647,15,28000,100,253.52,-47.979145
DQN,647,15,29000,100,277.24,-49.68249
DQN,647,15,30000,100,246.52,-45.15785
DQN,647,15,31000,100,300.56,-48.491245
DQN,647,15,32000,100,240.88,-38.180004
DQN,647,15,33000,100,352.32,-47.642765
DQN,647,15,34000,100,224.04,-38.396824
DQN,647,15,35000,100,207.8,-36.077137
DQN,647,15,36000,100,251.48,-38.569256
DQN,647,15,37000,100,179.6,-28.087261
DQN,647,15,38000,100,230.6,-33.373768
DQN,647,15,39000,100,215.12,-32.63538
DQN,647,15,40000,100,168.44,-25.313677
DQN,647,15,41000,100,137.24,-17.60601
DQN,647,15,42000,100,212.48,-26.562004
DQN,647,15,43000,100,218.72,-25.875261
DQN,647,15,44000,100,143.2,-16.305962
DQN,647,15,45000,100,215.8,-27.242353
DQN,647,15,46000,100,208.8,-25.170143
DQN,647,15,47000,100,238.28,-25.940247
DQN,647,15,48000,100,207.48,-21.272865
DQN,647,15,49000,100,135.6,-9.558019
DQN,647,15,50000,100,141.4,-9.978596
DQN,647,15,51000,100,147.16,-9.51796
DQN,647,15,52000,100,139.2,-7.026266
DQN,647,15,53000,100,120.0,-2.5396543
DQN,647,15,54000,100,153.88,-6.3000474
DQN,647,15,55000,100,130.04,-3.029941
DQN,647,15,56000,100,132.8,-2.8898895
DQN,647,15,57000,100,124.12,-0.026350709
DQN,647,15,58000,100,121.4,1.3570282
DQN,647,15,59000,100,159.8,-5.4937525
DQN,647,15,60000,100,224.32,-11.913299
DQN,647,15,61000,100,140.8,0.10325439
DQN,647,15,62000,100,995.8,-13.870238
DQN,647,15,63000,100,285.76,-2.5852182
DQN,647,15,64000,100,133.8,2.7194517
DQN,647,15,65000,100,161.52,-0.1874997
DQN,647,15,66000,100,128.2,5.9753356
DQN,647,15,67000,100,129.44,6.1134334
DQN,647,15,68000,100,137.16,5.034931
DQN,647,15,69000,100,127.28,8.290579
DQN,647,15,70000,100,128.52,8.755636
DQN,647,15,71000,100,132.12,8.172199
DQN,647,15,72000,100,121.12,12.730923
DQN,647,15,73000,100,127.52,11.071952
DQN,647,15,74000,100,130.4,11.7431345
DQN,647,15,75000,100,130.48,12.13042
DQN,647,15,76000,100,132.84,12.584226
DQN,647,15,77000,100,130.36,14.132129
DQN,647,15,78000,100,146.8,10.7793665
DQN,647,15,79000,100,142.32,12.823209
DQN,647,15,80000,100,154.2,10.6898155
DQN,647,15,81000,100,169.52,8.633518
DQN,647,15,82000,100,153.68,11.873313
DQN,647,15,83000,100,167.4,10.189578
DQN,647,15,84000,100,183.12,7.65269
DQN,647,15,85000,100,170.96,10.578765
DQN,647,15,86000,100,234.6,3.3249629
DQN,647,15,87000,100,244.96,1.9284707
DQN,647,15,88000,100,215.08,5.6188745
DQN,647,15,89000,100,449.04,-3.469945
DQN,647,15,90000,100,229.44,5.0040836
DQN,647,15,91000,100,253.44,7.77346
DQN,647,15,92000,100,144.92,18.271961
DQN,647,15,93000,100,130.56,22.552505
DQN,647,15,94000,100,202.6,13.605799
DQN,647,15,95000,100,115.44,28.601833
DQN,647,15,96000,100,109.08,32.37872
DQN,647,15,97000,100,260.24,17.416742
DQN,647,15,98000,100,156.32,26.647955
DQN,647,15,99000,100,317.88,19.684877
DQN,647,15,100000,100,317.48,13.239674
DQN,647,16,1000,100,9.44,-9.077558
DQN,647,16,2000,100,37.6,-28.306952
DQN,647,16,3000,100,21.2,-15.17143
DQN,647,16,4000,100,108.2,-56.114502
DQN,647,16,5000,100,188.72,-75.990425
DQN,647,16,6000,100,192.0,-75.320206
DQN,647,16,7000,100,183.92,-72.61041
DQN,647,16,8000,100,175.8,-69.53655
DQN,647,16,9000,100,160.48,-65.04983
DQN,647,16,10000,100,172.28,-65.90451
DQN,647,16,11000,100,174.72,-64.58121
DQN,647,16,12000,100,155.44,-59.248695
DQN,647,16,13000,100,180.32,-61.69075
DQN,647,16,14000,100,203.0,-63.80754
DQN,647,16,15000,100,216.36,-63.439682
DQN,647,16,16000,100,249.32,-65.10959
DQN,647,16,17000,100,216.2,-62.258507
DQN,647,16,18000,100,213.68,-61.347256
DQN,647,16,19000,100,283.92,-65.54654
DQN,647,16,20000,100,1888.8,-70.51285
DQN,647,16,21000,100,2875.32,-68.76163
DQN,647,16,22000,100,3000.0,-67.72482
DQN,647,16,23000,100,3000.0,-66.158676
DQN,647,16,24000,100,307.72,-46.686382
DQN,647,16,25000,100,207.48,-51.18663
DQN,647,16,26000,100,215.24,-50.05692
DQN,647,16,27000,100,147.2,-38.36876
DQN,647,16,28000,100,233.12,-48.887665
DQN,647,16,29000,100,237.4,-47.001694
DQN,647,16,30000,100,203.44,-44.202843
DQN,647,16,31000,100,151.56,-33.71764
DQN,647,16,32000,100,152.52,-32.51111
DQN,647,16,33000,100,162.12,-34.21878
DQN,647,16,34000,100,115.6,-22.49259
DQN,647,16,35000,100,171.36,-31.827766
DQN,647,16,36000,100,135.04,-25.06245
DQN,647,16,37000,100,152.44,-28.26934
DQN,647,16,38000,100,129.84,-22.588102
DQN,647,16,39000,100,131.76,-22.439417
DQN,647,16,40000,100,151.32,-24.8471
DQN,647,16,41000,100,143.32,-21.701147
DQN,647,16,42000,100,149.56,-22.597673
DQN,647,16,43000,100,110.64,-11.878195
DQN,647,16,44000,100,128.08,-15.373757
DQN,647,16,45000,100,162.2,-20.502182
DQN,647,16,46000,100,126.2,-13.528547
DQN,647,16,47000,100,147.2,-17.287552
DQN,647,16,48000,100,166.24,-17.358295
DQN,647,16,49000,100,138.72,-13.583911
DQN,647,16,50000,100,128.64,-9.880489
DQN,647,16,51000,100,155.68,-13.871163
DQN,647,16,52000,100,133.88,-8.598499
DQN,647,16,53000,100,143.68,-10.458038
DQN,647,16,54000,100,132.84,-7.7281713
DQN,647,16,55000,100,144.8,-9.505254
DQN,647,16,56000,100,147.76,-9.536755
DQN,647,16,57000,100,135.12,-5.4512134
DQN,647,16,58000,100,158.24,-9.666019
DQN,647,16,59000,100,182.12,-12.027976
DQN,647,16,60000,100,160.68,-8.959499
DQN,647,16,61000,100,153.24,-6.071923
DQN,647,16,62000,100,144.68,-3.7186508
DQN,647,16,63000,100,144.76,-2.6926365
DQN,647,16,64000,100,152.48,-3.8171663
DQN,647,16,65000,100,140.48,-0.64875704
DQN,647,16,66000,100,132.96,2.637256
DQN,647,16,67000,100,125.56,4.634631
DQN,647,16,68000,100,126.64,5.290942
DQN,647,16,69000,100,134.32,3.8648477
DQN,647,16,70000,100,161.16,-0.8640686
DQN,647,16,71000,100,565.6,-19.534664
DQN,647,16,72000,100,563.2,-18.251377
DQN,647,16,73000,100,433.12,-17.371893
DQN,647,16,74000,100,458.0,-16.220266
DQN,647,16,75000,100,337.6,-13.385166
DQN,647,16,76000,100,367.84,-13.059762
DQN,647,16,77000,100,3000.0,-14.839878
DQN,647,16,78000,100,2800.76,-14.00862
DQN,647,16,79000,100,3000.0,-12.915086
DQN,647,16,80000,100,3000.0,-12.341455
DQN,647,16,81000,100,3000.0,-10.789394
DQN,647,16,82000,100,3000.0,-10.171477
DQN,647,16,83000,100,3000.0,-9.271332
DQN,647,16,84000,100,3000.0,-8.744429
DQN,647,16,85000,100,3000.0,-7.790512
DQN,647,16,86000,100,3000.0,-6.9236097
DQN,647,16,87000,100,3000.0,-5.9255786
DQN,647,16,88000,100,3000.0,-5.1592774
DQN,647,16,89000,100,3000.0,-4.5027413
DQN,647,16,90000,100,3000.0,-4.3011236
DQN,647,16,91000,100,3000.0,-3.7167587
DQN,647,16,92000,100,3000.0,-2.9000084
DQN,647,16,93000,100,3000.0,-2.1065838
DQN,647,16,94000,100,3000.0,-1.4354876
DQN,647,16,95000,100,3000.0,-1.2864392
DQN,647,16,96000,100,3000.0,-0.7779959
DQN,647,16,97000,100,3000.0,-0.40838867
DQN,647,16,98000,100,3000.0,-0.09710175
DQN,647,16,99000,100,3000.0,-0.27276948
DQN,647,16,100000,100,3000.0,-0.021264954
DQN,647,17,1000,100,9.28,-8.903303
DQN,647,17,2000,100,9.28,-5.897391
DQN,647,17,3000,100,188.04,-80.585266
DQN,647,17,4000,100,215.6,-81.80112
DQN,647,17,5000,100,244.8,-83.025635
DQN,647,17,6000,100,221.0,-79.072395
DQN,647,17,7000,100,215.12,-76.92339
DQN,647,17,8000,100,193.52,-72.729645
DQN,647,17,9000,100,198.52,-72.336044
DQN,647,17,10000,100,193.24,-69.758194
DQN,647,17,11000,100,174.84,-65.05507
DQN,647,17,12000,100,169.16,-63.23018
DQN,647,17,13000,100,170.24,-61.418823
DQN,647,17,14000,100,139.52,-54.34085
DQN,647,17,15000,100,136.16,-51.7078
DQN,647,17,16000,100,154.16,-54.512974
DQN,647,17,17000,100,160.16,-50.576725
DQN,647,17,18000,100,154.0,-52.298637
DQN,647,17,19000,100,162.6,-51.55754
DQN,647,17,20000,100,94.36,-30.697634
DQN,647,17,21000,100,89.44,-27.192106
DQN,647,17,22000,100,284.48,-61.729916
DQN,647,17,23000,100,337.88,-62.37563
DQN,647,17,24000,100,129.84,-33.723194
DQN,647,17,25000,100,310.84,-58.521206
DQN,647,17,26000,100,200.36,-47.262638
DQN,647,17,27000,100,167.32,-40.635353
DQN,647,17,28000,100,240.64,-48.725098
DQN,647,17,29000,100,158.08,-36.158928
DQN,647,17,30000,100,151.6,-36.631104
DQN,647,17,31000,100,140.56,-33.172546
DQN,647,17,32000,100,144.04,-32.34549
DQN,647,17,33000,100,136.96,-30.085989
DQN,647,17,34000,100,123.12,-24.904009
DQN,647,17,35000,100,147.64,-29.7807
DQN,647,17,36000,100,119.32,-21.777416
DQN,647,17,37000,100,116.48,-19.101322
DQN,647,17,38000,100,124.04,-20.450514
DQN,647,17,39000,100,117.32,-16.991722
DQN,647,17,40000,100,121.32,-17.80788
DQN,647,17,41000,100,116.48,-14.971936
DQN,647,17,42000,100,117.0,-14.70002
DQN,647,17,43000,100,116.4,-13.550808
DQN,647,17,44000,100,114.68,-12.27729
DQN,647,17,45000,100,118.0,-12.410857
DQN,647,17,46000,100,124.24,-12.218629
DQN,647,17,47000,100,122.92,-11.006395
DQN,647,17,48000,100,124.08,-10.065267
DQN,647,17,49000,100,123.24,-9.179992
DQN,647,17,50000,100,120.96,-7.0891967
DQN,647,17,51000,100,133.84,-10.600717
DQN,647,17,52000,100,118.28,-4.5912166
DQN,647,17,53000,100,119.84,-4.8317785
DQN,647,17,54000,100,137.36,-9.001963
DQN,647,17,55000,100,152.36,-10.052301
DQN,647,17,56000,100,144.44,-5.7154493
DQN,647,17,57000,100,142.04,-4.173425
DQN,647,17,58000,100,205.96,-14.036395
DQN,647,17,59000,100,132.48,-2.8422499
DQN,647,17,60000,100,173.92,-10.173449
DQN,647,17,61000,100,121.68,1.9847388
DQN,647,17,62000,100,124.72,1.6023679
DQN,647,17,63000,100,114.4,6.534554
DQN,647,17,64000,100,112.4,7.667947
DQN,647,17,65000,100,109.36,9.965494
DQN,647,17,66000,100,118.88,8.266241
DQN,647,17,67000,100,145.36,3.7494335
DQN,647,17,68000,100,118.2,10.817744
DQN,647,17,69000,100,122.52,10.250077
DQN,647,17,70000,100,147.96,5.0616603
DQN,647,17,71000,100,162.76,2.5392458
DQN,647,17,72000,100,138.28,9.155583
DQN,647,17,73000,100,141.2,8.97125
DQN,647,17,74000,100,127.72,13.74887
DQN,647,17,75000,100,127.4,14.546614
DQN,647,17,76000,100,128.92,15.317102
DQN,647,17,77000,100,123.92,17.877735
DQN,647,17,78000,100,133.68,15.843262
DQN,647,17,79000,100,152.8,12.44741
DQN,647,17,80000,100,309.0,-1.6377558
DQN,647,17,81000,100,164.88,11.594056
DQN,647,17,82000,100,339.36,-2.221263
DQN,647,17,83000,100,196.56,7.88376
DQN,647,17,84000,100,220.68,5.649663
DQN,647,17,85000,100,207.04,7.402412
DQN,647,17,86000,100,220.68,6.0831513
DQN,647,17,87000,100,242.72,4.3843546
DQN,647,17,88000,100,234.4,5.348827
DQN,647,17,89000,100,341.32,0.5875708
DQN,647,17,90000,100,671.0,-3.4282825
DQN,647,17,91000,100,1255.24,-3.2365088
DQN,647,17,92000,100,3000.0,-2.5626366
DQN,647,17,93000,100,3000.0,-2.2015243
DQN,647,17,94000,100,3000.0,-1.7769046
DQN,647,17,95000,100,3000.0,-1.7869159
DQN,647,17,96000,100,3000.0,-1.6329224
DQN,647,17,97000,100,3000.0,-1.2150885
DQN,647,17,98000,100,3000.0,-0.88364625
DQN,647,17,99000,100,3000.0,-0.9545407
DQN,647,17,100000,100,3000.0,-1.2951251
DQN,647,18,1000,100,9.28,-8.845558
DQN,647,18,2000,100,13.4,-9.54883
DQN,647,18,3000,100,234.28,-73.25054
DQN,647,18,4000,100,226.48,-81.992775
DQN,647,18,5000,100,237.2,-82.21519
DQN,647,18,6000,100,180.2,-72.86189
DQN,647,18,7000,100,166.56,-69.50833
DQN,647,18,8000,100,146.0,-62.394825
DQN,647,18,9000,100,135.68,-59.105053
DQN,647,18,10000,100,153.6,-61.803883
DQN,647,18,11000,100,152.96,-60.688095
DQN,647,18,12000,100,181.96,-63.85415
DQN,647,18,13000,100,196.16,-64.17789
DQN,647,18,14000,100,201.08,-63.41255
DQN,647,18,15000,100,212.12,-62.98301
DQN,647,18,16000,100,225.08,-63.296146
DQN,647,18,17000,100,158.44,-52.696823
DQN,647,18,18000,100,217.92,-60.173084
DQN,647,18,19000,100,183.2,-54.316113
DQN,647,18,20000,100,179.48,-52.69409
DQN,647,18,21000,100,187.64,-52.284718
DQN,647,18,22000,100,283.04,-59.405254
DQN,647,18,23000,100,232.72,-55.166363
DQN,647,18,24000,100,873.96,-58.872646
DQN,647,18,25000,100,699.4,-60.92001
DQN,647,18,26000,100,352.84,-52.38826
DQN,647,18,27000,100,333.4,-54.355293
DQN,647,18,28000,100,164.68,-34.704845
DQN,647,18,29000,100,225.8,-47.063385
DQN,647,18,30000,100,166.92,-33.28979
DQN,647,18,31000,100,224.84,-44.96394
DQN,647,18,32000,100,232.44,-42.578182
DQN,647,18,33000,100,204.6,-39.68776
DQN,647,18,34000,100,187.84,-29.47013
DQN,647,18,35000,100,145.08,-24.600986
DQN,647,18,36000,100,264.92,-41.22457
DQN,647,18,37000,100,178.04,-30.32564
DQN,647,18,38000,100,187.8,-30.426634
DQN,647,18,39000,100,132.68,-19.23866
DQN,647,18,40000,100,215.12,-33.34202
DQN,647,18,41000,100,148.48,-21.0915
DQN,647,18,42000,100,127.28,-15.086513
DQN,647,18,43000,100,144.08,-18.216957
DQN,647,18,44000,100,116.96,-10.421674
DQN,647,18,45000,100,227.44,-28.643547
DQN,647,18,46000,100,193.8,-19.930824
DQN,647,18,47000,100,119.6,-8.420407
DQN,647,18,48000,100,260.08,-14.829768
DQN,647,18,49000,100,144.24,-13.254687
DQN,647,18,50000,100,307.56,-22.437706
DQN,647,18,51000,100,581.12,-27.929306
DQN,647,18,52000,100,572.52,-23.670238
DQN,647,18,53000,100,943.0,-29.453697
DQN,647,18,54000,100,699.0,-29.084263
DQN,647,18,55000,100,177.0,-12.564181
DQN,647,18,56000,100,781.04,-27.508013
DQN,647,18,57000,100,885.0,-24.843578
DQN,647,18,58000,100,290.8,-19.854765
DQN,647,18,59000,100,219.24,-14.500557
DQN,647,18,60000,100,136.64,-1.7075802
DQN,647,18,61000,100,133.36,0.024724426
DQN,647,18,62000,100,116.6,5.1856165
DQN,647,18,63000,100,122.68,4.3352175
DQN,647,18,64000,100,118.8,6.186874
DQN,647,18,65000,100,111.6,9.211687
DQN,647,18,66000,100,117.44,7.9350605
DQN,647,18,67000,100,129.92,5.240541
DQN,647,18,68000,100,134.08,4.8604603
DQN,647,18,69000,100,168.36,-2.097652
DQN,647,18,70000,100,150.6,2.4909155
DQN,647,18,71000,100,148.68,3.24832
DQN,647,18,72000,100,142.48,5.473932
DQN,647,18,73000,100,129.36,9.183529
DQN,647,18,74000,100,135.72,8.784643
DQN,647,18,75000,100,133.44,9.788693
DQN,647,18,76000,100,152.96,6.1282763
DQN,647,18,77000,100,143.2,8.928503
DQN,647,18,78000,100,147.04,8.593557
DQN,647,18,79000,100,182.8,2.604589
DQN,647,18,80000,100,315.16,-8.372987
DQN,647,18,81000,100,277.96,-5.0737143
DQN,647,18,82000,100,324.4,-8.371488
DQN,647,18,83000,100,264.4,-3.7268066
DQN,647,18,84000,100,291.44,-6.1383123
DQN,647,18,85000,100,297.08,-5.299478
DQN,647,18,86000,100,301.84,-5.328346
DQN,647,18,87000,100,299.64,-4.256685
DQN,647,18,88000,100,318.24,-4.4201713
DQN,647,18,89000,100,318.92,-3.9347851
DQN,647,18,90000,100,304.72,-2.7107406
DQN,647,18,91000,100,327.84,-2.8295388
DQN,647,18,92000,100,463.84,-4.7969017
DQN,647,18,93000,100,484.64,-5.214183
DQN,647,18,94000,100,677.64,-5.7230973
DQN,647,18,95000,100,889.76,-5.7495885
DQN,647,18,96000,100,1482.88,-5.4135027
DQN,647,18,97000,100,3000.0,-5.427539
DQN,647,18,98000,100,3000.0,-5.0266123
DQN,647,18,99000,100,3000.0,-4.9506755
DQN,647,18,100000,100,3000.0,-4.8549924
DQN,647,19,1000,100,26.44,-23.165796
DQN,647,19,2000,100,16.72,-12.371604
DQN,647,19,3000,100,683.12,-95.33952
DQN,647,19,4000,100,262.76,-85.24167
DQN,647,19,5000,100,199.12,-78.54495
DQN,647,19,6000,100,189.92,-74.1439
DQN,647,19,7000,100,170.68,-70.124115
DQN,647,19,8000,100,144.28,-62.6676
DQN,647,19,9000,100,152.64,-63.837326
DQN,647,19,10000,100,169.88,-65.41709
DQN,647,19,11000,100,175.12,-65.20728
DQN,647,19,12000,100,171.92,-62.70593
DQN,647,19,13000,100,159.36,-58.524834
DQN,647,19,14000,100,166.28,-58.90095
DQN,647,19,15000,100,187.68,-60.4559
DQN,647,19,16000,100,174.92,-58.068348
DQN,647,19,17000,100,191.76,-59.020973
DQN,647,19,18000,100,237.84,-63.619747
DQN,647,19,19000,100,229.28,-61.077885
DQN,647,19,20000,100,146.68,-47.532124
DQN,647,19,21000,100,180.24,-52.038284
DQN,647,19,22000,100,156.56,-46.69463
DQN,647,19,23000,100,191.32,-51.085
DQN,647,19,24000,100,224.56,-52.397083
DQN,647,19,25000,100,255.08,-54.642056
DQN,647,19,26000,100,207.64,-48.97506
DQN,647,19,27000,100,197.48,-47.04886
DQN,647,19,28000,100,141.0,-35.222084
DQN,647,19,29000,100,250.04,-46.34835
DQN,647,19,30000,100,251.04,-45.097824
DQN,647,19,31000,100,145.32,-33.509735
DQN,647,19,32000,100,204.28,-40.760963
DQN,647,19,33000,100,293.56,-46.93621
DQN,647,19,34000,100,262.76,-43.441227
DQN,647,19,35000,100,201.96,-36.35133
DQN,647,19,36000,100,142.48,-25.970352
DQN,647,19,37000,100,206.96,-35.42369
DQN,647,19,38000,100,207.92,-34.959625
DQN,647,19,39000,100,143.12,-22.607367
DQN,647,19,40000,100,204.28,-32.34681
DQN,647,19,41000,100,209.8,-31.84885
DQN,647,19,42000,100,204.08,-30.379389
DQN,647,19,43000,100,145.96,-19.691229
DQN,647,19,44000,100,407.96,-37.37189
DQN,647,19,45000,100,221.44,-24.860466
DQN,647,19,46000,100,331.04,-34.85298
DQN,647,19,47000,100,324.44,-33.821743
DQN,647,19,48000,100,452.68,-33.456913
DQN,647,19,49000,100,339.36,-33.932785
DQN,647,19,50000,100,317.6,-28.819675
DQN,647,19,51000,100,349.72,-32.357548
DQN,647,19,52000,100,321.44,-28.660345
DQN,647,19,53000,100,369.08,-30.263727
DQN,647,19,54000,100,248.76,-18.769035
DQN,647,19,55000,100,399.44,-29.525738
DQN,647,19,56000,100,352.52,-21.586685
DQN,647,19,57000,100,359.48,-24.515448
DQN,647,19,58000,100,272.44,-16.69453
DQN,647,19,59000,100,390.0,-20.91727
DQN,647,19,60000,100,333.28,-19.664158
DQN,647,19,61000,100,381.44,-24.197412
DQN,647,19,62000,100,163.44,-5.449424
DQN,647,19,63000,100,436.36,-23.019228
DQN,647,19,64000,100,369.76,-17.790043
DQN,647,19,65000,100,194.84,-6.2426076
DQN,647,19,66000,100,370.88,-20.613968
DQN,647,19,67000,100,381.44,-18.727623
DQN,647,19,68000,100,228.84,-6.8554955
DQN,647,19,69000,100,305.16,-12.769626
DQN,647,19,70000,100,231.36,-6.757523
DQN,647,19,71000,100,186.96,-3.635173
DQN,647,19,72000,100,189.92,-1.2326455
DQN,647,19,73000,100,245.72,-6.649536
DQN,647,19,74000,100,366.72,-13.536964
DQN,647,19,75000,100,366.76,-13.91213
DQN,647,19,76000,100,189.96,-1.088652
DQN,647,19,77000,100,209.32,-1.9587497
DQN,647,19,78000,100,257.88,-7.582819
DQN,647,19,79000,100,267.4,-7.979801
DQN,647,19,80000,100,443.08,-14.046889
DQN,647,19,81000,100,325.16,-10.870288
DQN,647,19,82000,100,246.2,-6.403927
DQN,647,19,83000,100,342.8,-10.130363
DQN,647,19,84000,100,262.76,-6.9840846
DQN,647,19,85000,100,633.64,-13.209321
DQN,647,19,86000,100,617.88,-12.908347
DQN,647,19,87000,100,609.92,-12.316794
DQN,647,19,88000,100,499.16,-11.174317
DQN,647,19,89000,100,571.68,-11.798081
DQN,647,19,90000,100,994.36,-11.439424
DQN,647,19,91000,100,392.04,-7.0812554
DQN,647,19,92000,100,1032.28,-9.493684
DQN,647,19,93000,100,2728.64,-8.749123
DQN,647,19,94000,100,128.36,17.895157
DQN,647,19,95000,100,1014.64,-10.089555
DQN,647,19,96000,100,1928.96,-9.701844
DQN,647,19,97000,100,2303.92,-9.1042595
DQN,647,19,98000,100,2436.84,-8.724381
DQN,647,19,99000,100,1067.0,-0.98055875
DQN,647,19,100000,100,1140.6,-6.1370173
DQN,758,10,1000,100,9.44,-9.032413
DQN,758,10,2000,100,9.44,-6.997467
DQN,758,10,3000,100,39.68,-29.425234
DQN,758,10,4000,100,160.32,-74.52404
DQN,758,10,5000,100,165.92,-73.56415
DQN,758,10,6000,100,165.24,-71.58874
DQN,758,10,7000,100,169.24,-71.37106
DQN,758,10,8000,100,158.64,-68.68747
DQN,758,10,9000,100,152.52,-66.60212
DQN,758,10,10000,100,152.48,-64.41607
DQN,758,10,11000,100,159.72,-63.33259
DQN,758,10,12000,100,149.6,-61.84233
DQN,758,10,13000,100,149.64,-59.904053
DQN,758,10,14000,100,156.52,-60.40264
DQN,758,10,15000,100,150.72,-58.646297
DQN,758,10,16000,100,156.6,-58.212692
DQN,758,10,17000,100,244.16,-67.77813
DQN,758,10,18000,100,215.56,-64.629395
DQN,758,10,19000,100,183.16,-59.049835
DQN,758,10,20000,100,260.52,-66.37682
DQN,758,10,21000,100,248.4,-62.441193
DQN,758,10,22000,100,211.96,-59.1687
DQN,758,10,23000,100,265.12,-63.341652
DQN,758,10,24000,100,271.04,-62.69501
DQN,758,10,25000,100,227.64,-57.326847
DQN,758,10,26000,100,198.96,-53.12435
DQN,758,10,27000,100,228.8,-55.724308
DQN,758,10,28000,100,204.04,-51.87715
DQN,758,10,29000,100,282.72,-51.51596
DQN,758,10,30000,100,158.84,-42.956406
DQN,758,10,31000,100,217.48,-41.029835
DQN,758,10,32000,100,128.24,-31.64134
DQN,758,10,33000,100,149.52,-37.25001
DQN,758,10,34000,100,135.44,-32.14551
DQN,758,10,35000,100,129.84,-31.516043
DQN,758,10,36000,100,191.84,-42.571827
DQN,758,10,37000,100,169.44,-38.795227
DQN,758,10,38000,100,166.72,-36.42562
DQN,758,10,39000,100,180.72,-37.74256
DQN,758,10,40000,100,183.2,-38.234554
DQN,758,10,41000,100,227.12,-41.689003
DQN,758,10,42000,100,150.4,-29.463669
DQN,758,10,43000,100,161.0,-30.90102
DQN,758,10,44000,100,282.44,-42.807682
DQN,758,10,45000,100,205.92,-36.21197
DQN,758,10,46000,100,266.24,-40.547558
DQN,758,10,47000,100,220.44,-34.829193
DQN,758,10,48000,100,122.88,-17.265669
DQN,758,10,49000,100,99.92,-8.775712
DQN,758,10,50000,100,102.48,-8.191825
DQN,758,10,51000,100,114.56,-11.467788
DQN,758,10,52000,100,108.88,-8.417712
DQN,758,10,53000,100,106.52,-6.822558
DQN,758,10,54000,100,101.32,-3.7144532
DQN,758,10,55000,100,105.16,-4.030664
DQN,758,10,56000,100,102.92,-2.5014489
DQN,758,10,57000,100,98.96,0.29907256
DQN,758,10,58000,100,100.24,0.45202148
DQN,758,10,59000,100,99.4,1.1118904
DQN,758,10,60000,100,104.44,0.7497498
DQN,758,10,61000,100,99.2,3.1153321
DQN,758,10,62000,100,101.96,2.826744
DQN,758,10,63000,100,98.08,5.822772
DQN,758,10,64000,100,102.04,4.753522
DQN,758,10,65000,100,101.4,5.661327
DQN,758,10,66000,100,102.32,6.798595
DQN,758,10,67000,100,101.92,7.876289
DQN,758,10,68000,100,98.8,9.942764
DQN,758,10,69000,100,101.04,10.308977
DQN,758,10,70000,100,99.24,11.753278
DQN,758,10,71000,100,101.96,11.333088
DQN,758,10,72000,100,103.08,11.595975
DQN,758,10,73000,100,99.48,14.362024
DQN,758,10,74000,100,98.68,15.926396
DQN,758,10,75000,100,103.04,14.901995
DQN,758,10,76000,100,109.64,14.63814
DQN,758,10,77000,100,108.96,15.216155
DQN,758,10,78000,100,133.44,8.751858
DQN,758,10,79000,100,112.84,16.21628
DQN,758,10,80000,100,157.16,6.0518064
DQN,758,10,81000,100,356.56,-9.603881
DQN,758,10,82000,100,272.36,-5.777123
DQN,758,10,83000,100,313.52,-7.6364746
DQN,758,10,84000,100,487.32,-9.92845
DQN,758,10,85000,100,603.92,-9.910704
DQN,758,10,86000,100,722.44,-9.280002
DQN,758,10,87000,100,1978.56,-9.334626
DQN,758,10,88000,100,1057.88,-8.341469
DQN,758,10,89000,100,2172.68,-8.139347
DQN,758,10,90000,100,1980.32,-7.72448
DQN,758,10,91000,100,2487.48,-7.360227
DQN,758,10,92000,100,3000.0,-6.9527845
DQN,758,10,93000,100,3000.0,-6.42921
DQN,758,10,94000,100,3000.0,-5.757678
DQN,758,10,95000,100,3000.0,-5.25876
DQN,758,10,96000,100,3000.0,-4.8443336
DQN,758,10,97000,100,3000.0,-4.874956
DQN,758,10,98000,100,3000.0,-4.2980494
DQN,758,10,99000,100,3000.0,-3.8240936
DQN,758,10,100000,100,3000.0,-3.4902515
DQN,758,11,1000,100,9.28,-8.900425
DQN,758,11,2000,100,27.2,-21.155083
DQN,758,11,3000,100,69.24,-46.913185
DQN,758,11,4000,100,253.96,-84.97446
DQN,758,11,5000,100,189.68,-77.81854
DQN,758,11,6000,100,164.72,-73.021675
DQN,758,11,7000,100,161.32,-70.00948
DQN,758,11,8000,100,163.76,-69.50798
DQN,758,11,9000,100,170.16,-69.62534
DQN,758,11,10000,100,178.04,-68.44684
DQN,758,11,11000,100,178.24,-67.85357
DQN,758,11,12000,100,185.6,-68.040924
DQN,758,11,13000,100,191.48,-67.126396
DQN,758,11,14000,100,185.08,-64.71847
DQN,758,11,15000,100,151.36,-58.5305
DQN,758,11,16000,100,129.6,-51.835087
DQN,758,11,17000,100,121.8,-48.553883
DQN,758,11,18000,100,118.32,-46.6678
DQN,758,11,19000,100,88.12,-32.809093
DQN,758,11,20000,100,116.04,-43.143414
DQN,758,11,21000,100,108.08,-39.60992
DQN,758,11,22000,100,109.16,-38.18595
DQN,758,11,23000,100,104.56,-35.72191
DQN,758,11,24000,100,103.68,-34.492252
DQN,758,11,25000,100,103.96,-33.702496
DQN,758,11,26000,100,104.4,-32.51085
DQN,758,11,27000,100,110.24,-34.011566
DQN,758,11,28000,100,103.28,-30.61146
DQN,758,11,29000,100,104.44,-29.173569
DQN,758,11,30000,100,115.28,-31.685095
DQN,758,11,31000,100,127.52,-33.459904
DQN,758,11,32000,100,187.96,-42.121548
DQN,758,11,33000,100,192.6,-38.95449
DQN,758,11,34000,100,311.2,-50.762516
DQN,758,11,35000,100,244.52,-43.401745
DQN,758,11,36000,100,167.4,-34.23346
DQN,758,11,37000,100,145.28,-31.629694
DQN,758,11,38000,100,128.28,-26.071344
DQN,758,11,39000,100,114.2,-21.255796
DQN,758,11,40000,100,118.16,-21.683125
DQN,758,11,41000,100,111.56,-17.657621
DQN,758,11,42000,100,118.72,-19.712269
DQN,758,11,43000,100,110.4,-15.875475
DQN,758,11,44000,100,111.52,-13.784281
DQN,758,11,45000,100,113.12,-14.595594
DQN,758,11,46000,100,106.68,-11.467255
DQN,758,11,47000,100,118.96,-14.342022
DQN,758,11,48000,100,116.88,-12.476306
DQN,758,11,49000,100,103.6,-6.813259
DQN,758,11,50000,100,118.48,-11.088085
DQN,758,11,51000,100,115.2,-8.425106
DQN,758,11,52000,100,114.12,-7.3939695
DQN,758,11,53000,100,107.52,-4.274929
DQN,758,11,54000,100,114.84,-5.010023
DQN,758,11,55000,100,145.72,-10.775779
DQN,758,11,56000,100,111.28,-2.4037297
DQN,758,11,57000,100,144.68,-7.565515
DQN,758,11,58000,100,140.6,-7.4275184
DQN,758,11,59000,100,150.08,-8.965123
DQN,758,11,60000,100,138.44,-4.4640346
DQN,758,11,61000,100,139.28,-4.60283
DQN,758,11,62000,100,133.24,-3.52129
DQN,758,11,63000,100,145.32,-4.395259
DQN,758,11,64000,100,135.36,-1.5675339
DQN,758,11,65000,100,148.76,-4.107555
DQN,758,11,66000,100,138.6,-0.7368802
DQN,758,11,67000,100,132.64,2.0697777
DQN,758,11,68000,100,134.6,1.1549726
DQN,758,11,69000,100,139.56,1.3952717
DQN,758,11,70000,100,138.16,0.76661897
DQN,758,11,71000,100,145.8,-0.12324432
DQN,758,11,72000,100,138.12,1.4536892
DQN,758,11,73000,100,156.32,-0.7355307
DQN,758,11,74000,100,165.4,-2.169193
DQN,758,11,75000,100,156.44,-0.9675235
DQN,758,11,76000,100,167.32,-2.1920936
DQN,758,11,77000,100,160.84,-0.84129244
DQN,758,11,78000,100,426.4,-5.8960667
DQN,758,11,79000,100,292.12,-1.9067158
DQN,758,11,80000,100,174.04,-0.9361807
DQN,758,11,81000,100,214.72,-5.391986
DQN,758,11,82000,100,246.92,-5.362317
DQN,758,11,83000,100,196.36,-3.741503
DQN,758,11,84000,100,196.44,-1.5358593
DQN,758,11,85000,100,165.32,3.235649
DQN,758,11,86000,100,231.68,-3.679258
DQN,758,11,87000,100,328.0,-8.381194
DQN,758,11,88000,100,361.92,-9.273183
DQN,758,11,89000,100,905.52,-11.732887
DQN,758,11,90000,100,349.68,-10.7706
DQN,758,11,91000,100,582.68,-8.802348
DQN,758,11,92000,100,381.84,-9.186052
DQN,758,11,93000,100,460.12,-2.5782351
DQN,758,11,94000,100,509.92,-9.7780285
DQN,758,11,95000,100,2453.4,-9.600056
DQN,758,11,96000,100,1641.72,-9.168406
DQN,758,11,97000,100,3000.0,-8.4138
DQN,758,11,98000,100,3000.0,-7.1326795
DQN,758,11,99000,100,1517.32,-4.5998874
DQN,758,11,100000,100,1607.4,-3.5291576
DQN,758,12,1000,100,9.28,-8.828122
DQN,758,12,2000,100,19.04,-15.217454
DQN,758,12,3000,100,58.8,-38.607925
DQN,758,12,4000,100,384.4,-91.04747
DQN,758,12,5000,100,234.36,-83.09627
DQN,758,12,6000,100,207.92,-77.97796
DQN,758,12,7000,100,189.36,-74.654106
DQN,758,12,8000,100,183.2,-72.60361
DQN,758,12,9000,100,196.4,-73.09381
DQN,758,12,10000,100,189.32,-70.38669
DQN,758,12,11000,100,197.92,-69.99063
DQN,758,12,12000,100,180.56,-66.80991
DQN,758,12,13000,100,187.6,-65.12703
DQN,758,12,14000,100,172.48,-62.834354
DQN,758,12,15000,100,168.44,-60.50103
DQN,758,12,16000,100,189.72,-61.93456
DQN,758,12,17000,100,195.28,-59.86985
DQN,758,12,18000,100,205.24,-62.9809
DQN,758,12,19000,100,120.64,-44.712086
DQN,758,12,20000,100,152.28,-51.41788
DQN,758,12,21000,100,125.92,-44.363716
DQN,758,12,22000,100,125.16,-42.90941
DQN,758,12,23000,100,125.96,-41.979828
DQN,758,12,24000,100,163.48,-49.90423
DQN,758,12,25000,100,143.08,-44.147446
DQN,758,12,26000,100,147.32,-44.034454
DQN,758,12,27000,100,142.12,-41.859005
DQN,758,12,28000,100,146.12,-42.339474
DQN,758,12,29000,100,130.24,-36.6202
DQN,758,12,30000,100,126.32,-34.685745
DQN,758,12,31000,100,123.24,-32.971222
DQN,758,12,32000,100,133.88,-34.266422
DQN,758,12,33000,100,138.44,-34.508945
DQN,758,12,34000,100,137.08,-32.88306
DQN,758,12,35000,100,140.84,-32.854652
DQN,758,12,36000,100,139.4,-31.169397
DQN,758,12,37000,100,121.08,-25.272127
DQN,758,12,38000,100,127.6,-25.62389
DQN,758,12,39000,100,142.84,-29.175014
DQN,758,12,40000,100,141.76,-27.229393
DQN,758,12,41000,100,156.0,-29.533606
DQN,758,12,42000,100,163.12,-30.322657
DQN,758,12,43000,100,153.76,-27.608248
DQN,758,12,44000,100,133.6,-22.086452
DQN,758,12,45000,100,146.28,-23.399857
DQN,758,12,46000,100,163.12,-26.398975
DQN,758,12,47000,100,154.76,-24.015503
DQN,758,12,48000,100,143.88,-20.74678
DQN,758,12,49000,100,143.2,-19.366812
DQN,758,12,50000,100,146.2,-19.77209
DQN,758,12,51000,100,136.28,-16.273655
DQN,758,12,52000,100,152.28,-19.375664
DQN,758,12,53000,100,158.56,-19.572165
DQN,758,12,54000,100,136.04,-13.550764
DQN,758,12,55000,100,165.8,-19.445488
DQN,758,12,56000,100,152.92,-16.298817
DQN,758,12,57000,100,134.92,-10.820728
DQN,758,12,58000,100,135.04,-10.455449
DQN,758,12,59000,100,128.52,-8.148146
DQN,758,12,60000,100,156.84,-13.774624
DQN,758,12,61000,100,154.48,-12.880787
DQN,758,12,62000,100,156.6,-12.9927845
DQN,758,12,63000,100,146.44,-9.796953
DQN,758,12,64000,100,142.72,-8.325237
DQN,758,12,65000,100,140.72,-7.5310936
DQN,758,12,66000,100,145.16,-7.4335985
DQN,758,12,67000,100,143.8,-7.0007896
DQN,758,12,68000,100,145.08,-6.765082
DQN,758,12,69000,100,146.52,-6.1385746
DQN,758,12,70000,100,171.4,-10.616904
DQN,758,12,71000,100,227.76,-13.622178
DQN,758,12,72000,100,185.48,-8.4081
DQN,758,12,73000,100,372.76,-24.193848
DQN,758,12,74000,100,345.84,-23.201153
DQN,758,12,75000,100,350.44,-22.479303
DQN,758,12,76000,100,322.36,-21.38932
DQN,758,12,77000,100,327.72,-21.28424
DQN,758,12,78000,100,301.32,-19.707088
DQN,758,12,79000,100,317.88,-19.918816
DQN,758,12,80000,100,298.76,-18.529015
DQN,758,12,81000,100,303.92,-18.435776
DQN,758,12,82000,100,317.56,-18.708742
DQN,758,12,83000,100,327.64,-18.58475
DQN,758,12,84000,100,340.12,-18.45608
DQN,758,12,85000,100,376.2,-18.888351
DQN,758,12,86000,100,772.24,-19.160315
DQN,758,12,87000,100,2774.8,-19.787426
DQN,758,12,88000,100,3000.0,-20.181915
DQN,758,12,89000,100,1997.88,-15.717722
DQN,758,12,90000,100,3000.0,-19.826136
DQN,758,12,91000,100,2774.96,-18.221745
DQN,758,12,92000,100,2331.76,-16.14613
DQN,758,12,93000,100,2210.84,-14.037728
DQN,758,12,94000,100,1988.12,-12.968708
DQN,758,12,95000,100,3000.0,-18.167477
DQN,758,12,96000,100,2777.96,-16.847073
DQN,758,12,97000,100,3000.0,-17.47024
DQN,758,12,98000,100,2450.32,-15.335136
DQN,758,12,99000,100,1023.64,-10.712119
DQN,758,12,100000,100,1682.08,-12.772451
DQN,758,13,1000,100,10.56,-10.078116
DQN,758,13,2000,100,10.84,-8.308125
DQN,758,13,3000,100,37.64,-26.850636
DQN,758,13,4000,100,249.4,-83.94119
DQN,758,13,5000,100,190.88,-77.787346
DQN,758,13,6000,100,179.28,-75.14226
DQN,758,13,7000,100,174.72,-72.33514
DQN,758,13,8000,100,173.36,-71.263214
DQN,758,13,9000,100,173.36,-69.89329
DQN,758,13,10000,100,192.64,-70.3651
DQN,758,13,11000,100,183.16,-68.14675
DQN,758,13,12000,100,218.4,-71.753975
DQN,758,13,13000,100,204.88,-68.80694
DQN,758,13,14000,100,199.72,-67.008484
DQN,758,13,15000,100,221.32,-68.56888
DQN,758,13,16000,100,244.6,-67.926384
DQN,758,13,17000,100,174.28,-57.42374
DQN,758,13,18000,100,290.12,-70.83405
DQN,758,13,19000,100,430.72,-69.43212
DQN,758,13,20000,100,636.2,-65.108734
DQN,758,13,21000,100,256.92,-62.47651
DQN,758,13,22000,100,119.44,-40.981133
DQN,758,13,23000,100,207.84,-56.935978
DQN,758,13,24000,100,160.88,-47.875645
DQN,758,13,25000,100,140.92,-43.72384
DQN,758,13,26000,100,134.44,-40.84264
DQN,758,13,27000,100,129.68,-38.911346
DQN,758,13,28000,100,150.64,-42.94358
DQN,758,13,29000,100,148.64,-40.584087
DQN,758,13,30000,100,139.52,-38.01325
DQN,758,13,31000,100,136.4,-36.814064
DQN,758,13,32000,100,136.52,-34.621735
DQN,758,13,33000,100,127.72,-31.7139
DQN,758,13,34000,100,128.04,-30.94649
DQN,758,13,35000,100,125.4,-28.676153
DQN,758,13,36000,100,127.84,-28.954302
DQN,758,13,37000,100,128.84,-27.993608
DQN,758,13,38000,100,128.56,-26.25961
DQN,758,13,39000,100,125.88,-25.051914
DQN,758,13,40000,100,125.2,-23.946602
DQN,758,13,41000,100,128.6,-23.465708
DQN,758,13,42000,100,131.4,-23.271067
DQN,758,13,43000,100,128.48,-21.836098
DQN,758,13,44000,100,136.04,-22.25149
DQN,758,13,45000,100,134.4,-21.179737
DQN,758,13,46000,100,115.88,-14.939074
DQN,758,13,47000,100,132.32,-19.075672
DQN,758,13,48000,100,148.44,-21.292988
DQN,758,13,49000,100,147.52,-20.72044
DQN,758,13,50000,100,144.44,-19.505804
DQN,758,13,51000,100,155.48,-20.312634
DQN,758,13,52000,100,175.4,-21.988867
DQN,758,13,53000,100,155.88,-19.144058
DQN,758,13,54000,100,172.64,-19.448542
DQN,758,13,55000,100,178.0,-21.065363
DQN,758,13,56000,100,180.68,-19.500204
DQN,758,13,57000,100,162.2,-15.670082
DQN,758,13,58000,100,188.68,-19.489758
DQN,758,13,59000,100,177.44,-18.265203
DQN,758,13,60000,100,174.04,-17.236025
DQN,758,13,61000,100,195.4,-19.174894
DQN,758,13,62000,100,164.24,-13.343402
DQN,758,13,63000,100,172.0,-14.299572
DQN,758,13,64000,100,156.16,-10.768272
DQN,758,13,65000,100,183.48,-15.337375
DQN,758,13,66000,100,209.48,-17.855095
DQN,758,13,67000,100,158.72,-8.90473
DQN,758,13,68000,100,277.88,-20.46575
DQN,758,13,69000,100,236.56,-18.807762
DQN,758,13,70000,100,243.2,-18.666128
DQN,758,13,71000,100,404.88,-22.70124
DQN,758,13,72000,100,338.88,-19.998177
DQN,758,13,73000,100,286.56,-16.928286
DQN,758,13,74000,100,209.0,-13.219787
DQN,758,13,75000,100,215.68,-13.409724
DQN,758,13,76000,100,240.84,-14.189685
DQN,758,13,77000,100,268.28,-15.299342
DQN,758,13,78000,100,336.76,-20.410683
DQN,758,13,79000,100,507.72,-22.497316
DQN,758,13,80000,100,505.68,-22.2556
DQN,758,13,81000,100,494.88,-21.993635
DQN,758,13,82000,100,596.48,-21.04673
DQN,758,13,83000,100,696.68,-20.626076
DQN,758,13,84000,100,572.4,-19.716764
DQN,758,13,85000,100,2386.76,-19.927422
DQN,758,13,86000,100,2890.04,-19.557566
DQN,758,13,87000,100,2566.64,-17.968191
DQN,758,13,88000,100,3000.0,-18.658325
DQN,758,13,89000,100,3000.0,-18.356348
DQN,758,13,90000,100,3000.0,-17.86398
DQN,758,13,91000,100,3000.0,-17.6365
DQN,758,13,92000,100,3000.0,-17.579992
DQN,758,13,93000,100,3000.0,-17.418276
DQN,758,13,94000,100,3000.0,-16.767986
DQN,758,13,95000,100,3000.0,-16.678762
DQN,758,13,96000,100,3000.0,-16.392323
DQN,758,13,97000,100,2312.36,-16.12248
DQN,758,13,98000,100,3000.0,-15.832826
DQN,758,13,99000,100,3000.0,-15.601733
DQN,758,13,100000,100,3000.0,-15.418471
DQN,758,14,1000,100,9.44,-9.00862
DQN,758,14,2000,100,16.2,-12.960419
DQN,758,14,3000,100,179.52,-74.67781
DQN,758,14,4000,100,543.48,-94.03309
DQN,758,14,5000,100,258.28,-85.47294
DQN,758,14,6000,100,170.48,-73.86736
DQN,758,14,7000,100,186.2,-73.68589
DQN,758,14,8000,100,190.52,-72.60141
DQN,758,14,9000,100,164.48,-68.2346
DQN,758,14,10000,100,172.8,-67.98685
DQN,758,14,11000,100,178.88,-67.1492
DQN,758,14,12000,100,180.08,-67.08596
DQN,758,14,13000,100,223.92,-70.50983
DQN,758,14,14000,100,202.04,-65.99179
DQN,758,14,15000,100,153.36,-55.873253
DQN,758,14,16000,100,190.68,-60.83835
DQN,758,14,17000,100,172.0,-56.445457
DQN,758,14,18000,100,185.32,-57.713448
DQN,758,14,19000,100,149.88,-49.732788
DQN,758,14,20000,100,287.16,-66.36048
DQN,758,14,21000,100,221.36,-62.21275
DQN,758,14,22000,100,197.04,-56.135395
DQN,758,14,23000,100,169.76,-52.40228
DQN,758,14,24000,100,249.6,-61.72143
DQN,758,14,25000,100,234.32,-59.3658
DQN,758,14,26000,100,173.12,-47.614822
DQN,758,14,27000,100,289.76,-59.083664
DQN,758,14,28000,100,358.64,-61.403717
DQN,758,14,29000,100,258.28,-51.769554
DQN,758,14,30000,100,232.56,-50.068897
DQN,758,14,31000,100,193.88,-46.379776
DQN,758,14,32000,100,256.76,-50.513817
DQN,758,14,33000,100,300.6,-52.146587
DQN,758,14,34000,100,265.92,-49.624912
DQN,758,14,35000,100,177.0,-40.469803
DQN,758,14,36000,100,127.76,-29.162857
DQN,758,14,37000,100,126.16,-27.834888
DQN,758,14,38000,100,120.68,-24.695616
DQN,758,14,39000,100,217.04,-39.834293
DQN,758,14,40000,100,270.64,-38.89685
DQN,758,14,41000,100,138.84,-26.417988
DQN,758,14,42000,100,134.28,-24.631882
DQN,758,14,43000,100,181.44,-32.94222
DQN,758,14,44000,100,121.0,-18.397812
DQN,758,14,45000,100,167.04,-28.834097
DQN,758,14,46000,100,212.44,-34.59995
DQN,758,14,47000,100,301.12,-39.61808
DQN,758,14,48000,100,167.16,-26.168724
DQN,758,14,49000,100,163.16,-24.724577
DQN,758,14,50000,100,146.28,-20.755363
DQN,758,14,51000,100,177.04,-24.83474
DQN,758,14,52000,100,185.32,-25.623589
DQN,758,14,53000,100,267.64,-32.85973
DQN,758,14,54000,100,219.28,-27.442833
DQN,758,14,55000,100,234.88,-28.45854
DQN,758,14,56000,100,374.76,-36.68507
DQN,758,14,57000,100,160.52,-17.73634
DQN,758,14,58000,100,156.68,-17.022097
DQN,758,14,59000,100,155.72,-15.843596
DQN,758,14,60000,100,196.12,-21.070457
DQN,758,14,61000,100,167.0,-16.383919
DQN,758,14,62000,100,157.12,-13.956618
DQN,758,14,63000,100,161.52,-13.840567
DQN,758,14,64000,100,146.64,-9.560814
DQN,758,14,65000,100,162.32,-12.289035
DQN,758,14,66000,100,160.16,-10.462249
DQN,758,14,67000,100,157.76,-9.18985
DQN,758,14,68000,100,156.32,-8.036999
DQN,758,14,69000,100,151.84,-6.0850353
DQN,758,14,70000,100,218.52,-13.861851
DQN,758,14,71000,100,166.36,-7.60817
DQN,758,14,72000,100,320.48,-21.254986
DQN,758,14,73000,100,356.28,-21.563316
DQN,758,14,74000,100,355.64,-20.444883
DQN,758,14,75000,100,356.68,-19.399199
DQN,758,14,76000,100,379.84,-19.17045
DQN,758,14,77000,100,359.76,-18.077732
DQN,758,14,78000,100,365.0,-17.759962
DQN,758,14,79000,100,368.76,-16.488737
DQN,758,14,80000,100,386.88,-16.63148
DQN,758,14,81000,100,376.0,-15.576968
DQN,758,14,82000,100,308.28,-12.654208
DQN,758,14,83000,100,405.4,-14.929818
DQN,758,14,84000,100,374.88,-14.168264
DQN,758,14,85000,100,436.0,-14.171312
DQN,758,14,86000,100,474.24,-14.429721
DQN,758,14,87000,100,637.52,-14.592548
DQN,758,14,88000,100,690.4,-14.2127075
DQN,758,14,89000,100,528.16,-12.93345
DQN,758,14,90000,100,665.24,-13.094006
DQN,758,14,91000,100,474.88,-11.7187195
DQN,758,14,92000,100,486.48,-11.380906
DQN,758,14,93000,100,486.6,-10.830453
DQN,758,14,94000,100,648.8,-11.2613945
DQN,758,14,95000,100,744.44,-10.687815
DQN,758,14,96000,100,760.92,-10.828159
DQN,758,14,97000,100,535.28,-9.317013
DQN,758,14,98000,100,1372.44,-9.614708
DQN,758,14,99000,100,1124.36,-9.659972
DQN,758,14,100000,100,1359.8,-9.582259
DQN,758,15,1000,100,9.28,-8.852837
DQN,758,15,2000,100,9.48,-7.0334315
DQN,758,15,3000,100,78.24,-50.339027
DQN,758,15,4000,100,166.2,-74.449036
DQN,758,15,5000,100,133.48,-66.61532
DQN,758,15,6000,100,154.48,-69.2642
DQN,758,15,7000,100,150.0,-67.49217
DQN,758,15,8000,100,140.28,-64.02233
DQN,758,15,9000,100,141.6,-63.511562
DQN,758,15,10000,100,149.68,-63.243637
DQN,758,15,11000,100,157.84,-64.16065
DQN,758,15,12000,100,157.72,-62.940872
DQN,758,15,13000,100,162.76,-61.95055
DQN,758,15,14000,100,175.56,-63.153
DQN,758,15,15000,100,177.88,-61.89745
DQN,758,15,16000,100,152.44,-55.52726
DQN,758,15,17000,100,193.32,-60.841442
DQN,758,15,18000,100,148.28,-53.439743
DQN,758,15,19000,100,150.28,-52.134693
DQN,758,15,20000,100,146.84,-50.58049
DQN,758,15,21000,100,143.52,-48.920303
DQN,758,15,22000,100,136.24,-45.57718
DQN,758,15,23000,100,249.84,-60.694427
DQN,758,15,24000,100,217.8,-56.063175
DQN,758,15,25000,100,155.56,-47.537735
DQN,758,15,26000,100,140.04,-42.080967
DQN,758,15,27000,100,147.4,-42.961063
DQN,758,15,28000,100,138.12,-40.030746
DQN,758,15,29000,100,132.72,-37.133102
DQN,758,15,30000,100,134.16,-36.844467
DQN,758,15,31000,100,165.48,-42.332745
DQN,758,15,32000,100,158.32,-40.16719
DQN,758,15,33000,100,162.08,-39.323048
DQN,758,15,34000,100,129.4,-31.957832
DQN,758,15,35000,100,164.0,-34.932884
DQN,758,15,36000,100,185.48,-40.665977
DQN,758,15,37000,100,169.04,-37.157425
DQN,758,15,38000,100,181.76,-36.96284
DQN,758,15,39000,100,245.04,-42.92195
DQN,758,15,40000,100,151.76,-30.357037
DQN,758,15,41000,100,161.16,-29.693714
DQN,758,15,42000,100,174.76,-32.51597
DQN,758,15,43000,100,204.64,-35.424294
DQN,758,15,44000,100,186.28,-31.533709
DQN,758,15,45000,100,176.04,-29.894371
DQN,758,15,46000,100,140.4,-22.65469
DQN,758,15,47000,100,176.84,-27.985703
DQN,758,15,48000,100,145.0,-21.386934
DQN,758,15,49000,100,161.68,-24.478561
DQN,758,15,50000,100,155.88,-22.37232
DQN,758,15,51000,100,202.52,-26.656973
DQN,758,15,52000,100,173.64,-23.762522
DQN,758,15,53000,100,147.12,-18.192497
DQN,758,15,54000,100,145.44,-16.461002
DQN,758,15,55000,100,137.68,-14.260689
DQN,758,15,56000,100,153.28,-15.679529
DQN,758,15,57000,100,133.48,-11.402217
DQN,758,15,58000,100,146.4,-13.771227
DQN,758,15,59000,100,152.84,-14.092246
DQN,758,15,60000,100,157.52,-14.234672
DQN,758,15,61000,100,148.32,-11.965392
DQN,758,15,62000,100,134.24,-8.70792
DQN,758,15,63000,100,135.64,-7.750796
DQN,758,15,64000,100,131.6,-6.1923037
DQN,758,15,65000,100,132.72,-5.9017525
DQN,758,15,66000,100,140.0,-6.530897
DQN,758,15,67000,100,131.88,-4.0997267
DQN,758,15,68000,100,132.56,-3.7796195
DQN,758,15,69000,100,132.12,-1.9650824
DQN,758,15,70000,100,125.32,0.9077982
DQN,758,15,71000,100,134.56,-1.2096734
DQN,758,15,72000,100,132.8,-0.22955719
DQN,758,15,73000,100,124.88,3.3747635
DQN,758,15,74000,100,133.04,1.6447924
DQN,758,15,75000,100,147.12,-1.2596903
DQN,758,15,76000,100,133.4,3.7871976
DQN,758,15,77000,100,147.52,0.9165985
DQN,758,15,78000,100,150.12,1.1657101
DQN,758,15,79000,100,143.48,3.8553925
DQN,758,15,80000,100,155.6,1.9502411
DQN,758,15,81000,100,140.08,6.086828
DQN,758,15,82000,100,366.12,-13.556244
DQN,758,15,83000,100,180.44,2.565848
DQN,758,15,84000,100,376.2,-13.612214
DQN,758,15,85000,100,155.92,6.500861
DQN,758,15,86000,100,425.16,-12.581234
DQN,758,15,87000,100,475.92,-11.967166
DQN,758,15,88000,100,725.04,-11.735827
DQN,758,15,89000,100,611.2,-11.136496
DQN,758,15,90000,100,2014.68,-11.056126
DQN,758,15,91000,100,2332.36,-10.134538
DQN,758,15,92000,100,1969.16,-9.910559
DQN,758,15,93000,100,835.16,-9.472679
DQN,758,15,94000,100,3000.0,-9.253426
DQN,758,15,95000,100,2144.68,-8.740299
DQN,758,15,96000,100,3000.0,-8.470022
DQN,758,15,97000,100,3000.0,-8.454358
DQN,758,15,98000,100,3000.0,-8.34277
DQN,758,15,99000,100,3000.0,-7.82443
DQN,758,15,100000,100,3000.0,-7.787495
DQN,758,16,1000,100,9.44,-9.077558
DQN,758,16,2000,100,74.6,-48.503136
DQN,758,16,3000,100,96.24,-56.8708
DQN,758,16,4000,100,245.96,-85.24181
DQN,758,16,5000,100,205.84,-80.22626
DQN,758,16,6000,100,176.72,-74.67454
DQN,758,16,7000,100,160.2,-69.89999
DQN,758,16,8000,100,164.2,-68.70174
DQN,758,16,9000,100,170.2,-69.14433
DQN,758,16,10000,100,192.92,-68.35532
DQN,758,16,11000,100,197.6,-70.20527
DQN,758,16,12000,100,214.64,-70.8709
DQN,758,16,13000,100,243.92,-72.63385
DQN,758,16,14000,100,288.88,-74.72549
DQN,758,16,15000,100,325.8,-76.62114
DQN,758,16,16000,100,387.84,-76.90079
DQN,758,16,17000,100,1474.32,-74.33982
DQN,758,16,18000,100,152.68,-55.40424
DQN,758,16,19000,100,150.68,-53.136387
DQN,758,16,20000,100,148.12,-51.548393
DQN,758,16,21000,100,155.96,-52.28305
DQN,758,16,22000,100,132.04,-45.223732
DQN,758,16,23000,100,137.64,-45.68831
DQN,758,16,24000,100,132.16,-43.406944
DQN,758,16,25000,100,132.52,-42.670853
DQN,758,16,26000,100,150.72,-45.40797
DQN,758,16,27000,100,135.92,-41.290295
DQN,758,16,28000,100,146.4,-41.639404
DQN,758,16,29000,100,143.04,-39.75426
DQN,758,16,30000,100,198.52,-43.554672
DQN,758,16,31000,100,230.36,-49.841503
DQN,758,16,32000,100,162.08,-38.34011
DQN,758,16,33000,100,158.76,-38.274925
DQN,758,16,34000,100,145.16,-36.283615
DQN,758,16,35000,100,121.76,-28.5489
DQN,758,16,36000,100,116.64,-26.352333
DQN,758,16,37000,100,135.64,-30.566156
DQN,758,16,38000,100,117.88,-24.189148
DQN,758,16,39000,100,128.44,-26.55819
DQN,758,16,40000,100,126.16,-25.172861
DQN,758,16,41000,100,163.36,-31.380024
DQN,758,16,42000,100,151.12,-28.868628
DQN,758,16,43000,100,149.28,-28.534155
DQN,758,16,44000,100,147.2,-26.78778
DQN,758,16,45000,100,161.48,-28.84366
DQN,758,16,46000,100,169.44,-29.359907
DQN,758,16,47000,100,135.04,-20.156876
DQN,758,16,48000,100,140.56,-21.525457
DQN,758,16,49000,100,161.0,-25.077635
DQN,758,16,50000,100,153.64,-22.678406
DQN,758,16,51000,100,141.92,-19.083336
DQN,758,16,52000,100,155.04,-19.9558
DQN,758,16,53000,100,136.76,-16.633957
DQN,758,16,54000,100,146.16,-17.399534
DQN,758,16,55000,100,138.88,-15.138734
DQN,758,16,56000,100,136.48,-13.560465
DQN,758,16,57000,100,125.48,-9.675723
DQN,758,16,58000,100,126.96,-9.37827
DQN,758,16,59000,100,125.28,-8.6621275
DQN,758,16,60000,100,135.88,-10.2266445
DQN,758,16,61000,100,138.16,-10.372715
DQN,758,16,62000,100,134.96,-9.128801
DQN,758,16,63000,100,130.32,-6.673308
DQN,758,16,64000,100,124.72,-4.4742546
DQN,758,16,65000,100,147.36,-9.771633
DQN,758,16,66000,100,143.36,-7.7731133
DQN,758,16,67000,100,143.16,-7.1462574
DQN,758,16,68000,100,148.08,-7.62464
DQN,758,16,69000,100,140.56,-4.303931
DQN,758,16,70000,100,147.64,-5.833389
DQN,758,16,71000,100,149.68,-5.6307054
DQN,758,16,72000,100,279.56,-9.269695
DQN,758,16,73000,100,157.36,-5.4222927
DQN,758,16,74000,100,227.2,-11.27062
DQN,758,16,75000,100,498.64,-20.657146
DQN,758,16,76000,100,235.08,-4.8855886
DQN,758,16,77000,100,842.2,-7.65995
DQN,758,16,78000,100,2428.48,-17.457872
DQN,758,16,79000,100,3000.0,-20.821728
DQN,758,16,80000,100,3000.0,-20.27194
DQN,758,16,81000,100,3000.0,-19.675879
DQN,758,16,82000,100,3000.0,-19.125488
DQN,758,16,83000,100,3000.0,-18.668457
DQN,758,16,84000,100,3000.0,-18.183376
DQN,758,16,85000,100,3000.0,-17.216192
DQN,758,16,86000,100,3000.0,-16.355019
DQN,758,16,87000,100,3000.0,-15.910586
DQN,758,16,88000,100,3000.0,-15.182213
DQN,758,16,89000,100,3000.0,-14.687281
DQN,758,16,90000,100,3000.0,-14.335088
DQN,758,16,91000,100,669.48,-13.2834835
DQN,758,16,92000,100,1606.68,-12.967615
DQN,758,16,93000,100,3000.0,-12.468633
DQN,758,16,94000,100,3000.0,-11.690133
DQN,758,16,95000,100,3000.0,-11.033809
DQN,758,16,96000,100,3000.0,-10.894876
DQN,758,16,97000,100,3000.0,-9.932941
DQN,758,16,98000,100,3000.0,-9.610618
DQN,758,16,99000,100,3000.0,-9.3942795
DQN,758,16,100000,100,3000.0,-9.0090475
DQN,758,17,1000,100,9.28,-8.903303
DQN,758,17,2000,100,12.4,-9.699691
DQN,758,17,3000,100,48.16,-34.003395
DQN,758,17,4000,100,176.84,-75.55725
DQN,758,17,5000,100,156.4,-70.20338
DQN,758,17,6000,100,152.36,-69.56903
DQN,758,17,7000,100,185.32,-73.98252
DQN,758,17,8000,100,189.64,-72.42541
DQN,758,17,9000,100,178.36,-70.74911
DQN,758,17,10000,100,212.8,-71.631775
DQN,758,17,11000,100,210.28,-72.60663
DQN,758,17,12000,100,213.12,-71.88882
DQN,758,17,13000,100,200.2,-68.53187
DQN,758,17,14000,100,199.36,-67.45239
DQN,758,17,15000,100,186.12,-64.896
DQN,758,17,16000,100,250.52,-70.39566
DQN,758,17,17000,100,273.24,-71.03184
DQN,758,17,18000,100,241.52,-67.81802
DQN,758,17,19000,100,298.44,-69.25212
DQN,758,17,20000,100,696.24,-72.371765
DQN,758,17,21000,100,152.28,-51.652164
DQN,758,17,22000,100,146.04,-48.43794
DQN,758,17,23000,100,135.64,-45.028526
DQN,758,17,24000,100,135.68,-44.00889
DQN,758,17,25000,100,118.24,-38.199905
DQN,758,17,26000,100,170.64,-46.676807
DQN,758,17,27000,100,172.0,-46.227184
DQN,758,17,28000,100,195.88,-48.350952
DQN,758,17,29000,100,135.96,-38.501392
DQN,758,17,30000,100,144.36,-39.877525
DQN,758,17,31000,100,141.0,-37.764038
DQN,758,17,32000,100,206.0,-44.642006
DQN,758,17,33000,100,120.04,-29.855785
DQN,758,17,34000,100,107.52,-25.162046
DQN,758,17,35000,100,114.4,-25.984245
DQN,758,17,36000,100,110.52,-23.96319
DQN,758,17,37000,100,107.4,-22.307785
DQN,758,17,38000,100,111.52,-22.060509
DQN,758,17,39000,100,109.16,-20.869392
DQN,758,17,40000,100,114.52,-21.952974
DQN,758,17,41000,100,135.2,-24.214527
DQN,758,17,42000,100,124.0,-22.701475
DQN,758,17,43000,100,130.8,-22.719267
DQN,758,17,44000,100,137.96,-23.08485
DQN,758,17,45000,100,121.4,-19.011467
DQN,758,17,46000,100,169.16,-25.799965
DQN,758,17,47000,100,172.6,-23.969685
DQN,758,17,48000,100,183.76,-26.667736
DQN,758,17,49000,100,155.92,-22.153591
DQN,758,17,50000,100,215.28,-29.216738
DQN,758,17,51000,100,130.84,-16.429913
DQN,758,17,52000,100,149.92,-19.753036
DQN,758,17,53000,100,144.52,-18.630238
DQN,758,17,54000,100,159.72,-20.048426
DQN,758,17,55000,100,159.92,-20.682562
DQN,758,17,56000,100,153.12,-18.5668
DQN,758,17,57000,100,161.52,-18.979837
DQN,758,17,58000,100,163.0,-18.700825
DQN,758,17,59000,100,170.28,-19.206976
DQN,758,17,60000,100,174.4,-18.272923
DQN,758,17,61000,100,166.84,-16.740301
DQN,758,17,62000,100,161.04,-14.455614
DQN,758,17,63000,100,158.8,-13.5201
DQN,758,17,64000,100,159.68,-13.218702
DQN,758,17,65000,100,165.56,-13.881867
DQN,758,17,66000,100,163.96,-12.38001
DQN,758,17,67000,100,156.12,-10.500874
DQN,758,17,68000,100,151.64,-9.048173
DQN,758,17,69000,100,132.92,-2.0266988
DQN,758,17,70000,100,161.2,-7.2146373
DQN,758,17,71000,100,206.48,-12.710623
DQN,758,17,72000,100,171.44,-6.187583
DQN,758,17,73000,100,129.56,1.0333359
DQN,758,17,74000,100,169.56,-7.8453374
DQN,758,17,75000,100,127.64,2.4251876
DQN,758,17,76000,100,147.68,-2.5980299
DQN,758,17,77000,100,151.88,-2.377288
DQN,758,17,78000,100,167.04,-5.446249
DQN,758,17,79000,100,226.16,-12.8119755
DQN,758,17,80000,100,219.36,-12.051161
DQN,758,17,81000,100,251.2,-14.6265335
DQN,758,17,82000,100,247.6,-13.666959
DQN,758,17,83000,100,256.96,-14.022175
DQN,758,17,84000,100,279.24,-15.204786
DQN,758,17,85000,100,245.08,-12.335911
DQN,758,17,86000,100,261.84,-13.214513
DQN,758,17,87000,100,199.8,-6.202046
DQN,758,17,88000,100,185.52,-4.00212
DQN,758,17,89000,100,261.32,-12.215224
DQN,758,17,90000,100,249.96,-11.123407
DQN,758,17,91000,100,239.04,-9.337661
DQN,758,17,92000,100,229.56,-8.011157
DQN,758,17,93000,100,225.04,-7.380687
DQN,758,17,94000,100,274.0,-10.934486
DQN,758,17,95000,100,247.52,-8.983971
DQN,758,17,96000,100,253.04,-8.849683
DQN,758,17,97000,100,272.48,-9.70808
DQN,758,17,98000,100,272.92,-9.171852
DQN,758,17,99000,100,289.68,-9.949238
DQN,758,17,100000,100,296.32,-9.828504
DQN,758,18,1000,100,9.28,-8.845558
DQN,758,18,2000,100,10.32,-7.77354
DQN,758,18,3000,100,44.24,-32.77367
DQN,758,18,4000,100,232.76,-84.34988
DQN,758,18,5000,100,237.2,-83.21108
DQN,758,18,6000,100,210.16,-79.258385
DQN,758,18,7000,100,174.68,-72.38767
DQN,758,18,8000,100,153.24,-67.26059
DQN,758,18,9000,100,161.8,-67.92335
DQN,758,18,10000,100,127.6,-57.975693
DQN,758,18,11000,100,142.32,-59.7651
DQN,758,18,12000,100,139.44,-58.669083
DQN,758,18,13000,100,148.8,-57.76775
DQN,758,18,14000,100,152.52,-58.986217
DQN,758,18,15000,100,134.88,-54.597713
DQN,758,18,16000,100,138.96,-53.992626
DQN,758,18,17000,100,397.32,-75.32721
DQN,758,18,18000,100,280.92,-68.34601
DQN,758,18,19000,100,281.48,-66.18631
DQN,758,18,20000,100,207.48,-58.839985
DQN,758,18,21000,100,195.6,-57.06482
DQN,758,18,22000,100,102.16,-35.569256
DQN,758,18,23000,100,127.12,-42.30062
DQN,758,18,24000,100,120.68,-39.36603
DQN,758,18,25000,100,123.52,-39.50547
DQN,758,18,26000,100,140.8,-40.825775
DQN,758,18,27000,100,133.68,-38.79011
DQN,758,18,28000,100,133.52,-38.290836
DQN,758,18,29000,100,146.8,-37.58203
DQN,758,18,30000,100,148.0,-39.1253
DQN,758,18,31000,100,1188.12,-48.60857
DQN,758,18,32000,100,169.68,-37.42143
DQN,758,18,33000,100,197.6,-42.930138
DQN,758,18,34000,100,188.76,-39.904884
DQN,758,18,35000,100,194.32,-40.072086
DQN,758,18,36000,100,160.2,-33.513885
DQN,758,18,37000,100,150.72,-31.73161
DQN,758,18,38000,100,173.84,-33.53164
DQN,758,18,39000,100,143.08,-28.060175
DQN,758,18,40000,100,204.08,-36.49908
DQN,758,18,41000,100,173.68,-30.52777
DQN,758,18,42000,100,209.88,-35.63675
DQN,758,18,43000,100,155.0,-28.04887
DQN,758,18,44000,100,170.24,-29.56143
DQN,758,18,45000,100,241.64,-37.08232
DQN,758,18,46000,100,143.44,-22.742285
DQN,758,18,47000,100,152.48,-24.151533
DQN,758,18,48000,100,211.08,-32.591366
DQN,758,18,49000,100,173.76,-26.673094
DQN,758,18,50000,100,234.12,-33.336098
DQN,758,18,51000,100,252.32,-33.078358
DQN,758,18,52000,100,185.92,-25.669378
DQN,758,18,53000,100,204.16,-27.366798
DQN,758,18,54000,100,227.8,-28.932121
DQN,758,18,55000,100,197.32,-24.665195
DQN,758,18,56000,100,220.48,-27.104185
DQN,758,18,57000,100,141.04,-12.5527725
DQN,758,18,58000,100,226.8,-24.434467
DQN,758,18,59000,100,195.6,-21.65787
DQN,758,18,60000,100,201.0,-21.857874
DQN,758,18,61000,100,172.12,-15.647648
DQN,758,18,62000,100,173.0,-16.181896
DQN,758,18,63000,100,131.56,-7.9149456
DQN,758,18,64000,100,223.6,-22.467695
DQN,758,18,65000,100,189.68,-16.196012
DQN,758,18,66000,100,139.84,-7.7410297
DQN,758,18,67000,100,140.24,-7.2699876
DQN,758,18,68000,100,145.24,-8.015514
DQN,758,18,69000,100,156.32,-9.193175
DQN,758,18,70000,100,148.88,-7.803998
DQN,758,18,71000,100,150.16,-7.5544257
DQN,758,18,72000,100,140.12,-5.1389465
DQN,758,18,73000,100,151.84,-6.8368516
DQN,758,18,74000,100,150.52,-5.9751368
DQN,758,18,75000,100,162.8,-7.907869
DQN,758,18,76000,100,149.24,-4.1038194
DQN,758,18,77000,100,161.6,-6.2054677
DQN,758,18,78000,100,142.64,-1.4443097
DQN,758,18,79000,100,161.36,-4.472451
DQN,758,18,80000,100,148.72,-1.0879861
DQN,758,18,81000,100,151.76,-0.9076889
DQN,758,18,82000,100,152.52,-0.15128021
DQN,758,18,83000,100,146.64,2.082479
DQN,758,18,84000,100,150.6,2.0084372
DQN,758,18,85000,100,159.2,1.250411
DQN,758,18,86000,100,177.0,-1.5275354
DQN,758,18,87000,100,165.56,0.8820386
DQN,758,18,88000,100,322.44,-10.385892
DQN,758,18,89000,100,360.44,-13.43179
DQN,758,18,90000,100,349.72,-12.728525
DQN,758,18,91000,100,362.84,-12.363591
DQN,758,18,92000,100,331.64,-10.914938
DQN,758,18,93000,100,333.2,-10.247725
DQN,758,18,94000,100,341.64,-9.645657
DQN,758,18,95000,100,317.08,-7.7878957
DQN,758,18,96000,100,309.96,-7.2402916
DQN,758,18,97000,100,3000.0,-10.733167
DQN,758,18,98000,100,3000.0,-9.551716
DQN,758,18,99000,100,3000.0,-8.926447
DQN,758,18,100000,100,860.04,-8.654328
DQN,758,19,1000,100,26.44,-23.165796
DQN,758,19,2000,100,11.76,-9.060461
DQN,758,19,3000,100,161.6,-65.08345
DQN,758,19,4000,100,376.6,-91.37186
DQN,758,19,5000,100,248.96,-83.367676
DQN,758,19,6000,100,216.4,-80.28333
DQN,758,19,7000,100,206.96,-77.00521
DQN,758,19,8000,100,187.72,-73.54922
DQN,758,19,9000,100,161.04,-67.560104
DQN,758,19,10000,100,160.24,-64.52192
DQN,758,19,11000,100,162.76,-64.61125
DQN,758,19,12000,100,166.84,-64.559784
DQN,758,19,13000,100,167.4,-62.542984
DQN,758,19,14000,100,195.0,-66.35176
DQN,758,19,15000,100,192.92,-64.26436
DQN,758,19,16000,100,164.88,-59.08152
DQN,758,19,17000,100,154.44,-56.240147
DQN,758,19,18000,100,147.8,-54.045944
DQN,758,19,19000,100,137.04,-49.656815
DQN,758,19,20000,100,142.48,-50.231777
DQN,758,19,21000,100,140.48,-48.947628
DQN,758,19,22000,100,110.0,-38.639465
DQN,758,19,23000,100,115.2,-39.450626
DQN,758,19,24000,100,115.88,-38.886196
DQN,758,19,25000,100,146.6,-46.083107
DQN,758,19,26000,100,138.84,-42.92991
DQN,758,19,27000,100,165.12,-45.77827
DQN,758,19,28000,100,194.96,-51.517532
DQN,758,19,29000,100,183.6,-47.266083
DQN,758,19,30000,100,125.28,-35.545364
DQN,758,19,31000,100,190.8,-46.15752
DQN,758,19,32000,100,121.12,-32.519657
DQN,758,19,33000,100,120.96,-31.067297
DQN,758,19,34000,100,122.48,-31.006165
DQN,758,19,35000,100,118.52,-27.725391
DQN,758,19,36000,100,168.84,-38.06389
DQN,758,19,37000,100,124.24,-27.890226
DQN,758,19,38000,100,259.72,-45.152706
DQN,758,19,39000,100,122.36,-25.218643
DQN,758,19,40000,100,215.48,-39.157745
DQN,758,19,41000,100,158.2,-28.97217
DQN,758,19,42000,100,286.96,-31.001013
DQN,758,19,43000,100,126.04,-21.990845
DQN,758,19,44000,100,368.8,-45.852264
DQN,758,19,45000,100,207.48,-34.403297
DQN,758,19,46000,100,457.88,-44.768314
DQN,758,19,47000,100,245.84,-33.313892
DQN,758,19,48000,100,219.32,-32.757534
DQN,758,19,49000,100,126.2,-16.586126
DQN,758,19,50000,100,186.32,-27.850567
DQN,758,19,51000,100,135.04,-16.713062
DQN,758,19,52000,100,121.76,-12.080514
DQN,758,19,53000,100,136.4,-15.31786
DQN,758,19,54000,100,150.0,-17.714209
DQN,758,19,55000,100,136.4,-13.743848
DQN,758,19,56000,100,137.88,-13.588728
DQN,758,19,57000,100,166.84,-18.793861
DQN,758,19,58000,100,160.24,-16.796465
DQN,758,19,59000,100,134.72,-10.34743
DQN,758,19,60000,100,162.68,-15.363312
DQN,758,19,61000,100,138.96,-9.506442
DQN,758,19,62000,100,148.04,-11.028123
DQN,758,19,63000,100,132.44,-5.8623238
DQN,758,19,64000,100,127.64,-4.3669643
DQN,758,19,65000,100,125.04,-2.84241
DQN,758,19,66000,100,136.56,-4.583328
DQN,758,19,67000,100,124.04,-0.15215057
DQN,758,19,68000,100,128.2,-0.92705137
DQN,758,19,69000,100,135.04,-1.6225388
DQN,758,19,70000,100,131.68,0.41934234
DQN,758,19,71000,100,130.2,1.4781705
DQN,758,19,72000,100,137.44,0.15933533
DQN,758,19,73000,100,133.88,2.1819446
DQN,758,19,74000,100,138.0,2.0229352
DQN,758,19,75000,100,163.32,-3.1817074
DQN,758,19,76000,100,182.96,-4.918924
DQN,758,19,77000,100,157.16,-0.78441954
DQN,758,19,78000,100,136.32,4.4887867
DQN,758,19,79000,100,477.84,-12.259996
DQN,758,19,80000,100,335.76,-8.877081
DQN,758,19,81000,100,165.0,0.11197326
DQN,758,19,82000,100,212.36,-6.0547
DQN,758,19,83000,100,183.2,-1.7128155
DQN,758,19,84000,100,178.76,-0.8698178
DQN,758,19,85000,100,172.0,1.4704727
DQN,758,19,86000,100,188.48,-0.8197171
DQN,758,19,87000,100,203.24,-2.06866
DQN,758,19,88000,100,1145.08,-9.466706
DQN,758,19,89000,100,3000.0,-14.0858345
DQN,758,19,90000,100,3000.0,-13.562756
DQN,758,19,91000,100,3000.0,-12.958772
DQN,758,19,92000,100,3000.0,-12.486019
DQN,758,19,93000,100,3000.0,-12.204416
DQN,758,19,94000,100,3000.0,-11.661158
DQN,758,19,95000,100,3000.0,-10.931099
DQN,758,19,96000,100,3000.0,-10.380723
DQN,758,19,97000,100,3000.0,-10.0049715
DQN,758,19,98000,100,3000.0,-9.313677
DQN,758,19,99000,100,3000.0,-8.955578
DQN,758,19,100000,100,3000.0,-8.8008
DDQN,50,10,1000,100,9.44,-9.032413
DDQN,50,10,2000,100,137.52,-54.949898
DDQN,50,10,3000,100,157.16,-39.60796
DDQN,50,10,4000,100,228.56,-28.204372
DDQN,50,10,5000,100,203.64,-4.0985994
DDQN,50,10,6000,100,190.48,23.681513
DDQN,50,10,7000,100,174.52,55.119484
DDQN,50,10,8000,100,173.76,88.30883
DDQN,50,10,9000,100,195.68,123.883766
DDQN,50,10,10000,100,189.16,171.01909
DDQN,50,10,11000,100,195.28,225.35422
DDQN,50,10,12000,100,208.84,287.17267
DDQN,50,10,13000,100,198.16,356.6417
DDQN,50,10,14000,100,211.88,429.80884
DDQN,50,10,15000,100,234.96,511.14124
DDQN,50,10,16000,100,226.64,583.6243
DDQN,50,10,17000,100,232.24,664.3286
DDQN,50,10,18000,100,219.6,755.9819
DDQN,50,10,19000,100,236.68,829.5188
DDQN,50,10,20000,100,227.64,910.00806
DDQN,50,10,21000,100,231.92,983.05615
DDQN,50,10,22000,100,265.32,1057.2817
DDQN,50,10,23000,100,245.92,1130.5885
DDQN,50,10,24000,100,236.96,1187.8618
DDQN,50,10,25000,100,255.52,1237.0261
DDQN,50,10,26000,100,253.64,1294.2142
DDQN,50,10,27000,100,257.48,1341.1519
DDQN,50,10,28000,100,264.32,1387.2957
DDQN,50,10,29000,100,259.44,1424.2501
DDQN,50,10,30000,100,252.52,1440.0337
DDQN,50,10,31000,100,252.36,1454.3002
DDQN,50,10,32000,100,248.6,1460.586
DDQN,50,10,33000,100,250.16,1442.6641
DDQN,50,10,34000,100,240.08,1403.3309
DDQN,50,10,35000,100,250.6,1370.5519
DDQN,50,10,36000,100,240.8,1323.361
DDQN,50,10,37000,100,224.0,1279.2068
DDQN,50,10,38000,100,213.04,1205.0217
DDQN,50,10,39000,100,198.44,1127.6667
DDQN,50,10,40000,100,198.36,1059.722
DDQN,50,10,41000,100,191.88,1000.66345
DDQN,50,10,42000,100,193.64,948.4246
DDQN,50,10,43000,100,173.96,903.51514
DDQN,50,10,44000,100,158.4,840.1943
DDQN,50,10,45000,100,152.64,776.4914
DDQN,50,10,46000,100,154.72,708.49255
DDQN,50,10,47000,100,149.6,643.67706
DDQN,50,10,48000,100,172.96,585.9202
DDQN,50,10,49000,100,154.24,531.46643
DDQN,50,10,50000,100,299.32,467.10263
DDQN,50,10,51000,100,145.12,481.04745
DDQN,50,10,52000,100,131.64,549.39844
DDQN,50,10,53000,100,129.84,608.9309
DDQN,50,10,54000,100,123.84,645.7195
DDQN,50,10,55000,100,120.8,666.4986
DDQN,50,10,56000,100,129.0,662.5107
DDQN,50,10,57000,100,147.76,650.9938
DDQN,50,10,58000,100,255.8,605.8425
DDQN,50,10,59000,100,163.56,585.682
DDQN,50,10,60000,100,170.12,558.2562
DDQN,50,10,61000,100,223.88,516.55444
DDQN,50,10,62000,100,308.16,469.26404
DDQN,50,10,63000,100,235.12,429.73273
DDQN,50,10,64000,100,258.68,378.87656
DDQN,50,10,65000,100,370.4,326.2299
DDQN,50,10,66000,100,1084.4,279.82144
DDQN,50,10,67000,100,2652.56,244.61182
DDQN,50,10,68000,100,3000.0,220.24582
DDQN,50,10,69000,100,3000.0,201.62666
DDQN,50,10,70000,100,3000.0,188.95816
DDQN,50,10,71000,100,3000.0,175.39622
DDQN,50,10,72000,100,3000.0,160.95004
DDQN,50,10,73000,100,3000.0,146.49443
DDQN,50,10,74000,100,3000.0,134.92125
DDQN,50,10,75000,100,3000.0,117.107185
DDQN,50,10,76000,100,3000.0,102.12555
DDQN,50,10,77000,100,3000.0,91.43788
DDQN,50,10,78000,100,3000.0,82.35923
DDQN,50,10,79000,100,3000.0,73.07591
DDQN,50,10,80000,100,3000.0,67.42555
DDQN,50,10,81000,100,3000.0,64.13101
DDQN,50,10,82000,100,3000.0,60.393383
DDQN,50,10,83000,100,3000.0,57.239777
DDQN,50,10,84000,100,3000.0,53.97808
DDQN,50,10,85000,100,3000.0,51.15768
DDQN,50,10,86000,100,3000.0,48.34047
DDQN,50,10,87000,100,2693.24,45.933155
DDQN,50,10,88000,100,3000.0,41.6943
DDQN,50,10,89000,100,3000.0,39.5728
DDQN,50,10,90000,100,119.64,68.34965
DDQN,50,10,91000,100,2445.96,42.009403
DDQN,50,10,92000,100,2750.8,53.461205
DDQN,50,10,93000,100,133.88,90.56857
DDQN,50,10,94000,100,3000.0,68.04196
DDQN,50,10,95000,100,203.32,88.551414
DDQN,50,10,96000,100,3000.0,74.452934
DDQN,50,10,97000,100,334.88,72.36638
DDQN,50,10,98000,100,1393.84,62.917206
DDQN,50,10,99000,100,3000.0,55.516064
DDQN,50,10,100000,100,3000.0,51.988823
DDQN,50,11,1000,100,9.28,-8.900425
DDQN,50,11,2000,100,233.52,-71.83672
DDQN,50,11,3000,100,308.28,-53.64596
DDQN,50,11,4000,100,207.24,-28.26989
DDQN,50,11,5000,100,192.64,-1.3353598
DDQN,50,11,6000,100,167.88,33.50526
DDQN,50,11,7000,100,175.88,71.84075
DDQN,50,11,8000,100,189.72,117.25866
DDQN,50,11,9000,100,183.48,170.54616
DDQN,50,11,10000,100,187.24,229.61691
DDQN,50,11,11000,100,187.6,301.4037
DDQN,50,11,12000,100,181.16,383.23065
DDQN,50,11,13000,100,190.92,467.45755
DDQN,50,11,14000,100,187.56,565.88654
DDQN,50,11,15000,100,186.8,661.37427
DDQN,50,11,16000,100,186.36,763.39484
DDQN,50,11,17000,100,189.96,885.6633
DDQN,50,11,18000,100,190.24,994.97925
DDQN,50,11,19000,100,189.8,1117.4335
DDQN,50,11,20000,100,193.44,1254.4192
DDQN,50,11,21000,100,201.16,1378.6278
DDQN,50,11,22000,100,201.36,1523.6183
DDQN,50,11,23000,100,208.24,1655.9855
DDQN,50,11,24000,100,215.36,1770.8605
DDQN,50,11,25000,100,215.76,1903.178
DDQN,50,11,26000,100,219.96,2008.3231
DDQN,50,11,27000,100,221.8,2138.9521
DDQN,50,11,28000,100,233.08,2245.521
DDQN,50,11,29000,100,229.6,2334.043
DDQN,50,11,30000,100,229.84,2411.185
DDQN,50,11,31000,100,228.96,2460.8018
DDQN,50,11,32000,100,224.52,2517.6868
DDQN,50,11,33000,100,233.88,2551.1694
DDQN,50,11,34000,100,221.16,2558.136
DDQN,50,11,35000,100,221.0,2521.7207
DDQN,50,11,36000,100,217.16,2474.5688
DDQN,50,11,37000,100,222.48,2399.0544
DDQN,50,11,38000,100,216.24,2322.5808
DDQN,50,11,39000,100,216.44,2235.4468
DDQN,50,11,40000,100,212.32,2142.0303
DDQN,50,11,41000,100,207.96,2040.0123
DDQN,50,11,42000,100,217.0,1912.7173
DDQN,50,11,43000,100,203.0,1795.5752
DDQN,50,11,44000,100,210.6,1679.8348
DDQN,50,11,45000,100,204.44,1584.4781
DDQN,50,11,46000,100,210.12,1484.8511
DDQN,50,11,47000,100,208.6,1377.0781
DDQN,50,11,48000,100,219.56,1272.6909
DDQN,50,11,49000,100,225.56,1154.963
DDQN,50,11,50000,100,277.4,1022.7475
DDQN,50,11,51000,100,387.2,920.18787
DDQN,50,11,52000,100,448.88,837.01935
DDQN,50,11,53000,100,291.36,826.2154
DDQN,50,11,54000,100,228.0,894.90314
DDQN,50,11,55000,100,270.76,1021.77625
DDQN,50,11,56000,100,477.76,1099.5607
DDQN,50,11,57000,100,2252.12,1106.588
DDQN,50,11,58000,100,2790.88,1107.9608
DDQN,50,11,59000,100,1420.04,1052.4292
DDQN,50,11,60000,100,426.48,963.28546
DDQN,50,11,61000,100,259.68,883.5023
DDQN,50,11,62000,100,246.32,816.3488
DDQN,50,11,63000,100,242.12,746.50464
DDQN,50,11,64000,100,221.12,690.1579
DDQN,50,11,65000,100,232.64,628.2353
DDQN,50,11,66000,100,183.24,582.82794
DDQN,50,11,67000,100,175.48,541.4608
DDQN,50,11,68000,100,164.0,516.4198
DDQN,50,11,69000,100,163.56,529.5608
DDQN,50,11,70000,100,176.36,558.31104
DDQN,50,11,71000,100,212.28,562.6665
DDQN,50,11,72000,100,1000.44,512.7618
DDQN,50,11,73000,100,3000.0,451.39218
DDQN,50,11,74000,100,3000.0,412.7115
DDQN,50,11,75000,100,3000.0,392.36603
DDQN,50,11,76000,100,2703.52,351.2541
DDQN,50,11,77000,100,598.52,332.52414
DDQN,50,11,78000,100,314.52,325.29593
DDQN,50,11,79000,100,430.84,304.3146
DDQN,50,11,80000,100,207.96,314.71436
DDQN,50,11,81000,100,268.04,331.56638
DDQN,50,11,82000,100,2766.72,357.31113
DDQN,50,11,83000,100,3000.0,328.74985
DDQN,50,11,84000,100,1056.48,301.5225
DDQN,50,11,85000,100,3000.0,269.73578
DDQN,50,11,86000,100,1484.28,247.2051
DDQN,50,11,87000,100,404.72,228.7682
DDQN,50,11,88000,100,3000.0,209.87598
DDQN,50,11,89000,100,3000.0,206.49252
DDQN,50,11,90000,100,3000.0,199.29744
DDQN,50,11,91000,100,3000.0,181.26945
DDQN,50,11,92000,100,3000.0,174.93839
DDQN,50,11,93000,100,3000.0,171.58354
DDQN,50,11,94000,100,3000.0,164.8191
DDQN,50,11,95000,100,3000.0,158.193
DDQN,50,11,96000,100,3000.0,154.03479
DDQN,50,11,97000,100,3000.0,145.62038
DDQN,50,11,98000,100,3000.0,135.18222
DDQN,50,11,99000,100,2830.0,124.93495
DDQN,50,11,100000,100,3000.0,120.72287
DDQN,50,12,1000,100,9.28,-8.828122
DDQN,50,12,2000,100,50.84,-21.845423
DDQN,50,12,3000,100,241.04,-51.97044
DDQN,50,12,4000,100,223.56,-32.830494
DDQN,50,12,5000,100,202.6,-7.4168897
DDQN,50,12,6000,100,190.88,21.034395
DDQN,50,12,7000,100,182.8,55.72544
DDQN,50,12,8000,100,194.0,94.99143
DDQN,50,12,9000,100,187.76,140.49586
DDQN,50,12,10000,100,182.44,199.73816
DDQN,50,12,11000,100,190.48,259.82773
DDQN,50,12,12000,100,189.0,329.21832
DDQN,50,12,13000,100,198.4,406.0407
DDQN,50,12,14000,100,202.36,492.1695
DDQN,50,12,15000,100,215.0,572.40674
DDQN,50,12,16000,100,210.6,674.6503
DDQN,50,12,17000,100,219.68,781.594
DDQN,50,12,18000,100,239.96,890.2639
DDQN,50,12,19000,100,229.36,997.0172
DDQN,50,12,20000,100,246.56,1114.0743
DDQN,50,12,21000,100,237.52,1242.0403
DDQN,50,12,22000,100,247.84,1371.3649
DDQN,50,12,23000,100,271.32,1506.6589
DDQN,50,12,24000,100,270.68,1651.2809
DDQN,50,12,25000,100,281.76,1788.1444
DDQN,50,12,26000,100,272.8,1920.5793
DDQN,50,12,27000,100,276.28,2031.0043
DDQN,50,12,28000,100,274.32,2147.7502
DDQN,50,12,29000,100,279.44,2259.4644
DDQN,50,12,30000,100,292.8,2356.5413
DDQN,50,12,31000,100,294.0,2447.3044
DDQN,50,12,32000,100,278.72,2552.428
DDQN,50,12,33000,100,299.16,2606.624
DDQN,50,12,34000,100,301.64,2640.887
DDQN,50,12,35000,100,288.24,2651.0354
DDQN,50,12,36000,100,274.28,2638.4756
DDQN,50,12,37000,100,266.88,2592.0781
DDQN,50,12,38000,100,265.56,2556.9507
DDQN,50,12,39000,100,260.4,2499.4033
DDQN,50,12,40000,100,260.16,2419.5967
DDQN,50,12,41000,100,256.16,2329.4602
DDQN,50,12,42000,100,241.56,2242.061
DDQN,50,12,43000,100,249.28,2127.9368
DDQN,50,12,44000,100,237.0,2004.3297
DDQN,50,12,45000,100,245.04,1896.2736
DDQN,50,12,46000,100,237.96,1756.245
DDQN,50,12,47000,100,235.08,1619.7913
DDQN,50,12,48000,100,223.0,1488.8187
DDQN,50,12,49000,100,231.72,1350.827
DDQN,50,12,50000,100,230.32,1227.5361
DDQN,50,12,51000,100,228.84,1093.8887
DDQN,50,12,52000,100,239.68,966.7391
DDQN,50,12,53000,100,248.84,851.33417
DDQN,50,12,54000,100,273.36,747.48413
DDQN,50,12,55000,100,279.8,647.87396
DDQN,50,12,56000,100,297.0,584.2743
DDQN,50,12,57000,100,336.0,524.8044
DDQN,50,12,58000,100,323.4,467.22223
DDQN,50,12,59000,100,337.84,407.44824
DDQN,50,12,60000,100,337.44,350.15472
DDQN,50,12,61000,100,343.56,301.8678
DDQN,50,12,62000,100,372.04,255.21758
DDQN,50,12,63000,100,508.92,219.3369
DDQN,50,12,64000,100,2395.68,189.03033
DDQN,50,12,65000,100,400.4,172.1953
DDQN,50,12,66000,100,401.68,158.21974
DDQN,50,12,67000,100,252.44,152.56998
DDQN,50,12,68000,100,229.84,148.83255
DDQN,50,12,69000,100,164.28,156.264
DDQN,50,12,70000,100,149.48,166.31303
DDQN,50,12,71000,100,144.8,183.90141
DDQN,50,12,72000,100,155.2,191.91202
DDQN,50,12,73000,100,155.64,188.51749
DDQN,50,12,74000,100,159.52,179.52582
DDQN,50,12,75000,100,175.48,167.26569
DDQN,50,12,76000,100,212.4,145.4645
DDQN,50,12,77000,100,77.36,169.31639
DDQN,50,12,78000,100,178.28,132.0777
DDQN,50,12,79000,100,124.96,141.08752
DDQN,50,12,80000,100,249.24,111.39325
DDQN,50,12,81000,100,172.44,104.85598
DDQN,50,12,82000,100,223.24,91.59019
DDQN,50,12,83000,100,402.2,75.34047
DDQN,50,12,84000,100,258.6,75.09376
DDQN,50,12,85000,100,3000.0,66.57431
DDQN,50,12,86000,100,3000.0,65.70922
DDQN,50,12,87000,100,3000.0,67.79033
DDQN,50,12,88000,100,3000.0,68.929054
DDQN,50,12,89000,100,3000.0,68.8973
DDQN,50,12,90000,100,3000.0,67.01493
DDQN,50,12,91000,100,2960.24,63.028263
DDQN,50,12,92000,100,2349.24,58.28029
DDQN,50,12,93000,100,2443.88,54.26723
DDQN,50,12,94000,100,862.76,54.735508
DDQN,50,12,95000,100,2438.28,54.142475
DDQN,50,12,96000,100,2214.24,54.068233
DDQN,50,12,97000,100,852.4,64.41439
DDQN,50,12,98000,100,1532.8,57.913082
DDQN,50,12,99000,100,1313.28,58.202003
DDQN,50,12,100000,100,2323.6,51.780537
DDQN,50,13,1000,100,10.56,-10.078116
DDQN,50,13,2000,100,77.92,-33.990814
DDQN,50,13,3000,100,247.92,-52.126152
DDQN,50,13,4000,100,218.08,-33.454025
DDQN,50,13,5000,100,192.44,-7.043787
DDQN,50,13,6000,100,198.04,23.692251
DDQN,50,13,7000,100,186.84,59.64949
DDQN,50,13,8000,100,202.72,99.87309
DDQN,50,13,9000,100,186.4,154.12985
DDQN,50,13,10000,100,183.76,215.68793
DDQN,50,13,11000,100,206.36,284.53333
DDQN,50,13,12000,100,194.0,366.7185
DDQN,50,13,13000,100,205.72,444.19647
DDQN,50,13,14000,100,204.36,542.08466
DDQN,50,13,15000,100,210.8,646.26025
DDQN,50,13,16000,100,208.16,755.8683
DDQN,50,13,17000,100,213.24,866.9208
DDQN,50,13,18000,100,210.88,997.324
DDQN,50,13,19000,100,222.24,1121.364
DDQN,50,13,20000,100,225.68,1252.3462
DDQN,50,13,21000,100,233.0,1366.9608
DDQN,50,13,22000,100,232.8,1495.011
DDQN,50,13,23000,100,238.92,1604.2798
DDQN,50,13,24000,100,234.24,1732.8693
DDQN,50,13,25000,100,243.68,1841.95
DDQN,50,13,26000,100,237.12,1968.703
DDQN,50,13,27000,100,259.32,2092.3096
DDQN,50,13,28000,100,235.12,2209.2349
DDQN,50,13,29000,100,240.32,2296.0562
DDQN,50,13,30000,100,230.6,2379.566
DDQN,50,13,31000,100,248.84,2426.8782
DDQN,50,13,32000,100,246.56,2435.9924
DDQN,50,13,33000,100,234.24,2462.8877
DDQN,50,13,34000,100,250.64,2452.7305
DDQN,50,13,35000,100,257.72,2404.1067
DDQN,50,13,36000,100,316.44,2353.9316
DDQN,50,13,37000,100,258.6,2301.7622
DDQN,50,13,38000,100,246.0,2239.853
DDQN,50,13,39000,100,234.64,2125.7117
DDQN,50,13,40000,100,224.12,2025.3434
DDQN,50,13,41000,100,242.92,1880.4253
DDQN,50,13,42000,100,245.92,1782.9341
DDQN,50,13,43000,100,259.64,1670.5056
DDQN,50,13,44000,100,249.6,1561.1306
DDQN,50,13,45000,100,272.72,1468.5647
DDQN,50,13,46000,100,293.48,1364.0316
DDQN,50,13,47000,100,294.56,1260.4209
DDQN,50,13,48000,100,296.16,1156.5518
DDQN,50,13,49000,100,270.4,1073.3467
DDQN,50,13,50000,100,257.24,991.2997
DDQN,50,13,51000,100,268.64,901.1387
DDQN,50,13,52000,100,302.2,829.38617
DDQN,50,13,53000,100,284.96,752.5742
DDQN,50,13,54000,100,314.76,672.4016
DDQN,50,13,55000,100,323.84,593.8782
DDQN,50,13,56000,100,299.64,531.2978
DDQN,50,13,57000,100,346.4,476.21704
DDQN,50,13,58000,100,239.64,440.60672
DDQN,50,13,59000,100,171.8,420.92676
DDQN,50,13,60000,100,187.32,393.25534
DDQN,50,13,61000,100,559.28,360.38153
DDQN,50,13,62000,100,185.24,344.32257
DDQN,50,13,63000,100,1788.4,314.6715
DDQN,50,13,64000,100,3000.0,319.49655
DDQN,50,13,65000,100,3000.0,325.8011
DDQN,50,13,66000,100,3000.0,306.16214
DDQN,50,13,67000,100,3000.0,294.9091
DDQN,50,13,68000,100,3000.0,289.95007
DDQN,50,13,69000,100,2990.28,289.761
DDQN,50,13,70000,100,292.64,312.41306
DDQN,50,13,71000,100,209.52,319.94788
DDQN,50,13,72000,100,186.6,332.233
DDQN,50,13,73000,100,175.96,352.9039
DDQN,50,13,74000,100,180.8,359.4851
DDQN,50,13,75000,100,165.68,373.32776
DDQN,50,13,76000,100,156.56,388.5807
DDQN,50,13,77000,100,143.88,412.7886
DDQN,50,13,78000,100,158.44,435.8548
DDQN,50,13,79000,100,163.36,455.0085
DDQN,50,13,80000,100,170.64,462.31873
DDQN,50,13,81000,100,150.32,466.95206
DDQN,50,13,82000,100,165.12,464.4734
DDQN,50,13,83000,100,204.56,447.03958
DDQN,50,13,84000,100,232.2,432.8767
DDQN,50,13,85000,100,229.12,406.27136
DDQN,50,13,86000,100,240.68,372.12738
DDQN,50,13,87000,100,2007.92,330.1935
DDQN,50,13,88000,100,2448.44,298.16617
DDQN,50,13,89000,100,3000.0,266.5001
DDQN,50,13,90000,100,2780.04,243.35187
DDQN,50,13,91000,100,3000.0,220.09981
DDQN,50,13,92000,100,3000.0,199.40288
DDQN,50,13,93000,100,3000.0,179.15672
DDQN,50,13,94000,100,3000.0,167.19199
DDQN,50,13,95000,100,3000.0,148.96545
DDQN,50,13,96000,100,3000.0,133.49464
DDQN,50,13,97000,100,3000.0,121.25034
DDQN,50,13,98000,100,3000.0,109.89205
DDQN,50,13,99000,100,3000.0,108.53006
DDQN,50,13,100000,100,3000.0,109.655716
DDQN,50,14,1000,100,9.44,-9.00862
DDQN,50,14,2000,100,75.04,-33.914608
DDQN,50,14,3000,100,309.52,-58.096016
DDQN,50,14,4000,100,275.16,-34.602814
DDQN,50,14,5000,100,206.28,-1.9900626
DDQN,50,14,6000,100,204.56,30.75958
DDQN,50,14,7000,100,188.12,69.675575
DDQN,50,14,8000,100,209.68,110.940674
DDQN,50,14,9000,100,213.48,157.55847
DDQN,50,14,10000,100,241.68,207.93999
DDQN,50,14,11000,100,248.0,271.53793
DDQN,50,14,12000,100,241.88,345.62823
DDQN,50,14,13000,100,249.6,424.71075
DDQN,50,14,14000,100,266.88,509.62177
DDQN,50,14,15000,100,264.84,585.7153
DDQN,50,14,16000,100,289.32,669.3791
DDQN,50,14,17000,100,277.68,760.9959
DDQN,50,14,18000,100,275.16,845.14056
DDQN,50,14,19000,100,279.2,947.1803
DDQN,50,14,20000,100,280.84,1033.1383
DDQN,50,14,21000,100,289.24,1119.8129
DDQN,50,14,22000,100,287.92,1228.4254
DDQN,50,14,23000,100,297.8,1325.5295
DDQN,50,14,24000,100,287.4,1415.7113
DDQN,50,14,25000,100,309.4,1500.1125
DDQN,50,14,26000,100,287.16,1593.2578
DDQN,50,14,27000,100,299.52,1684.9392
DDQN,50,14,28000,100,291.92,1755.2717
DDQN,50,14,29000,100,286.76,1855.2632
DDQN,50,14,30000,100,303.76,1889.0886
DDQN,50,14,31000,100,292.04,1935.4982
DDQN,50,14,32000,100,289.28,1969.236
DDQN,50,14,33000,100,296.72,1976.146
DDQN,50,14,34000,100,294.08,1970.6686
DDQN,50,14,35000,100,296.04,1935.3456
DDQN,50,14,36000,100,310.28,1892.8059
DDQN,50,14,37000,100,319.32,1836.2573
DDQN,50,14,38000,100,322.56,1772.808
DDQN,50,14,39000,100,316.08,1692.7332
DDQN,50,14,40000,100,301.44,1611.485
DDQN,50,14,41000,100,312.48,1513.5095
DDQN,50,14,42000,100,286.04,1424.7769
DDQN,50,14,43000,100,285.12,1348.0331
DDQN,50,14,44000,100,261.12,1252.5906
DDQN,50,14,45000,100,264.04,1159.9584
DDQN,50,14,46000,100,261.92,1064.3528
DDQN,50,14,47000,100,265.64,977.7575
DDQN,50,14,48000,100,271.68,905.3667
DDQN,50,14,49000,100,283.64,822.0993
DDQN,50,14,50000,100,287.6,734.74445
DDQN,50,14,51000,100,258.76,651.1467
DDQN,50,14,52000,100,263.56,573.1523
DDQN,50,14,53000,100,272.56,507.82788
DDQN,50,14,54000,100,252.04,455.928
DDQN,50,14,55000,100,277.52,403.60437
DDQN,50,14,56000,100,279.12,373.99612
DDQN,50,14,57000,100,283.4,348.53735
DDQN,50,14,58000,100,185.96,332.5752
DDQN,50,14,59000,100,177.2,315.92242
DDQN,50,14,60000,100,209.28,282.4947
DDQN,50,14,61000,100,231.68,250.67859
DDQN,50,14,62000,100,866.68,207.63646
DDQN,50,14,63000,100,2642.4,180.73299
DDQN,50,14,64000,100,1568.56,161.29868
DDQN,50,14,65000,100,764.6,142.86267
DDQN,50,14,66000,100,1987.8,126.42132
DDQN,50,14,67000,100,284.6,124.82764
DDQN,50,14,68000,100,1447.64,109.99038
DDQN,50,14,69000,100,475.04,101.94469
DDQN,50,14,70000,100,232.0,103.42731
DDQN,50,14,71000,100,227.76,98.60375
DDQN,50,14,72000,100,213.4,93.35483
DDQN,50,14,73000,100,269.76,82.3926
DDQN,50,14,74000,100,197.0,87.12067
DDQN,50,14,75000,100,263.08,74.53281
DDQN,50,14,76000,100,202.96,73.78989
DDQN,50,14,77000,100,3000.0,54.86946
DDQN,50,14,78000,100,2400.88,49.850204
DDQN,50,14,79000,100,780.76,47.51845
DDQN,50,14,80000,100,515.16,42.345722
DDQN,50,14,81000,100,702.04,41.132843
DDQN,50,14,82000,100,1793.32,41.358368
DDQN,50,14,83000,100,390.64,40.51874
DDQN,50,14,84000,100,313.68,44.676693
DDQN,50,14,85000,100,267.84,45.41654
DDQN,50,14,86000,100,270.12,44.002106
DDQN,50,14,87000,100,546.44,36.182446
DDQN,50,14,88000,100,342.92,37.18461
DDQN,50,14,89000,100,713.04,35.05604
DDQN,50,14,90000,100,2930.32,34.67999
DDQN,50,14,91000,100,3000.0,35.17153
DDQN,50,14,92000,100,3000.0,37.49917
DDQN,50,14,93000,100,3000.0,36.84594
DDQN,50,14,94000,100,3000.0,33.54294
DDQN,50,14,95000,100,3000.0,31.555212
DDQN,50,14,96000,100,2568.24,32.325226
DDQN,50,14,97000,100,517.04,32.53254
DDQN,50,14,98000,100,3000.0,30.264088
DDQN,50,14,99000,100,3000.0,28.584152
DDQN,50,14,100000,100,3000.0,28.603632
DDQN,50,15,1000,100,9.28,-8.852837
DDQN,50,15,2000,100,88.04,-39.998775
DDQN,50,15,3000,100,242.6,-51.902164
DDQN,50,15,4000,100,227.04,-34.579838
DDQN,50,15,5000,100,177.16,-11.935695
DDQN,50,15,6000,100,165.84,12.423253
DDQN,50,15,7000,100,173.92,34.115604
DDQN,50,15,8000,100,184.76,56.135983
DDQN,50,15,9000,100,194.72,82.3864
DDQN,50,15,10000,100,189.88,115.18327
DDQN,50,15,11000,100,203.6,151.14842
DDQN,50,15,12000,100,218.84,191.65791
DDQN,50,15,13000,100,208.84,237.86838
DDQN,50,15,14000,100,245.48,287.94534
DDQN,50,15,15000,100,233.04,341.08844
DDQN,50,15,16000,100,238.48,401.73804
DDQN,50,15,17000,100,244.76,467.7764
DDQN,50,15,18000,100,246.24,530.6637
DDQN,50,15,19000,100,247.68,592.17535
DDQN,50,15,20000,100,255.24,657.15295
DDQN,50,15,21000,100,270.88,713.0999
DDQN,50,15,22000,100,264.24,771.3091
DDQN,50,15,23000,100,249.24,833.1521
DDQN,50,15,24000,100,266.84,875.392
DDQN,50,15,25000,100,264.88,921.9751
DDQN,50,15,26000,100,258.08,975.9229
DDQN,50,15,27000,100,269.64,1020.6125
DDQN,50,15,28000,100,265.12,1062.7396
DDQN,50,15,29000,100,263.76,1088.5524
DDQN,50,15,30000,100,280.0,1102.9248
DDQN,50,15,31000,100,240.32,1116.6902
DDQN,50,15,32000,100,254.12,1109.4884
DDQN,50,15,33000,100,237.6,1091.2062
DDQN,50,15,34000,100,231.96,1054.9745
DDQN,50,15,35000,100,239.32,1033.1957
DDQN,50,15,36000,100,218.84,990.48596
DDQN,50,15,37000,100,196.48,945.1464
DDQN,50,15,38000,100,203.52,892.20386
DDQN,50,15,39000,100,213.68,832.84924
DDQN,50,15,40000,100,203.32,773.5878
DDQN,50,15,41000,100,169.24,720.0433
DDQN,50,15,42000,100,254.04,659.48
DDQN,50,15,43000,100,154.52,620.59216
DDQN,50,15,44000,100,148.4,575.70654
DDQN,50,15,45000,100,177.72,527.2735
DDQN,50,15,46000,100,194.0,467.34164
DDQN,50,15,47000,100,190.6,421.70978
DDQN,50,15,48000,100,160.6,388.75647
DDQN,50,15,49000,100,156.16,354.6688
DDQN,50,15,50000,100,175.36,311.32242
DDQN,50,15,51000,100,208.52,278.35123
DDQN,50,15,52000,100,259.56,250.13148
DDQN,50,15,53000,100,222.52,222.10576
DDQN,50,15,54000,100,1508.08,178.42001
DDQN,50,15,55000,100,1598.32,157.8154
DDQN,50,15,56000,100,1943.88,140.47134
DDQN,50,15,57000,100,793.16,128.32982
DDQN,50,15,58000,100,1792.04,111.60722
DDQN,50,15,59000,100,986.72,113.37413
DDQN,50,15,60000,100,273.6,91.473724
DDQN,50,15,61000,100,608.28,79.98239
DDQN,50,15,62000,100,2471.4,68.94197
DDQN,50,15,63000,100,1650.72,60.45928
DDQN,50,15,64000,100,1016.8,56.03661
DDQN,50,15,65000,100,2188.4,50.20911
DDQN,50,15,66000,100,300.76,60.590504
DDQN,50,15,67000,100,2054.72,45.593285
DDQN,50,15,68000,100,609.56,47.73201
DDQN,50,15,69000,100,285.92,47.996864
DDQN,50,15,70000,100,414.24,41.561226
DDQN,50,15,71000,100,293.0,41.492516
DDQN,50,15,72000,100,1544.92,37.016537
DDQN,50,15,73000,100,253.32,44.821877
DDQN,50,15,74000,100,1499.76,36.917076
DDQN,50,15,75000,100,3000.0,36.861465
DDQN,50,15,76000,100,3000.0,38.6791
DDQN,50,15,77000,100,3000.0,36.63774
DDQN,50,15,78000,100,3000.0,34.491234
DDQN,50,15,79000,100,3000.0,33.562046
DDQN,50,15,80000,100,3000.0,32.544613
DDQN,50,15,81000,100,3000.0,30.990595
DDQN,50,15,82000,100,3000.0,30.59584
DDQN,50,15,83000,100,3000.0,30.411901
DDQN,50,15,84000,100,3000.0,30.88662
DDQN,50,15,85000,100,3000.0,29.845388
DDQN,50,15,86000,100,3000.0,28.095608
DDQN,50,15,87000,100,3000.0,27.859991
DDQN,50,15,88000,100,3000.0,29.077757
DDQN,50,15,89000,100,3000.0,29.462229
DDQN,50,15,90000,100,2662.04,28.29881
DDQN,50,15,91000,100,1100.16,30.312855
DDQN,50,15,92000,100,1219.08,25.117939
DDQN,50,15,93000,100,417.6,25.448671
DDQN,50,15,94000,100,1751.76,26.052492
DDQN,50,15,95000,100,227.08,43.682774
DDQN,50,15,96000,100,3000.0,35.554203
DDQN,50,15,97000,100,1134.72,31.139423
DDQN,50,15,98000,100,2816.28,35.92974
DDQN,50,15,99000,100,3000.0,37.18643
DDQN,50,15,100000,100,3000.0,36.08683
DDQN,50,16,1000,100,9.44,-9.077558
DDQN,50,16,2000,100,155.0,-59.007557
DDQN,50,16,3000,100,411.6,-61.481182
DDQN,50,16,4000,100,241.72,-36.856266
DDQN,50,16,5000,100,195.4,-8.047689
DDQN,50,16,6000,100,179.44,24.207077
DDQN,50,16,7000,100,181.48,59.141407
DDQN,50,16,8000,100,179.24,101.183235
DDQN,50,16,9000,100,181.76,152.80267
DDQN,50,16,10000,100,186.84,204.2006
DDQN,50,16,11000,100,216.84,262.94946
DDQN,50,16,12000,100,215.96,326.91302
DDQN,50,16,13000,100,236.64,400.3817
DDQN,50,16,14000,100,252.72,478.958
DDQN,50,16,15000,100,244.96,564.63116
DDQN,50,16,16000,100,236.48,658.0848
DDQN,50,16,17000,100,255.2,753.15076
DDQN,50,16,18000,100,262.96,841.9038
DDQN,50,16,19000,100,269.8,952.0643
DDQN,50,16,20000,100,255.32,1064.9324
DDQN,50,16,21000,100,269.8,1182.2255
DDQN,50,16,22000,100,274.04,1283.0468
DDQN,50,16,23000,100,271.52,1371.7007
DDQN,50,16,24000,100,278.52,1461.0216
DDQN,50,16,25000,100,276.88,1555.1711
DDQN,50,16,26000,100,281.6,1649.7467
DDQN,50,16,27000,100,268.8,1733.8278
DDQN,50,16,28000,100,274.04,1790.3707
DDQN,50,16,29000,100,268.48,1843.0742
DDQN,50,16,30000,100,281.36,1868.696
DDQN,50,16,31000,100,269.36,1875.9692
DDQN,50,16,32000,100,256.24,1877.1722
DDQN,50,16,33000,100,262.04,1878.2358
DDQN,50,16,34000,100,251.76,1847.8087
DDQN,50,16,35000,100,242.8,1823.2589
DDQN,50,16,36000,100,235.88,1777.9487
DDQN,50,16,37000,100,229.16,1730.0255
DDQN,50,16,38000,100,222.48,1670.7716
DDQN,50,16,39000,100,217.48,1605.5732
DDQN,50,16,40000,100,215.36,1524.9923
DDQN,50,16,41000,100,206.96,1430.3164
DDQN,50,16,42000,100,213.4,1312.6974
DDQN,50,16,43000,100,218.68,1205.0557
DDQN,50,16,44000,100,227.12,1084.5166
DDQN,50,16,45000,100,225.52,976.45026
DDQN,50,16,46000,100,242.6,864.1632
DDQN,50,16,47000,100,295.44,772.03546
DDQN,50,16,48000,100,322.44,707.9274
DDQN,50,16,49000,100,303.72,721.39136
DDQN,50,16,50000,100,334.28,801.1144
DDQN,50,16,51000,100,469.56,867.261
DDQN,50,16,52000,100,3000.0,860.3335
DDQN,50,16,53000,100,248.8,845.8116
DDQN,50,16,54000,100,206.6,815.27814
DDQN,50,16,55000,100,169.28,790.05554
DDQN,50,16,56000,100,155.92,784.5597
DDQN,50,16,57000,100,160.28,747.2241
DDQN,50,16,58000,100,148.44,707.13354
DDQN,50,16,59000,100,144.28,681.3664
DDQN,50,16,60000,100,146.16,660.0364
DDQN,50,16,61000,100,147.68,648.61993
DDQN,50,16,62000,100,158.6,633.1336
DDQN,50,16,63000,100,163.72,611.5843
DDQN,50,16,64000,100,180.96,589.92847
DDQN,50,16,65000,100,193.96,576.0309
DDQN,50,16,66000,100,207.24,560.7805
DDQN,50,16,67000,100,189.88,542.2131
DDQN,50,16,68000,100,197.04,506.53574
DDQN,50,16,69000,100,228.68,462.25427
DDQN,50,16,70000,100,2111.16,410.19815
DDQN,50,16,71000,100,1234.12,361.87668
DDQN,50,16,72000,100,1687.72,315.54446
DDQN,50,16,73000,100,2340.96,278.00443
DDQN,50,16,74000,100,2778.12,243.72475
DDQN,50,16,75000,100,3000.0,216.18109
DDQN,50,16,76000,100,2068.52,188.61075
DDQN,50,16,77000,100,1724.16,165.31612
DDQN,50,16,78000,100,533.2,148.49654
DDQN,50,16,79000,100,310.28,133.93925
DDQN,50,16,80000,100,2358.6,114.45034
DDQN,50,16,81000,100,1063.68,101.65411
DDQN,50,16,82000,100,2113.6,88.52061
DDQN,50,16,83000,100,2665.32,76.654335
DDQN,50,16,84000,100,2669.2,73.3497
DDQN,50,16,85000,100,2777.96,70.311806
DDQN,50,16,86000,100,3000.0,72.742546
DDQN,50,16,87000,100,3000.0,73.77279
DDQN,50,16,88000,100,3000.0,77.44637
DDQN,50,16,89000,100,3000.0,83.81986
DDQN,50,16,90000,100,3000.0,87.32271
DDQN,50,16,91000,100,3000.0,93.00584
DDQN,50,16,92000,100,3000.0,95.46304
DDQN,50,16,93000,100,3000.0,91.31778
DDQN,50,16,94000,100,3000.0,83.24648
DDQN,50,16,95000,100,3000.0,77.63587
DDQN,50,16,96000,100,3000.0,72.34416
DDQN,50,16,97000,100,456.44,76.31422
DDQN,50,16,98000,100,2972.96,70.96785
DDQN,50,16,99000,100,340.84,75.6658
DDQN,50,16,100000,100,154.72,98.98985
DDQN,50,17,1000,100,9.28,-8.903303
DDQN,50,17,2000,100,140.24,-56.50797
DDQN,50,17,3000,100,343.0,-59.321556
DDQN,50,17,4000,100,241.32,-36.536644
DDQN,50,17,5000,100,221.44,-11.942322
DDQN,50,17,6000,100,201.6,19.860186
DDQN,50,17,7000,100,200.92,55.530922
DDQN,50,17,8000,100,222.6,97.79447
DDQN,50,17,9000,100,246.64,149.53868
DDQN,50,17,10000,100,248.16,200.10223
DDQN,50,17,11000,100,239.96,262.56522
DDQN,50,17,12000,100,245.16,328.25818
DDQN,50,17,13000,100,254.0,412.20526
DDQN,50,17,14000,100,261.88,507.52872
DDQN,50,17,15000,100,255.68,600.6736
DDQN,50,17,16000,100,276.24,700.8536
DDQN,50,17,17000,100,271.0,815.26196
DDQN,50,17,18000,100,267.4,929.1398
DDQN,50,17,19000,100,285.52,1045.5428
DDQN,50,17,20000,100,282.12,1189.2933
DDQN,50,17,21000,100,285.52,1314.3198
DDQN,50,17,22000,100,317.32,1441.8661
DDQN,50,17,23000,100,303.68,1578.4653
DDQN,50,17,24000,100,329.4,1712.6907
DDQN,50,17,25000,100,315.48,1845.2178
DDQN,50,17,26000,100,322.44,1981.8022
DDQN,50,17,27000,100,317.24,2106.3271
DDQN,50,17,28000,100,324.08,2230.02
DDQN,50,17,29000,100,324.68,2332.1443
DDQN,50,17,30000,100,276.2,2423.47
DDQN,50,17,31000,100,329.2,2475.5593
DDQN,50,17,32000,100,332.44,2531.6716
DDQN,50,17,33000,100,354.0,2564.2021
DDQN,50,17,34000,100,355.72,2601.6812
DDQN,50,17,35000,100,347.48,2602.4885
DDQN,50,17,36000,100,356.88,2614.126
DDQN,50,17,37000,100,344.96,2584.897
DDQN,50,17,38000,100,351.52,2524.4238
DDQN,50,17,39000,100,345.76,2442.5552
DDQN,50,17,40000,100,322.32,2356.705
DDQN,50,17,41000,100,340.0,2261.8687
DDQN,50,17,42000,100,308.2,2160.9226
DDQN,50,17,43000,100,354.92,2044.6375
DDQN,50,17,44000,100,324.88,1924.3024
DDQN,50,17,45000,100,343.44,1785.2415
DDQN,50,17,46000,100,349.72,1647.6665
DDQN,50,17,47000,100,295.56,1509.5366
DDQN,50,17,48000,100,292.44,1381.57
DDQN,50,17,49000,100,265.08,1248.4532
DDQN,50,17,50000,100,309.44,1110.8997
DDQN,50,17,51000,100,316.64,976.1594
DDQN,50,17,52000,100,311.44,854.8086
DDQN,50,17,53000,100,369.68,737.87695
DDQN,50,17,54000,100,613.08,634.0899
DDQN,50,17,55000,100,245.0,600.2798
DDQN,50,17,56000,100,297.64,588.87396
DDQN,50,17,57000,100,290.08,535.8137
DDQN,50,17,58000,100,341.32,475.12125
DDQN,50,17,59000,100,2891.96,420.48523
DDQN,50,17,60000,100,478.44,381.33505
DDQN,50,17,61000,100,322.84,353.83792
DDQN,50,17,62000,100,347.68,341.91592
DDQN,50,17,63000,100,473.44,300.04434
DDQN,50,17,64000,100,505.6,264.75778
DDQN,50,17,65000,100,2413.12,231.35889
DDQN,50,17,66000,100,3000.0,205.28783
DDQN,50,17,67000,100,3000.0,184.92499
DDQN,50,17,68000,100,3000.0,168.84084
DDQN,50,17,69000,100,3000.0,149.82002
DDQN,50,17,70000,100,807.52,138.51074
DDQN,50,17,71000,100,153.92,166.64726
DDQN,50,17,72000,100,189.28,130.8792
DDQN,50,17,73000,100,592.08,110.75881
DDQN,50,17,74000,100,335.76,109.85249
DDQN,50,17,75000,100,210.92,113.27651
DDQN,50,17,76000,100,247.52,106.08664
DDQN,50,17,77000,100,394.8,88.31044
DDQN,50,17,78000,100,863.76,87.31714
DDQN,50,17,79000,100,321.24,88.48985
DDQN,50,17,80000,100,177.0,102.318436
DDQN,50,17,81000,100,230.52,93.75071
DDQN,50,17,82000,100,386.0,89.142265
DDQN,50,17,83000,100,218.88,104.00418
DDQN,50,17,84000,100,1131.32,103.19131
DDQN,50,17,85000,100,3000.0,114.308075
DDQN,50,17,86000,100,3000.0,123.4132
DDQN,50,17,87000,100,3000.0,129.96594
DDQN,50,17,88000,100,3000.0,125.44717
DDQN,50,17,89000,100,3000.0,116.42698
DDQN,50,17,90000,100,3000.0,110.2138
DDQN,50,17,91000,100,3000.0,106.118126
DDQN,50,17,92000,100,3000.0,103.736725
DDQN,50,17,93000,100,2382.6,102.82187
DDQN,50,17,94000,100,346.36,102.7253
DDQN,50,17,95000,100,2758.88,95.36946
DDQN,50,17,96000,100,3000.0,93.09262
DDQN,50,17,97000,100,3000.0,91.53398
DDQN,50,17,98000,100,3000.0,85.3147
DDQN,50,17,99000,100,3000.0,88.53792
DDQN,50,17,100000,100,850.88,90.84874
DDQN,50,18,1000,100,9.28,-8.845558
DDQN,50,18,2000,100,48.4,-21.260353
DDQN,50,18,3000,100,221.28,-53.118004
DDQN,50,18,4000,100,229.04,-35.978184
DDQN,50,18,5000,100,188.8,-12.083283
DDQN,50,18,6000,100,173.6,16.845324
DDQN,50,18,7000,100,173.76,51.009945
DDQN,50,18,8000,100,167.36,91.61899
DDQN,50,18,9000,100,173.6,139.04353
DDQN,50,18,10000,100,189.0,197.98433
DDQN,50,18,11000,100,186.16,271.54984
DDQN,50,18,12000,100,200.28,356.63367
DDQN,50,18,13000,100,205.84,447.39728
DDQN,50,18,14000,100,213.28,551.1209
DDQN,50,18,15000,100,198.36,650.50494
DDQN,50,18,16000,100,199.76,762.5372
DDQN,50,18,17000,100,197.2,886.30237
DDQN,50,18,18000,100,196.96,1009.80896
DDQN,50,18,19000,100,213.6,1137.8735
DDQN,50,18,20000,100,208.8,1263.3625
DDQN,50,18,21000,100,208.12,1405.4749
DDQN,50,18,22000,100,218.96,1553.8536
DDQN,50,18,23000,100,219.08,1688.4142
DDQN,50,18,24000,100,227.4,1827.5021
DDQN,50,18,25000,100,228.48,1962.6204
DDQN,50,18,26000,100,225.64,2093.6482
DDQN,50,18,27000,100,233.0,2204.7234
DDQN,50,18,28000,100,232.24,2297.4875
DDQN,50,18,29000,100,233.84,2389.0605
DDQN,50,18,30000,100,240.84,2450.9578
DDQN,50,18,31000,100,243.48,2528.5789
DDQN,50,18,32000,100,244.08,2577.7283
DDQN,50,18,33000,100,249.36,2593.7139
DDQN,50,18,34000,100,262.96,2593.1914
DDQN,50,18,35000,100,258.72,2615.3093
DDQN,50,18,36000,100,264.0,2608.0515
DDQN,50,18,37000,100,258.88,2575.9253
DDQN,50,18,38000,100,255.44,2513.261
DDQN,50,18,39000,100,247.12,2440.9377
DDQN,50,18,40000,100,244.2,2369.0552
DDQN,50,18,41000,100,245.44,2282.1638
DDQN,50,18,42000,100,242.84,2157.3071
DDQN,50,18,43000,100,227.4,2027.9882
DDQN,50,18,44000,100,228.32,1909.9838
DDQN,50,18,45000,100,225.8,1784.0654
DDQN,50,18,46000,100,216.72,1639.2908
DDQN,50,18,47000,100,210.24,1510.6228
DDQN,50,18,48000,100,204.08,1387.2535
DDQN,50,18,49000,100,204.24,1258.4675
DDQN,50,18,50000,100,204.2,1127.3894
DDQN,50,18,51000,100,209.28,993.23737
DDQN,50,18,52000,100,225.44,867.1063
DDQN,50,18,53000,100,258.12,744.968
DDQN,50,18,54000,100,231.84,793.0478
DDQN,50,18,55000,100,220.04,850.0559
DDQN,50,18,56000,100,202.52,832.59644
DDQN,50,18,57000,100,203.08,757.6883
DDQN,50,18,58000,100,168.48,705.00726
DDQN,50,18,59000,100,160.52,646.9514
DDQN,50,18,60000,100,142.56,595.2813
DDQN,50,18,61000,100,131.6,552.5845
DDQN,50,18,62000,100,131.08,525.9968
DDQN,50,18,63000,100,130.52,473.7376
DDQN,50,18,64000,100,142.64,436.50946
DDQN,50,18,65000,100,160.96,396.48523
DDQN,50,18,66000,100,148.12,371.129
DDQN,50,18,67000,100,171.04,336.2752
DDQN,50,18,68000,100,139.48,320.71515
DDQN,50,18,69000,100,141.6,304.93887
DDQN,50,18,70000,100,147.8,285.76178
DDQN,50,18,71000,100,147.4,271.48962
DDQN,50,18,72000,100,244.8,249.97557
DDQN,50,18,73000,100,214.44,243.89594
DDQN,50,18,74000,100,231.32,224.48477
DDQN,50,18,75000,100,1057.36,195.75789
DDQN,50,18,76000,100,2896.76,168.89357
DDQN,50,18,77000,100,3000.0,148.44278
DDQN,50,18,78000,100,3000.0,132.94202
DDQN,50,18,79000,100,3000.0,125.183525
DDQN,50,18,80000,100,3000.0,115.29404
DDQN,50,18,81000,100,1503.96,107.883224
DDQN,50,18,82000,100,3000.0,95.80684
DDQN,50,18,83000,100,2687.92,87.157364
DDQN,50,18,84000,100,2033.88,77.30578
DDQN,50,18,85000,100,986.88,78.95922
DDQN,50,18,86000,100,1715.16,65.9856
DDQN,50,18,87000,100,3000.0,64.14223
DDQN,50,18,88000,100,3000.0,64.135826
DDQN,50,18,89000,100,3000.0,65.00045
DDQN,50,18,90000,100,3000.0,66.9091
DDQN,50,18,91000,100,3000.0,69.21524
DDQN,50,18,92000,100,3000.0,70.91878
DDQN,50,18,93000,100,2676.0,72.15539
DDQN,50,18,94000,100,2779.96,74.793495
DDQN,50,18,95000,100,2567.4,80.31004
DDQN,50,18,96000,100,3000.0,81.10253
DDQN,50,18,97000,100,3000.0,79.49267
DDQN,50,18,98000,100,1228.12,79.68533
DDQN,50,18,99000,100,3000.0,74.3756
DDQN,50,18,100000,100,3000.0,73.06633
DDQN,50,19,1000,100,26.44,-23.165796
DDQN,50,19,2000,100,106.0,-45.53512
DDQN,50,19,3000,100,330.88,-55.52433
DDQN,50,19,4000,100,186.0,-24.177814
DDQN,50,19,5000,100,208.92,-5.6216345
DDQN,50,19,6000,100,206.68,26.676512
DDQN,50,19,7000,100,200.36,62.53169
DDQN,50,19,8000,100,203.76,104.523865
DDQN,50,19,9000,100,204.76,154.66289
DDQN,50,19,10000,100,203.28,217.24258
DDQN,50,19,11000,100,213.6,288.03308
DDQN,50,19,12000,100,215.56,364.3467
DDQN,50,19,13000,100,226.04,444.77945
DDQN,50,19,14000,100,238.4,524.1322
DDQN,50,19,15000,100,236.4,621.1293
DDQN,50,19,16000,100,235.12,720.8681
DDQN,50,19,17000,100,235.56,819.9968
DDQN,50,19,18000,100,250.48,929.13586
DDQN,50,19,19000,100,257.08,1033.376
DDQN,50,19,20000,100,275.56,1147.2261
DDQN,50,19,21000,100,275.28,1267.9214
DDQN,50,19,22000,100,307.8,1395.2758
DDQN,50,19,23000,100,300.88,1495.8934
DDQN,50,19,24000,100,319.36,1596.7373
DDQN,50,19,25000,100,331.8,1712.4645
DDQN,50,19,26000,100,326.08,1817.6086
DDQN,50,19,27000,100,332.0,1925.4567
DDQN,50,19,28000,100,334.4,1997.5906
DDQN,50,19,29000,100,338.08,2055.8665
DDQN,50,19,30000,100,333.44,2106.1555
DDQN,50,19,31000,100,332.4,2136.3318
DDQN,50,19,32000,100,323.12,2174.9226
DDQN,50,19,33000,100,347.96,2174.651
DDQN,50,19,34000,100,335.4,2144.5764
DDQN,50,19,35000,100,333.84,2121.151
DDQN,50,19,36000,100,339.76,2055.8516
DDQN,50,19,37000,100,314.88,1959.6227
DDQN,50,19,38000,100,327.44,1886.595
DDQN,50,19,39000,100,312.84,1798.3197
DDQN,50,19,40000,100,300.24,1683.0848
DDQN,50,19,41000,100,281.88,1582.9489
DDQN,50,19,42000,100,265.04,1475.7393
DDQN,50,19,43000,100,261.2,1364.4911
DDQN,50,19,44000,100,246.4,1233.8359
DDQN,50,19,45000,100,236.64,1120.3516
DDQN,50,19,46000,100,222.84,1007.6504
DDQN,50,19,47000,100,221.64,901.6236
DDQN,50,19,48000,100,222.08,802.0806
DDQN,50,19,49000,100,237.12,699.1765
DDQN,50,19,50000,100,252.24,616.24744
DDQN,50,19,51000,100,183.96,548.7863
DDQN,50,19,52000,100,167.64,486.43823
DDQN,50,19,53000,100,2422.68,408.3243
DDQN,50,19,54000,100,326.32,366.43777
DDQN,50,19,55000,100,309.36,312.19315
DDQN,50,19,56000,100,195.68,286.50208
DDQN,50,19,57000,100,168.24,265.51392
DDQN,50,19,58000,100,159.8,254.5502
DDQN,50,19,59000,100,171.6,250.4207
DDQN,50,19,60000,100,191.84,246.27402
DDQN,50,19,61000,100,192.48,235.66562
DDQN,50,19,62000,100,230.88,204.41098
DDQN,50,19,63000,100,1857.68,173.36726
DDQN,50,19,64000,100,2896.16,148.4033
DDQN,50,19,65000,100,332.4,134.36368
DDQN,50,19,66000,100,1203.92,115.43463
DDQN,50,19,67000,100,198.16,120.537445
DDQN,50,19,68000,100,709.44,95.36931
DDQN,50,19,69000,100,603.44,91.1891
DDQN,50,19,70000,100,1496.04,86.50098
DDQN,50,19,71000,100,1107.48,79.45008
DDQN,50,19,72000,100,802.96,75.527374
DDQN,50,19,73000,100,534.72,70.38272
DDQN,50,19,74000,100,455.72,66.46897
DDQN,50,19,75000,100,1009.4,65.25796
DDQN,50,19,76000,100,241.56,67.45263
DDQN,50,19,77000,100,413.12,61.494003
DDQN,50,19,78000,100,1058.72,54.250587
DDQN,50,19,79000,100,244.68,60.31792
DDQN,50,19,80000,100,364.88,51.2278
DDQN,50,19,81000,100,321.4,50.729347
DDQN,50,19,82000,100,375.88,49.375412
DDQN,50,19,83000,100,217.76,60.70559
DDQN,50,19,84000,100,209.64,64.52118
DDQN,50,19,85000,100,207.12,63.067493
DDQN,50,19,86000,100,1021.4,50.217655
DDQN,50,19,87000,100,3000.0,50.383636
DDQN,50,19,88000,100,2032.24,51.292423
DDQN,50,19,89000,100,1770.32,49.84001
DDQN,50,19,90000,100,2167.44,48.446033
DDQN,50,19,91000,100,236.64,61.46958
DDQN,50,19,92000,100,2134.16,54.914772
DDQN,50,19,93000,100,680.28,58.02488
DDQN,50,19,94000,100,835.84,53.592373
DDQN,50,19,95000,100,1262.88,50.068516
DDQN,50,19,96000,100,3000.0,48.273
DDQN,50,19,97000,100,499.16,49.12715
DDQN,50,19,98000,100,1312.48,45.644386
DDQN,50,19,99000,100,675.0,45.21474
DDQN,50,19,100000,100,2586.32,43.907127
DDQN,200,10,1000,100,9.44,-9.032413
DDQN,200,10,2000,100,691.4,-94.37051
DDQN,200,10,3000,100,334.44,-85.56243
DDQN,200,10,4000,100,218.0,-72.95394
DDQN,200,10,5000,100,179.76,-61.7504
DDQN,200,10,6000,100,160.64,-53.240517
DDQN,200,10,7000,100,159.2,-47.00855
DDQN,200,10,8000,100,152.32,-40.012955
DDQN,200,10,9000,100,158.12,-35.147808
DDQN,200,10,10000,100,165.24,-30.658545
DDQN,200,10,11000,100,162.4,-23.933905
DDQN,200,10,12000,100,170.0,-19.712563
DDQN,200,10,13000,100,170.52,-13.071414
DDQN,200,10,14000,100,179.12,-9.580001
DDQN,200,10,15000,100,189.12,-5.7606425
DDQN,200,10,16000,100,198.96,-1.3402115
DDQN,200,10,17000,100,180.84,4.181324
DDQN,200,10,18000,100,186.68,7.7751245
DDQN,200,10,19000,100,138.24,21.346626
DDQN,200,10,20000,100,150.68,22.345581
DDQN,200,10,21000,100,168.68,22.72987
DDQN,200,10,22000,100,143.88,29.934023
DDQN,200,10,23000,100,177.52,25.853601
DDQN,200,10,24000,100,201.64,23.22924
DDQN,200,10,25000,100,190.64,28.321672
DDQN,200,10,26000,100,194.36,30.374615
DDQN,200,10,27000,100,178.84,34.850826
DDQN,200,10,28000,100,180.56,36.191692
DDQN,200,10,29000,100,151.12,43.645157
DDQN,200,10,30000,100,170.32,42.626705
DDQN,200,10,31000,100,234.0,37.596493
DDQN,200,10,32000,100,246.52,41.71504
DDQN,200,10,33000,100,118.12,58.553375
DDQN,200,10,34000,100,207.68,50.02966
DDQN,200,10,35000,100,179.12,52.246113
DDQN,200,10,36000,100,157.08,54.65805
DDQN,200,10,37000,100,164.24,52.23007
DDQN,200,10,38000,100,127.84,61.28586
DDQN,200,10,39000,100,213.4,48.046707
DDQN,200,10,40000,100,219.88,46.462788
DDQN,200,10,41000,100,339.92,40.34839
DDQN,200,10,42000,100,331.8,41.935314
DDQN,200,10,43000,100,333.12,41.789757
DDQN,200,10,44000,100,306.52,45.78368
DDQN,200,10,45000,100,165.4,59.748974
DDQN,200,10,46000,100,151.76,62.834496
DDQN,200,10,47000,100,142.72,65.57651
DDQN,200,10,48000,100,129.8,71.99005
DDQN,200,10,49000,100,122.28,75.80168
DDQN,200,10,50000,100,127.76,79.22569
DDQN,200,10,51000,100,133.64,83.244865
DDQN,200,10,52000,100,146.2,86.219925
DDQN,200,10,53000,100,175.48,85.64877
DDQN,200,10,54000,100,156.16,94.5022
DDQN,200,10,55000,100,203.32,92.39293
DDQN,200,10,56000,100,401.96,86.13938
DDQN,200,10,57000,100,332.64,92.50175
DDQN,200,10,58000,100,574.0,94.753006
DDQN,200,10,59000,100,1521.72,98.91724
DDQN,200,10,60000,100,3000.0,103.03582
DDQN,200,10,61000,100,3000.0,104.895584
DDQN,200,10,62000,100,3000.0,107.838806
DDQN,200,10,63000,100,3000.0,111.119064
DDQN,200,10,64000,100,3000.0,112.861534
DDQN,200,10,65000,100,3000.0,113.727196
DDQN,200,10,66000,100,3000.0,113.54153
DDQN,200,10,67000,100,3000.0,113.74915
DDQN,200,10,68000,100,3000.0,111.74872
DDQN,200,10,69000,100,3000.0,109.69771
DDQN,200,10,70000,100,3000.0,109.92059
DDQN,200,10,71000,100,3000.0,108.422844
DDQN,200,10,72000,100,3000.0,106.84453
DDQN,200,10,73000,100,3000.0,103.98807
DDQN,200,10,74000,100,3000.0,100.19231
DDQN,200,10,75000,100,3000.0,96.43592
DDQN,200,10,76000,100,3000.0,91.73431
DDQN,200,10,77000,100,3000.0,88.74645
DDQN,200,10,78000,100,3000.0,85.19642
DDQN,200,10,79000,100,3000.0,82.628944
DDQN,200,10,80000,100,3000.0,79.558876
DDQN,200,10,81000,100,3000.0,76.96003
DDQN,200,10,82000,100,3000.0,73.55564
DDQN,200,10,83000,100,3000.0,70.31445
DDQN,200,10,84000,100,3000.0,66.87583
DDQN,200,10,85000,100,3000.0,63.284878
DDQN,200,10,86000,100,2886.08,61.027588
DDQN,200,10,87000,100,1752.88,66.21234
DDQN,200,10,88000,100,3000.0,54.496124
DDQN,200,10,89000,100,3000.0,53.079193
DDQN,200,10,90000,100,3000.0,51.562447
DDQN,200,10,91000,100,3000.0,50.779892
DDQN,200,10,92000,100,3000.0,49.19132
DDQN,200,10,93000,100,3000.0,47.198784
DDQN,200,10,94000,100,3000.0,45.397354
DDQN,200,10,95000,100,3000.0,44.38046
DDQN,200,10,96000,100,3000.0,42.3395
DDQN,200,10,97000,100,3000.0,41.060352
DDQN,200,10,98000,100,3000.0,39.14457
DDQN,200,10,99000,100,3000.0,37.652756
DDQN,200,10,100000,100,3000.0,36.476788
DDQN,200,11,1000,100,9.28,-8.900425
DDQN,200,11,2000,100,435.56,-93.70511
DDQN,200,11,3000,100,233.84,-79.29562
DDQN,200,11,4000,100,189.68,-68.930695
DDQN,200,11,5000,100,155.24,-57.39714
DDQN,200,11,6000,100,147.16,-50.3225
DDQN,200,11,7000,100,149.08,-44.313126
DDQN,200,11,8000,100,155.32,-38.77787
DDQN,200,11,9000,100,149.24,-31.682018
DDQN,200,11,10000,100,146.12,-23.594568
DDQN,200,11,11000,100,145.56,-16.929506
DDQN,200,11,12000,100,148.32,-10.709747
DDQN,200,11,13000,100,146.96,-4.1299677
DDQN,200,11,14000,100,157.92,0.14368835
DDQN,200,11,15000,100,166.88,5.796054
DDQN,200,11,16000,100,175.8,11.073498
DDQN,200,11,17000,100,180.16,17.046894
DDQN,200,11,18000,100,187.76,21.98862
DDQN,200,11,19000,100,184.32,26.932749
DDQN,200,11,20000,100,217.2,28.488247
DDQN,200,11,21000,100,229.16,32.26177
DDQN,200,11,22000,100,217.56,37.345078
DDQN,200,11,23000,100,230.24,40.323116
DDQN,200,11,24000,100,220.48,44.58132
DDQN,200,11,25000,100,227.04,48.526142
DDQN,200,11,26000,100,241.68,50.60993
DDQN,200,11,27000,100,241.0,52.589005
DDQN,200,11,28000,100,258.04,51.346523
DDQN,200,11,29000,100,293.8,52.188408
DDQN,200,11,30000,100,320.68,53.635517
DDQN,200,11,31000,100,210.2,61.179043
DDQN,200,11,32000,100,169.48,68.02077
DDQN,200,11,33000,100,144.88,73.93543
DDQN,200,11,34000,100,180.76,68.05689
DDQN,200,11,35000,100,171.4,69.83187
DDQN,200,11,36000,100,148.12,74.71298
DDQN,200,11,37000,100,130.24,80.00544
DDQN,200,11,38000,100,120.04,83.48651
DDQN,200,11,39000,100,139.88,76.96977
DDQN,200,11,40000,100,117.24,83.92509
DDQN,200,11,41000,100,117.96,85.2478
DDQN,200,11,42000,100,125.04,83.33685
DDQN,200,11,43000,100,129.96,81.68752
DDQN,200,11,44000,100,143.44,78.258255
DDQN,200,11,45000,100,162.24,72.57172
DDQN,200,11,46000,100,126.64,80.15801
DDQN,200,11,47000,100,193.44,65.15596
DDQN,200,11,48000,100,300.96,55.310856
DDQN,200,11,49000,100,439.8,49.0893
DDQN,200,11,50000,100,354.2,49.216583
DDQN,200,11,51000,100,313.08,49.33866
DDQN,200,11,52000,100,296.8,49.94272
DDQN,200,11,53000,100,298.72,48.611416
DDQN,200,11,54000,100,337.08,46.768627
DDQN,200,11,55000,100,323.8,46.481895
DDQN,200,11,56000,100,343.4,44.839405
DDQN,200,11,57000,100,1741.48,40.903526
DDQN,200,11,58000,100,2892.96,38.00788
DDQN,200,11,59000,100,1757.92,37.877438
DDQN,200,11,60000,100,3000.0,34.969833
DDQN,200,11,61000,100,3000.0,33.70794
DDQN,200,11,62000,100,3000.0,32.823208
DDQN,200,11,63000,100,3000.0,32.32259
DDQN,200,11,64000,100,3000.0,31.80651
DDQN,200,11,65000,100,3000.0,30.90833
DDQN,200,11,66000,100,3000.0,30.52153
DDQN,200,11,67000,100,3000.0,29.908056
DDQN,200,11,68000,100,3000.0,29.093925
DDQN,200,11,69000,100,3000.0,29.008179
DDQN,200,11,70000,100,3000.0,29.343277
DDQN,200,11,71000,100,2383.76,29.758125
DDQN,200,11,72000,100,3000.0,30.141985
DDQN,200,11,73000,100,3000.0,29.887104
DDQN,200,11,74000,100,3000.0,30.019434
DDQN,200,11,75000,100,3000.0,29.282993
DDQN,200,11,76000,100,2890.76,28.44149
DDQN,200,11,77000,100,3000.0,27.39173
DDQN,200,11,78000,100,1818.64,25.977741
DDQN,200,11,79000,100,2428.52,30.410975
DDQN,200,11,80000,100,3000.0,24.51876
DDQN,200,11,81000,100,1101.2,35.545555
DDQN,200,11,82000,100,2065.2,24.111303
DDQN,200,11,83000,100,3000.0,23.29016
DDQN,200,11,84000,100,156.56,43.776222
DDQN,200,11,85000,100,3000.0,21.962622
DDQN,200,11,86000,100,2659.52,23.447458
DDQN,200,11,87000,100,3000.0,20.436808
DDQN,200,11,88000,100,3000.0,19.850164
DDQN,200,11,89000,100,3000.0,19.482616
DDQN,200,11,90000,100,328.2,22.831558
DDQN,200,11,91000,100,1310.84,20.170843
DDQN,200,11,92000,100,446.48,27.98421
DDQN,200,11,93000,100,1388.32,19.893812
DDQN,200,11,94000,100,2595.76,17.93364
DDQN,200,11,95000,100,992.08,19.85837
DDQN,200,11,96000,100,272.68,24.020432
DDQN,200,11,97000,100,3000.0,17.558914
DDQN,200,11,98000,100,3000.0,17.254776
DDQN,200,11,99000,100,3000.0,16.906004
DDQN,200,11,100000,100,3000.0,17.385748
DDQN,200,12,1000,100,9.28,-8.828122
DDQN,200,12,2000,100,73.8,-47.00587
DDQN,200,12,3000,100,382.32,-85.94192
DDQN,200,12,4000,100,238.24,-73.823105
DDQN,200,12,5000,100,200.56,-64.82204
DDQN,200,12,6000,100,173.88,-54.91364
DDQN,200,12,7000,100,170.2,-49.243965
DDQN,200,12,8000,100,157.96,-41.09166
DDQN,200,12,9000,100,180.28,-38.38274
DDQN,200,12,10000,100,194.32,-33.067097
DDQN,200,12,11000,100,182.24,-25.388428
DDQN,200,12,12000,100,202.28,-20.18578
DDQN,200,12,13000,100,187.24,-13.0481825
DDQN,200,12,14000,100,181.32,-4.570475
DDQN,200,12,15000,100,198.8,-0.8229645
DDQN,200,12,16000,100,185.4,5.100145
DDQN,200,12,17000,100,196.52,8.9157715
DDQN,200,12,18000,100,208.84,12.058162
DDQN,200,12,19000,100,197.48,17.817747
DDQN,200,12,20000,100,210.16,20.796204
DDQN,200,12,21000,100,168.64,30.041746
DDQN,200,12,22000,100,186.4,30.154604
DDQN,200,12,23000,100,186.0,33.788475
DDQN,200,12,24000,100,191.84,35.07032
DDQN,200,12,25000,100,197.76,35.435707
DDQN,200,12,26000,100,181.92,39.30095
DDQN,200,12,27000,100,164.44,42.790207
DDQN,200,12,28000,100,201.6,38.43186
DDQN,200,12,29000,100,181.88,43.208885
DDQN,200,12,30000,100,200.4,42.095993
DDQN,200,12,31000,100,179.48,47.542202
DDQN,200,12,32000,100,231.6,43.07927
DDQN,200,12,33000,100,208.6,46.60181
DDQN,200,12,34000,100,176.88,53.233803
DDQN,200,12,35000,100,199.64,51.35347
DDQN,200,12,36000,100,199.96,52.32988
DDQN,200,12,37000,100,207.68,53.68037
DDQN,200,12,38000,100,156.44,63.62298
DDQN,200,12,39000,100,164.0,64.51071
DDQN,200,12,40000,100,233.56,56.346386
DDQN,200,12,41000,100,167.48,64.84548
DDQN,200,12,42000,100,139.08,71.54746
DDQN,200,12,43000,100,144.16,71.55239
DDQN,200,12,44000,100,123.72,80.00796
DDQN,200,12,45000,100,155.08,74.48939
DDQN,200,12,46000,100,143.44,76.93802
DDQN,200,12,47000,100,150.0,75.888916
DDQN,200,12,48000,100,161.08,73.8727
DDQN,200,12,49000,100,139.92,80.29397
DDQN,200,12,50000,100,296.68,62.94871
DDQN,200,12,51000,100,302.56,61.954277
DDQN,200,12,52000,100,292.16,62.433956
DDQN,200,12,53000,100,261.64,64.62485
DDQN,200,12,54000,100,265.88,64.56572
DDQN,200,12,55000,100,273.92,63.477814
DDQN,200,12,56000,100,302.72,61.21108
DDQN,200,12,57000,100,318.16,59.955738
DDQN,200,12,58000,100,322.6,58.777355
DDQN,200,12,59000,100,375.96,55.957413
DDQN,200,12,60000,100,354.36,56.166515
DDQN,200,12,61000,100,353.72,56.46033
DDQN,200,12,62000,100,277.44,60.020172
DDQN,200,12,63000,100,327.76,57.238384
DDQN,200,12,64000,100,347.48,55.579468
DDQN,200,12,65000,100,370.72,54.754585
DDQN,200,12,66000,100,383.28,52.73169
DDQN,200,12,67000,100,421.4,51.139843
DDQN,200,12,68000,100,402.2,51.038624
DDQN,200,12,69000,100,425.24,49.5489
DDQN,200,12,70000,100,378.32,49.218887
DDQN,200,12,71000,100,368.84,47.700043
DDQN,200,12,72000,100,339.76,47.667614
DDQN,200,12,73000,100,346.16,45.874195
DDQN,200,12,74000,100,328.72,44.197544
DDQN,200,12,75000,100,333.56,42.727676
DDQN,200,12,76000,100,1516.8,39.67642
DDQN,200,12,77000,100,3000.0,36.851406
DDQN,200,12,78000,100,3000.0,35.86114
DDQN,200,12,79000,100,3000.0,35.085674
DDQN,200,12,80000,100,3000.0,34.594803
DDQN,200,12,81000,100,3000.0,34.41242
DDQN,200,12,82000,100,3000.0,34.197567
DDQN,200,12,83000,100,3000.0,33.366222
DDQN,200,12,84000,100,3000.0,32.19883
DDQN,200,12,85000,100,3000.0,31.626785
DDQN,200,12,86000,100,3000.0,30.747236
DDQN,200,12,87000,100,3000.0,29.330688
DDQN,200,12,88000,100,3000.0,27.623491
DDQN,200,12,89000,100,3000.0,26.549
DDQN,200,12,90000,100,3000.0,25.788376
DDQN,200,12,91000,100,3000.0,25.124338
DDQN,200,12,92000,100,3000.0,24.794931
DDQN,200,12,93000,100,294.12,29.164923
DDQN,200,12,94000,100,313.52,26.655144
DDQN,200,12,95000,100,378.76,24.975256
DDQN,200,12,96000,100,330.88,25.73007
DDQN,200,12,97000,100,117.2,53.15981
DDQN,200,12,98000,100,329.2,26.965235
DDQN,200,12,99000,100,3000.0,23.947403
DDQN,200,12,100000,100,635.84,29.794992
DDQN,200,13,1000,100,10.56,-10.078116
DDQN,200,13,2000,100,53.68,-34.07811
DDQN,200,13,3000,100,285.8,-83.10916
DDQN,200,13,4000,100,209.0,-71.38024
DDQN,200,13,5000,100,200.08,-64.89999
DDQN,200,13,6000,100,223.88,-61.863544
DDQN,200,13,7000,100,231.68,-56.377842
DDQN,200,13,8000,100,244.8,-51.28369
DDQN,200,13,9000,100,222.96,-42.26411
DDQN,200,13,10000,100,223.0,-37.115627
DDQN,200,13,11000,100,220.96,-29.438974
DDQN,200,13,12000,100,224.92,-24.354214
DDQN,200,13,13000,100,246.12,-19.974405
DDQN,200,13,14000,100,247.44,-13.813611
DDQN,200,13,15000,100,248.92,-7.145699
DDQN,200,13,16000,100,275.68,-5.47735
DDQN,200,13,17000,100,254.52,1.4571533
DDQN,200,13,18000,100,249.88,7.2001038
DDQN,200,13,19000,100,274.64,9.688127
DDQN,200,13,20000,100,278.76,13.06332
DDQN,200,13,21000,100,288.4,15.447149
DDQN,200,13,22000,100,251.36,20.819407
DDQN,200,13,23000,100,279.48,21.163591
DDQN,200,13,24000,100,219.36,28.1875
DDQN,200,13,25000,100,2565.12,20.173449
DDQN,200,13,26000,100,2263.68,21.902998
DDQN,200,13,27000,100,2718.08,24.754221
DDQN,200,13,28000,100,601.4,26.277397
DDQN,200,13,29000,100,231.84,36.155994
DDQN,200,13,30000,100,232.88,38.641773
DDQN,200,13,31000,100,310.88,33.391335
DDQN,200,13,32000,100,258.32,39.190308
DDQN,200,13,33000,100,244.6,41.152534
DDQN,200,13,34000,100,149.0,53.84104
DDQN,200,13,35000,100,196.64,49.49088
DDQN,200,13,36000,100,165.76,54.54501
DDQN,200,13,37000,100,159.04,59.354687
DDQN,200,13,38000,100,158.28,62.730972
DDQN,200,13,39000,100,169.68,62.848312
DDQN,200,13,40000,100,572.76,51.272873
DDQN,200,13,41000,100,146.36,71.663826
DDQN,200,13,42000,100,406.88,56.297848
DDQN,200,13,43000,100,437.68,56.92181
DDQN,200,13,44000,100,187.24,76.528534
DDQN,200,13,45000,100,141.44,84.5234
DDQN,200,13,46000,100,133.96,88.39231
DDQN,200,13,47000,100,144.24,86.31805
DDQN,200,13,48000,100,140.52,88.88682
DDQN,200,13,49000,100,138.32,91.33161
DDQN,200,13,50000,100,133.48,92.90539
DDQN,200,13,51000,100,132.72,93.84965
DDQN,200,13,52000,100,143.4,92.61883
DDQN,200,13,53000,100,161.56,90.08291
DDQN,200,13,54000,100,196.4,85.13253
DDQN,200,13,55000,100,191.48,85.43995
DDQN,200,13,56000,100,506.6,78.58046
DDQN,200,13,57000,100,268.72,81.058784
DDQN,200,13,58000,100,535.8,68.59487
DDQN,200,13,59000,100,169.6,86.048965
DDQN,200,13,60000,100,583.04,71.80906
DDQN,200,13,61000,100,3000.0,66.51253
DDQN,200,13,62000,100,3000.0,64.61373
DDQN,200,13,63000,100,3000.0,63.61764
DDQN,200,13,64000,100,3000.0,61.961334
DDQN,200,13,65000,100,3000.0,60.551846
DDQN,200,13,66000,100,3000.0,58.895664
DDQN,200,13,67000,100,3000.0,57.35222
DDQN,200,13,68000,100,3000.0,55.356823
DDQN,200,13,69000,100,3000.0,53.42723
DDQN,200,13,70000,100,3000.0,50.976757
DDQN,200,13,71000,100,3000.0,49.141613
DDQN,200,13,72000,100,3000.0,47.17003
DDQN,200,13,73000,100,3000.0,45.717575
DDQN,200,13,74000,100,3000.0,44.404194
DDQN,200,13,75000,100,3000.0,45.6048
DDQN,200,13,76000,100,3000.0,46.333603
DDQN,200,13,77000,100,3000.0,46.681202
DDQN,200,13,78000,100,3000.0,47.09104
DDQN,200,13,79000,100,3000.0,47.373768
DDQN,200,13,80000,100,3000.0,49.558495
DDQN,200,13,81000,100,3000.0,50.910107
DDQN,200,13,82000,100,3000.0,50.505615
DDQN,200,13,83000,100,3000.0,49.927036
DDQN,200,13,84000,100,3000.0,50.5587
DDQN,200,13,85000,100,3000.0,50.315098
DDQN,200,13,86000,100,3000.0,49.854053
DDQN,200,13,87000,100,3000.0,49.228413
DDQN,200,13,88000,100,3000.0,48.08637
DDQN,200,13,89000,100,306.32,52.79197
DDQN,200,13,90000,100,328.16,53.036167
DDQN,200,13,91000,100,364.44,54.163647
DDQN,200,13,92000,100,419.88,55.44584
DDQN,200,13,93000,100,2896.12,53.778603
DDQN,200,13,94000,100,416.32,53.697643
DDQN,200,13,95000,100,639.76,53.661423
DDQN,200,13,96000,100,341.56,55.77717
DDQN,200,13,97000,100,1149.12,53.362747
DDQN,200,13,98000,100,1845.76,52.06333
DDQN,200,13,99000,100,2593.88,50.59325
DDQN,200,13,100000,100,3000.0,48.811695
DDQN,200,14,1000,100,9.44,-9.00862
DDQN,200,14,2000,100,236.8,-82.96815
DDQN,200,14,3000,100,355.48,-85.548615
DDQN,200,14,4000,100,192.84,-69.25814
DDQN,200,14,5000,100,236.76,-68.22134
DDQN,200,14,6000,100,225.04,-61.994595
DDQN,200,14,7000,100,203.72,-54.700768
DDQN,200,14,8000,100,196.6,-47.54602
DDQN,200,14,9000,100,213.64,-42.910145
DDQN,200,14,10000,100,235.92,-39.27167
DDQN,200,14,11000,100,242.4,-33.979984
DDQN,200,14,12000,100,219.68,-24.841835
DDQN,200,14,13000,100,251.24,-20.124321
DDQN,200,14,14000,100,263.36,-16.306019
DDQN,200,14,15000,100,281.92,-12.150954
DDQN,200,14,16000,100,332.36,-9.658085
DDQN,200,14,17000,100,324.48,-3.8445356
DDQN,200,14,18000,100,378.4,-0.24024291
DDQN,200,14,19000,100,394.12,3.8395593
DDQN,200,14,20000,100,466.48,7.092466
DDQN,200,14,21000,100,3000.0,9.537025
DDQN,200,14,22000,100,2489.44,11.925784
DDQN,200,14,23000,100,3000.0,14.250972
DDQN,200,14,24000,100,818.64,16.779474
DDQN,200,14,25000,100,769.64,17.406874
DDQN,200,14,26000,100,2935.68,19.00873
DDQN,200,14,27000,100,242.52,30.068672
DDQN,200,14,28000,100,189.8,38.85204
DDQN,200,14,29000,100,205.32,39.701748
DDQN,200,14,30000,100,2026.4,30.18547
DDQN,200,14,31000,100,3000.0,33.761356
DDQN,200,14,32000,100,2937.64,37.017975
DDQN,200,14,33000,100,397.68,43.801636
DDQN,200,14,34000,100,467.56,43.572094
DDQN,200,14,35000,100,550.16,46.43624
DDQN,200,14,36000,100,581.28,47.12453
DDQN,200,14,37000,100,471.6,47.432484
DDQN,200,14,38000,100,324.4,52.36537
DDQN,200,14,39000,100,451.24,52.34125
DDQN,200,14,40000,100,392.44,54.268307
DDQN,200,14,41000,100,393.56,57.257442
DDQN,200,14,42000,100,396.2,58.35065
DDQN,200,14,43000,100,372.48,60.486015
DDQN,200,14,44000,100,377.16,61.410072
DDQN,200,14,45000,100,371.88,62.08409
DDQN,200,14,46000,100,354.2,64.03246
DDQN,200,14,47000,100,408.28,63.601494
DDQN,200,14,48000,100,330.56,68.466965
DDQN,200,14,49000,100,323.04,67.53786
DDQN,200,14,50000,100,352.52,68.41257
DDQN,200,14,51000,100,353.92,69.11302
DDQN,200,14,52000,100,468.0,66.81494
DDQN,200,14,53000,100,462.44,67.012985
DDQN,200,14,54000,100,513.88,68.91606
DDQN,200,14,55000,100,505.04,68.36427
DDQN,200,14,56000,100,471.24,69.09245
DDQN,200,14,57000,100,525.84,68.89054
DDQN,200,14,58000,100,552.32,70.76434
DDQN,200,14,59000,100,560.72,72.33864
DDQN,200,14,60000,100,583.68,72.202034
DDQN,200,14,61000,100,464.44,78.93984
DDQN,200,14,62000,100,553.68,78.76709
DDQN,200,14,63000,100,611.64,80.31391
DDQN,200,14,64000,100,2482.64,83.32659
DDQN,200,14,65000,100,3000.0,87.38872
DDQN,200,14,66000,100,3000.0,89.52088
DDQN,200,14,67000,100,3000.0,91.72783
DDQN,200,14,68000,100,3000.0,92.07001
DDQN,200,14,69000,100,3000.0,91.929955
DDQN,200,14,70000,100,3000.0,92.30985
DDQN,200,14,71000,100,3000.0,91.790504
DDQN,200,14,72000,100,3000.0,88.94294
DDQN,200,14,73000,100,3000.0,87.93337
DDQN,200,14,74000,100,3000.0,85.2695
DDQN,200,14,75000,100,3000.0,82.99038
DDQN,200,14,76000,100,3000.0,81.43971
DDQN,200,14,77000,100,3000.0,78.35052
DDQN,200,14,78000,100,3000.0,76.01548
DDQN,200,14,79000,100,3000.0,72.97683
DDQN,200,14,80000,100,3000.0,71.44756
DDQN,200,14,81000,100,3000.0,68.9274
DDQN,200,14,82000,100,3000.0,67.11734
DDQN,200,14,83000,100,3000.0,64.80941
DDQN,200,14,84000,100,3000.0,63.087208
DDQN,200,14,85000,100,3000.0,60.341915
DDQN,200,14,86000,100,3000.0,57.96141
DDQN,200,14,87000,100,3000.0,55.467735
DDQN,200,14,88000,100,3000.0,53.127098
DDQN,200,14,89000,100,3000.0,50.527924
DDQN,200,14,90000,100,3000.0,48.28603
DDQN,200,14,91000,100,3000.0,46.674973
DDQN,200,14,92000,100,3000.0,44.81754
DDQN,200,14,93000,100,3000.0,43.54713
DDQN,200,14,94000,100,3000.0,42.32002
DDQN,200,14,95000,100,3000.0,40.498978
DDQN,200,14,96000,100,3000.0,39.105507
DDQN,200,14,97000,100,3000.0,38.5648
DDQN,200,14,98000,100,3000.0,37.83897
DDQN,200,14,99000,100,399.12,43.634727
DDQN,200,14,100000,100,160.08,56.387505
DDQN,200,15,1000,100,9.28,-8.852837
DDQN,200,15,2000,100,35.4,-24.921741
DDQN,200,15,3000,100,368.56,-87.043396
DDQN,200,15,4000,100,241.4,-75.07396
DDQN,200,15,5000,100,189.12,-62.774628
DDQN,200,15,6000,100,184.64,-56.64252
DDQN,200,15,7000,100,184.12,-52.140663
DDQN,200,15,8000,100,190.04,-46.87877
DDQN,200,15,9000,100,191.6,-40.55386
DDQN,200,15,10000,100,210.84,-35.945927
DDQN,200,15,11000,100,204.52,-29.046831
DDQN,200,15,12000,100,212.92,-23.071877
DDQN,200,15,13000,100,206.84,-13.39165
DDQN,200,15,14000,100,230.64,-11.602725
DDQN,200,15,15000,100,224.6,-4.38931
DDQN,200,15,16000,100,243.52,0.30761963
DDQN,200,15,17000,100,247.04,6.778425
DDQN,200,15,18000,100,228.08,14.791898
DDQN,200,15,19000,100,236.12,18.410618
DDQN,200,15,20000,100,233.04,23.587984
DDQN,200,15,21000,100,250.44,26.293947
DDQN,200,15,22000,100,239.08,30.563076
DDQN,200,15,23000,100,240.28,33.87206
DDQN,200,15,24000,100,231.84,37.67414
DDQN,200,15,25000,100,218.32,41.142826
DDQN,200,15,26000,100,222.48,43.16188
DDQN,200,15,27000,100,155.24,53.328632
DDQN,200,15,28000,100,137.88,60.129166
DDQN,200,15,29000,100,158.52,56.5903
DDQN,200,15,30000,100,156.24,57.843273
DDQN,200,15,31000,100,158.0,58.56904
DDQN,200,15,32000,100,154.28,60.56811
DDQN,200,15,33000,100,146.48,64.04576
DDQN,200,15,34000,100,139.28,67.241936
DDQN,200,15,35000,100,182.32,59.281437
DDQN,200,15,36000,100,186.76,58.96187
DDQN,200,15,37000,100,559.2,44.265717
DDQN,200,15,38000,100,179.76,60.516426
DDQN,200,15,39000,100,168.68,63.089256
DDQN,200,15,40000,100,163.96,64.7114
DDQN,200,15,41000,100,194.48,60.81879
DDQN,200,15,42000,100,145.56,71.216805
DDQN,200,15,43000,100,149.92,71.73203
DDQN,200,15,44000,100,164.56,69.74424
DDQN,200,15,45000,100,344.64,55.37069
DDQN,200,15,46000,100,306.12,54.91293
DDQN,200,15,47000,100,269.48,57.413406
DDQN,200,15,48000,100,320.04,54.159145
DDQN,200,15,49000,100,293.28,55.81944
DDQN,200,15,50000,100,275.64,53.74729
DDQN,200,15,51000,100,295.56,52.371544
DDQN,200,15,52000,100,307.96,51.136818
DDQN,200,15,53000,100,314.0,49.652622
DDQN,200,15,54000,100,259.32,53.61075
DDQN,200,15,55000,100,151.24,64.708084
DDQN,200,15,56000,100,141.44,67.115456
DDQN,200,15,57000,100,191.96,58.235912
DDQN,200,15,58000,100,170.2,59.57726
DDQN,200,15,59000,100,144.92,64.57707
DDQN,200,15,60000,100,124.2,71.032265
DDQN,200,15,61000,100,118.64,74.390526
DDQN,200,15,62000,100,126.64,73.06092
DDQN,200,15,63000,100,127.0,74.7919
DDQN,200,15,64000,100,178.12,64.25749
DDQN,200,15,65000,100,201.72,60.150654
DDQN,200,15,66000,100,185.08,62.666153
DDQN,200,15,67000,100,429.64,48.296593
DDQN,200,15,68000,100,351.92,48.99291
DDQN,200,15,69000,100,438.92,46.981865
DDQN,200,15,70000,100,507.04,45.75127
DDQN,200,15,71000,100,1617.44,43.492104
DDQN,200,15,72000,100,3000.0,42.29523
DDQN,200,15,73000,100,3000.0,41.087543
DDQN,200,15,74000,100,3000.0,40.003242
DDQN,200,15,75000,100,3000.0,38.519028
DDQN,200,15,76000,100,2262.0,37.595505
DDQN,200,15,77000,100,2003.6,36.92061
DDQN,200,15,78000,100,3000.0,36.634132
DDQN,200,15,79000,100,3000.0,36.566624
DDQN,200,15,80000,100,3000.0,36.407055
DDQN,200,15,81000,100,3000.0,36.389576
DDQN,200,15,82000,100,3000.0,35.820087
DDQN,200,15,83000,100,3000.0,36.541065
DDQN,200,15,84000,100,2940.32,36.980995
DDQN,200,15,85000,100,3000.0,36.088203
DDQN,200,15,86000,100,802.52,36.929543
DDQN,200,15,87000,100,149.28,58.30394
DDQN,200,15,88000,100,161.44,54.364433
DDQN,200,15,89000,100,146.52,56.570145
DDQN,200,15,90000,100,136.52,58.631245
DDQN,200,15,91000,100,2235.0,35.74082
DDQN,200,15,92000,100,2893.28,33.851715
DDQN,200,15,93000,100,240.4,43.978806
DDQN,200,15,94000,100,3000.0,31.343777
DDQN,200,15,95000,100,3000.0,30.213755
DDQN,200,15,96000,100,188.92,45.552032
DDQN,200,15,97000,100,2664.4,31.891045
DDQN,200,15,98000,100,486.56,32.119892
DDQN,200,15,99000,100,179.16,46.04046
DDQN,200,15,100000,100,2889.76,27.507946
DDQN,200,16,1000,100,9.44,-9.077558
DDQN,200,16,2000,100,221.36,-44.84302
DDQN,200,16,3000,100,209.56,-77.79037
DDQN,200,16,4000,100,256.0,-75.75147
DDQN,200,16,5000,100,224.04,-67.99814
DDQN,200,16,6000,100,204.76,-59.723057
DDQN,200,16,7000,100,193.92,-52.159225
DDQN,200,16,8000,100,188.28,-44.441475
DDQN,200,16,9000,100,190.6,-37.652145
DDQN,200,16,10000,100,201.52,-30.354258
DDQN,200,16,11000,100,201.44,-24.758692
DDQN,200,16,12000,100,211.84,-18.406527
DDQN,200,16,13000,100,191.76,-8.192279
DDQN,200,16,14000,100,192.76,-2.2860878
DDQN,200,16,15000,100,180.64,6.4726796
DDQN,200,16,16000,100,166.68,14.181823
DDQN,200,16,17000,100,179.52,17.132715
DDQN,200,16,18000,100,181.24,20.735933
DDQN,200,16,19000,100,178.88,24.81282
DDQN,200,16,20000,100,128.2,37.675503
DDQN,200,16,21000,100,143.96,37.797142
DDQN,200,16,22000,100,158.08,37.08935
DDQN,200,16,23000,100,172.8,36.108646
DDQN,200,16,24000,100,188.36,36.66769
DDQN,200,16,25000,100,139.0,48.263084
DDQN,200,16,26000,100,131.48,53.877308
DDQN,200,16,27000,100,156.4,52.264004
DDQN,200,16,28000,100,166.12,51.77269
DDQN,200,16,29000,100,161.92,55.025158
DDQN,200,16,30000,100,154.96,59.694843
DDQN,200,16,31000,100,128.32,67.95681
DDQN,200,16,32000,100,132.88,70.11375
DDQN,200,16,33000,100,132.04,73.59555
DDQN,200,16,34000,100,134.56,76.424416
DDQN,200,16,35000,100,133.64,79.21629
DDQN,200,16,36000,100,117.96,87.032845
DDQN,200,16,37000,100,121.6,90.08008
DDQN,200,16,38000,100,122.52,92.12391
DDQN,200,16,39000,100,116.28,94.67302
DDQN,200,16,40000,100,128.24,91.926834
DDQN,200,16,41000,100,113.64,98.53966
DDQN,200,16,42000,100,115.48,97.704
DDQN,200,16,43000,100,114.4,100.65036
DDQN,200,16,44000,100,144.12,91.93585
DDQN,200,16,45000,100,152.8,89.79046
DDQN,200,16,46000,100,171.16,85.39801
DDQN,200,16,47000,100,201.92,83.76038
DDQN,200,16,48000,100,202.0,84.1767
DDQN,200,16,49000,100,203.32,82.5467
DDQN,200,16,50000,100,192.92,83.573616
DDQN,200,16,51000,100,231.84,80.68394
DDQN,200,16,52000,100,267.36,77.93066
DDQN,200,16,53000,100,276.36,84.23982
DDQN,200,16,54000,100,435.96,79.79333
DDQN,200,16,55000,100,136.72,107.74968
DDQN,200,16,56000,100,137.12,113.07109
DDQN,200,16,57000,100,159.24,110.72505
DDQN,200,16,58000,100,134.56,120.2084
DDQN,200,16,59000,100,145.6,117.86041
DDQN,200,16,60000,100,146.52,118.53166
DDQN,200,16,61000,100,143.32,123.39451
DDQN,200,16,62000,100,164.04,122.946686
DDQN,200,16,63000,100,160.04,126.47934
DDQN,200,16,64000,100,170.28,129.2652
DDQN,200,16,65000,100,167.44,134.89705
DDQN,200,16,66000,100,154.04,143.80017
DDQN,200,16,67000,100,154.2,149.65656
DDQN,200,16,68000,100,163.32,154.87859
DDQN,200,16,69000,100,164.08,164.20103
DDQN,200,16,70000,100,1801.12,155.26073
DDQN,200,16,71000,100,3000.0,158.04211
DDQN,200,16,72000,100,2788.92,160.83893
DDQN,200,16,73000,100,3000.0,163.4941
DDQN,200,16,74000,100,3000.0,164.24898
DDQN,200,16,75000,100,3000.0,162.81279
DDQN,200,16,76000,100,3000.0,159.15105
DDQN,200,16,77000,100,3000.0,156.69922
DDQN,200,16,78000,100,3000.0,152.95134
DDQN,200,16,79000,100,3000.0,149.22815
DDQN,200,16,80000,100,3000.0,143.54874
DDQN,200,16,81000,100,3000.0,137.84508
DDQN,200,16,82000,100,3000.0,131.52928
DDQN,200,16,83000,100,3000.0,125.48521
DDQN,200,16,84000,100,3000.0,119.17157
DDQN,200,16,85000,100,3000.0,114.3417
DDQN,200,16,86000,100,3000.0,109.4291
DDQN,200,16,87000,100,3000.0,104.61741
DDQN,200,16,88000,100,3000.0,99.39751
DDQN,200,16,89000,100,3000.0,95.07812
DDQN,200,16,90000,100,3000.0,92.61304
DDQN,200,16,91000,100,3000.0,90.59184
DDQN,200,16,92000,100,3000.0,88.84623
DDQN,200,16,93000,100,3000.0,86.50349
DDQN,200,16,94000,100,3000.0,84.18823
DDQN,200,16,95000,100,3000.0,80.090454
DDQN,200,16,96000,100,3000.0,77.09362
DDQN,200,16,97000,100,2865.0,73.732605
DDQN,200,16,98000,100,413.04,75.64883
DDQN,200,16,99000,100,530.8,70.94483
DDQN,200,16,100000,100,3000.0,65.06854
DDQN,200,17,1000,100,9.28,-8.903303
DDQN,200,17,2000,100,84.12,-52.24997
DDQN,200,17,3000,100,420.2,-88.5315
DDQN,200,17,4000,100,267.04,-77.5659
DDQN,200,17,5000,100,200.44,-65.41392
DDQN,200,17,6000,100,203.0,-59.846626
DDQN,200,17,7000,100,208.56,-53.596558
DDQN,200,17,8000,100,188.24,-46.874317
DDQN,200,17,9000,100,189.92,-40.77443
DDQN,200,17,10000,100,164.72,-30.578876
DDQN,200,17,11000,100,189.0,-29.454208
DDQN,200,17,12000,100,215.8,-27.749565
DDQN,200,17,13000,100,231.4,-23.398026
DDQN,200,17,14000,100,225.36,-18.270391
DDQN,200,17,15000,100,228.6,-12.126836
DDQN,200,17,16000,100,266.24,-12.825606
DDQN,200,17,17000,100,183.12,-0.59955263
DDQN,200,17,18000,100,653.64,-8.923526
DDQN,200,17,19000,100,227.64,0.728609
DDQN,200,17,20000,100,1994.76,-7.00708
DDQN,200,17,21000,100,2901.4,-4.3882017
DDQN,200,17,22000,100,2891.44,-1.3188418
DDQN,200,17,23000,100,179.56,18.281326
DDQN,200,17,24000,100,352.56,12.343982
DDQN,200,17,25000,100,134.64,33.616367
DDQN,200,17,26000,100,125.48,40.00896
DDQN,200,17,27000,100,116.12,46.521885
DDQN,200,17,28000,100,131.24,43.72633
DDQN,200,17,29000,100,110.96,52.89343
DDQN,200,17,30000,100,116.08,55.073166
DDQN,200,17,31000,100,107.96,60.791847
DDQN,200,17,32000,100,105.96,63.52293
DDQN,200,17,33000,100,104.12,66.008934
DDQN,200,17,34000,100,109.12,65.801285
DDQN,200,17,35000,100,110.76,67.981346
DDQN,200,17,36000,100,105.68,71.47898
DDQN,200,17,37000,100,109.32,72.24187
DDQN,200,17,38000,100,116.48,71.417404
DDQN,200,17,39000,100,107.12,76.134575
DDQN,200,17,40000,100,118.32,74.98416
DDQN,200,17,41000,100,119.6,77.34607
DDQN,200,17,42000,100,109.36,83.345276
DDQN,200,17,43000,100,144.12,76.209
DDQN,200,17,44000,100,320.96,62.561176
DDQN,200,17,45000,100,331.8,59.13892
DDQN,200,17,46000,100,221.48,67.81898
DDQN,200,17,47000,100,244.68,66.12609
DDQN,200,17,48000,100,205.4,70.53936
DDQN,200,17,49000,100,319.16,61.60141
DDQN,200,17,50000,100,263.44,69.174324
DDQN,200,17,51000,100,348.04,60.45542
DDQN,200,17,52000,100,538.4,59.315357
DDQN,200,17,53000,100,929.16,56.24484
DDQN,200,17,54000,100,1031.92,54.817226
DDQN,200,17,55000,100,1326.32,54.89849
DDQN,200,17,56000,100,2437.08,53.02407
DDQN,200,17,57000,100,2984.56,52.270504
DDQN,200,17,58000,100,2672.68,51.713634
DDQN,200,17,59000,100,3000.0,50.636997
DDQN,200,17,60000,100,2208.88,49.541214
DDQN,200,17,61000,100,3000.0,48.278732
DDQN,200,17,62000,100,3000.0,47.189976
DDQN,200,17,63000,100,2451.2,46.15681
DDQN,200,17,64000,100,3000.0,45.23227
DDQN,200,17,65000,100,1126.52,44.679066
DDQN,200,17,66000,100,1513.2,43.812626
DDQN,200,17,67000,100,2266.32,43.53014
DDQN,200,17,68000,100,1710.76,42.816086
DDQN,200,17,69000,100,882.0,42.211292
DDQN,200,17,70000,100,1023.92,42.124565
DDQN,200,17,71000,100,1525.76,40.857582
DDQN,200,17,72000,100,3000.0,40.022194
DDQN,200,17,73000,100,3000.0,40.027214
DDQN,200,17,74000,100,3000.0,38.914425
DDQN,200,17,75000,100,3000.0,39.19925
DDQN,200,17,76000,100,3000.0,37.91812
DDQN,200,17,77000,100,3000.0,37.0466
DDQN,200,17,78000,100,3000.0,36.27616
DDQN,200,17,79000,100,3000.0,35.441177
DDQN,200,17,80000,100,1155.28,33.631233
DDQN,200,17,81000,100,780.6,32.71672
DDQN,200,17,82000,100,744.32,31.880543
DDQN,200,17,83000,100,699.64,31.23603
DDQN,200,17,84000,100,662.32,30.474838
DDQN,200,17,85000,100,2647.48,29.700943
DDQN,200,17,86000,100,285.84,36.405167
DDQN,200,17,87000,100,276.64,34.300797
DDQN,200,17,88000,100,288.36,33.763325
DDQN,200,17,89000,100,163.0,48.438213
DDQN,200,17,90000,100,127.12,56.389084
DDQN,200,17,91000,100,105.56,62.174904
DDQN,200,17,92000,100,105.88,65.6139
DDQN,200,17,93000,100,122.04,64.90437
DDQN,200,17,94000,100,130.08,67.54685
DDQN,200,17,95000,100,132.28,72.42226
DDQN,200,17,96000,100,638.92,52.211895
DDQN,200,17,97000,100,549.8,55.952477
DDQN,200,17,98000,100,335.6,64.13674
DDQN,200,17,99000,100,555.36,56.976162
DDQN,200,17,100000,100,256.64,73.27711
DDQN,200,18,1000,100,9.28,-8.845558
DDQN,200,18,2000,100,24.36,-16.828733
DDQN,200,18,3000,100,350.6,-86.645615
DDQN,200,18,4000,100,243.96,-76.03902
DDQN,200,18,5000,100,187.4,-63.71225
DDQN,200,18,6000,100,200.56,-58.83166
DDQN,200,18,7000,100,198.56,-53.134502
DDQN,200,18,8000,100,211.16,-49.11046
DDQN,200,18,9000,100,209.04,-42.046722
DDQN,200,18,10000,100,211.4,-34.66722
DDQN,200,18,11000,100,208.32,-27.473877
DDQN,200,18,12000,100,210.8,-20.687506
DDQN,200,18,13000,100,207.64,-12.535135
DDQN,200,18,14000,100,233.24,-7.3974667
DDQN,200,18,15000,100,254.24,-1.6385885
DDQN,200,18,16000,100,245.04,5.6705437
DDQN,200,18,17000,100,230.44,12.891084
DDQN,200,18,18000,100,233.48,18.224148
DDQN,200,18,19000,100,227.28,24.791998
DDQN,200,18,20000,100,217.0,30.950298
DDQN,200,18,21000,100,182.84,39.90407
DDQN,200,18,22000,100,226.64,39.53638
DDQN,200,18,23000,100,209.68,44.577877
DDQN,200,18,24000,100,165.08,55.22934
DDQN,200,18,25000,100,177.32,56.861988
DDQN,200,18,26000,100,171.12,62.639668
DDQN,200,18,27000,100,175.56,65.80662
DDQN,200,18,28000,100,169.0,71.371
DDQN,200,18,29000,100,143.44,81.3209
DDQN,200,18,30000,100,149.2,84.28999
DDQN,200,18,31000,100,144.16,87.100945
DDQN,200,18,32000,100,155.12,87.94094
DDQN,200,18,33000,100,149.32,92.58129
DDQN,200,18,34000,100,150.32,95.5541
DDQN,200,18,35000,100,119.04,106.15765
DDQN,200,18,36000,100,130.16,106.24164
DDQN,200,18,37000,100,129.8,109.67935
DDQN,200,18,38000,100,129.04,111.88638
DDQN,200,18,39000,100,127.8,115.64035
DDQN,200,18,40000,100,132.16,114.13993
DDQN,200,18,41000,100,138.68,115.03173
DDQN,200,18,42000,100,140.48,114.943214
DDQN,200,18,43000,100,141.28,115.63789
DDQN,200,18,44000,100,137.92,117.79022
DDQN,200,18,45000,100,153.0,116.06745
DDQN,200,18,46000,100,174.0,111.60013
DDQN,200,18,47000,100,174.4,111.52455
DDQN,200,18,48000,100,205.28,106.96251
DDQN,200,18,49000,100,179.08,111.60316
DDQN,200,18,50000,100,220.56,103.64111
DDQN,200,18,51000,100,2544.64,94.79193
DDQN,200,18,52000,100,488.76,91.75561
DDQN,200,18,53000,100,409.8,88.83856
DDQN,200,18,54000,100,347.88,88.89081
DDQN,200,18,55000,100,373.08,84.34482
DDQN,200,18,56000,100,416.52,81.128494
DDQN,200,18,57000,100,204.76,88.49734
DDQN,200,18,58000,100,358.04,77.13549
DDQN,200,18,59000,100,394.6,72.96555
DDQN,200,18,60000,100,332.88,72.17453
DDQN,200,18,61000,100,458.44,67.14947
DDQN,200,18,62000,100,474.16,65.35664
DDQN,200,18,63000,100,764.04,64.215195
DDQN,200,18,64000,100,565.68,62.17473
DDQN,200,18,65000,100,559.32,61.49443
DDQN,200,18,66000,100,581.32,59.27775
DDQN,200,18,67000,100,522.88,59.046486
DDQN,200,18,68000,100,465.52,60.11862
DDQN,200,18,69000,100,557.76,58.52082
DDQN,200,18,70000,100,531.56,58.178116
DDQN,200,18,71000,100,506.4,57.523106
DDQN,200,18,72000,100,582.76,56.280006
DDQN,200,18,73000,100,542.32,55.50479
DDQN,200,18,74000,100,431.76,58.717262
DDQN,200,18,75000,100,628.68,55.21163
DDQN,200,18,76000,100,266.84,63.782562
DDQN,200,18,77000,100,551.04,57.468266
DDQN,200,18,78000,100,505.56,57.163525
DDQN,200,18,79000,100,571.04,55.54784
DDQN,200,18,80000,100,435.28,56.77922
DDQN,200,18,81000,100,549.48,52.928898
DDQN,200,18,82000,100,596.4,52.220936
DDQN,200,18,83000,100,607.48,50.47362
DDQN,200,18,84000,100,591.44,49.627163
DDQN,200,18,85000,100,1027.52,48.016502
DDQN,200,18,86000,100,709.44,47.509926
DDQN,200,18,87000,100,691.12,46.44073
DDQN,200,18,88000,100,713.92,45.90029
DDQN,200,18,89000,100,669.28,44.752533
DDQN,200,18,90000,100,986.72,44.147778
DDQN,200,18,91000,100,955.52,43.925552
DDQN,200,18,92000,100,729.52,44.02933
DDQN,200,18,93000,100,852.76,43.65904
DDQN,200,18,94000,100,614.12,42.897583
DDQN,200,18,95000,100,433.2,44.72694
DDQN,200,18,96000,100,2810.2,40.486053
DDQN,200,18,97000,100,3000.0,39.594322
DDQN,200,18,98000,100,1372.36,38.99672
DDQN,200,18,99000,100,1249.52,37.75157
DDQN,200,18,100000,100,3000.0,37.52766
DDQN,200,19,1000,100,26.44,-23.165796
DDQN,200,19,2000,100,277.72,-88.94881
DDQN,200,19,3000,100,377.16,-87.58082
DDQN,200,19,4000,100,191.88,-69.28363
DDQN,200,19,5000,100,198.8,-65.246506
DDQN,200,19,6000,100,194.56,-58.83074
DDQN,200,19,7000,100,195.96,-53.08838
DDQN,200,19,8000,100,190.64,-47.352074
DDQN,200,19,9000,100,207.44,-43.55183
DDQN,200,19,10000,100,215.68,-38.31426
DDQN,200,19,11000,100,203.2,-31.328632
DDQN,200,19,12000,100,206.88,-26.146221
DDQN,200,19,13000,100,202.88,-19.691479
DDQN,200,19,14000,100,234.76,-18.510326
DDQN,200,19,15000,100,241.44,-14.121835
DDQN,200,19,16000,100,234.4,-8.802468
DDQN,200,19,17000,100,231.96,-5.23407
DDQN,200,19,18000,100,242.36,-3.2781777
DDQN,200,19,19000,100,158.08,10.583017
DDQN,200,19,20000,100,244.36,3.0185165
DDQN,200,19,21000,100,226.72,5.8127513
DDQN,200,19,22000,100,151.36,18.722858
DDQN,200,19,23000,100,232.84,8.531379
DDQN,200,19,24000,100,131.04,28.116077
DDQN,200,19,25000,100,216.76,15.583884
DDQN,200,19,26000,100,219.68,16.089241
DDQN,200,19,27000,100,177.6,23.176231
DDQN,200,19,28000,100,166.04,27.04113
DDQN,200,19,29000,100,165.72,29.133677
DDQN,200,19,30000,100,109.48,45.7109
DDQN,200,19,31000,100,120.24,43.575565
DDQN,200,19,32000,100,141.0,39.07882
DDQN,200,19,33000,100,122.52,46.44885
DDQN,200,19,34000,100,126.6,48.113293
DDQN,200,19,35000,100,125.92,49.762344
DDQN,200,19,36000,100,129.64,51.069267
DDQN,200,19,37000,100,126.16,54.641468
DDQN,200,19,38000,100,137.08,54.164913
DDQN,200,19,39000,100,136.2,55.64725
DDQN,200,19,40000,100,130.8,60.33613
DDQN,200,19,41000,100,128.2,62.132538
DDQN,200,19,42000,100,125.08,65.20075
DDQN,200,19,43000,100,128.84,66.94368
DDQN,200,19,44000,100,128.32,68.493034
DDQN,200,19,45000,100,128.84,69.91917
DDQN,200,19,46000,100,127.44,71.6428
DDQN,200,19,47000,100,144.88,69.91575
DDQN,200,19,48000,100,156.12,68.13931
DDQN,200,19,49000,100,147.56,70.59876
DDQN,200,19,50000,100,178.44,64.34941
DDQN,200,19,51000,100,181.76,63.751816
DDQN,200,19,52000,100,195.0,61.270775
DDQN,200,19,53000,100,201.68,59.07411
DDQN,200,19,54000,100,298.0,50.149803
DDQN,200,19,55000,100,922.48,43.646362
DDQN,200,19,56000,100,3000.0,42.982025
DDQN,200,19,57000,100,3000.0,43.568203
DDQN,200,19,58000,100,3000.0,42.175785
DDQN,200,19,59000,100,3000.0,40.446472
DDQN,200,19,60000,100,3000.0,39.260323
DDQN,200,19,61000,100,3000.0,37.8011
DDQN,200,19,62000,100,3000.0,36.668476
DDQN,200,19,63000,100,3000.0,35.21389
DDQN,200,19,64000,100,3000.0,33.976715
DDQN,200,19,65000,100,3000.0,32.602787
DDQN,200,19,66000,100,3000.0,31.831438
DDQN,200,19,67000,100,2933.44,30.724098
DDQN,200,19,68000,100,3000.0,29.714607
DDQN,200,19,69000,100,423.6,31.056175
DDQN,200,19,70000,100,678.84,31.493681
DDQN,200,19,71000,100,813.12,30.429869
DDQN,200,19,72000,100,2600.56,28.826536
DDQN,200,19,73000,100,3000.0,28.950989
DDQN,200,19,74000,100,3000.0,27.939793
DDQN,200,19,75000,100,3000.0,27.639263
DDQN,200,19,76000,100,3000.0,27.225046
DDQN,200,19,77000,100,3000.0,26.741474
DDQN,200,19,78000,100,3000.0,26.101435
DDQN,200,19,79000,100,3000.0,25.787369
DDQN,200,19,80000,100,3000.0,25.317316
DDQN,200,19,81000,100,3000.0,24.767075
DDQN,200,19,82000,100,3000.0,23.893188
DDQN,200,19,83000,100,3000.0,23.88238
DDQN,200,19,84000,100,3000.0,24.092207
DDQN,200,19,85000,100,3000.0,23.389887
DDQN,200,19,86000,100,3000.0,22.983238
DDQN,200,19,87000,100,3000.0,21.658169
DDQN,200,19,88000,100,3000.0,21.458033
DDQN,200,19,89000,100,3000.0,21.90728
DDQN,200,19,90000,100,3000.0,22.354359
DDQN,200,19,91000,100,3000.0,22.061478
DDQN,200,19,92000,100,3000.0,21.816017
DDQN,200,19,93000,100,152.6,44.26974
DDQN,200,19,94000,100,3000.0,23.137815
DDQN,200,19,95000,100,3000.0,22.343739
DDQN,200,19,96000,100,3000.0,21.982983
DDQN,200,19,97000,100,175.84,39.157867
DDQN,200,19,98000,100,3000.0,21.25048
DDQN,200,19,99000,100,132.76,47.757275
DDQN,200,19,100000,100,3000.0,21.086021
DDQN,500,10,1000,100,9.44,-9.032413
DDQN,500,10,2000,100,9.28,-6.913943
DDQN,500,10,3000,100,728.72,-94.8102
DDQN,500,10,4000,100,270.6,-86.38345
DDQN,500,10,5000,100,195.44,-76.91605
DDQN,500,10,6000,100,165.2,-69.829575
DDQN,500,10,7000,100,171.96,-67.250626
DDQN,500,10,8000,100,151.96,-63.435806
DDQN,500,10,9000,100,159.76,-62.68883
DDQN,500,10,10000,100,184.92,-64.48517
DDQN,500,10,11000,100,196.24,-64.338264
DDQN,500,10,12000,100,205.08,-63.380394
DDQN,500,10,13000,100,176.12,-57.790844
DDQN,500,10,14000,100,182.08,-56.929264
DDQN,500,10,15000,100,225.16,-60.43578
DDQN,500,10,16000,100,194.28,-55.368744
DDQN,500,10,17000,100,156.6,-47.371513
DDQN,500,10,18000,100,172.0,-48.442364
DDQN,500,10,19000,100,176.36,-47.536938
DDQN,500,10,20000,100,111.84,-29.84368
DDQN,500,10,21000,100,151.4,-39.81029
DDQN,500,10,22000,100,201.2,-46.6566
DDQN,500,10,23000,100,156.68,-37.611744
DDQN,500,10,24000,100,219.68,-44.82003
DDQN,500,10,25000,100,264.2,-46.82978
DDQN,500,10,26000,100,204.52,-35.521282
DDQN,500,10,27000,100,176.16,-34.98043
DDQN,500,10,28000,100,153.88,-24.841778
DDQN,500,10,29000,100,205.8,-36.658592
DDQN,500,10,30000,100,238.56,-38.42213
DDQN,500,10,31000,100,127.52,-19.290707
DDQN,500,10,32000,100,179.64,-28.685513
DDQN,500,10,33000,100,192.92,-29.668585
DDQN,500,10,34000,100,152.04,-21.020662
DDQN,500,10,35000,100,160.84,-20.988348
DDQN,500,10,36000,100,155.04,-18.861843
DDQN,500,10,37000,100,126.56,-11.540491
DDQN,500,10,38000,100,145.84,-14.804401
DDQN,500,10,39000,100,121.56,-7.533094
DDQN,500,10,40000,100,125.72,-7.337705
DDQN,500,10,41000,100,144.52,-11.000261
DDQN,500,10,42000,100,128.28,-5.3889756
DDQN,500,10,43000,100,125.68,-3.2598238
DDQN,500,10,44000,100,116.56,1.0921417
DDQN,500,10,45000,100,127.04,-0.3956653
DDQN,500,10,46000,100,127.0,1.0719571
DDQN,500,10,47000,100,116.52,5.867853
DDQN,500,10,48000,100,124.32,5.380691
DDQN,500,10,49000,100,132.88,4.88164
DDQN,500,10,50000,100,132.88,6.3783374
DDQN,500,10,51000,100,124.52,10.096475
DDQN,500,10,52000,100,128.2,10.755668
DDQN,500,10,53000,100,112.32,16.786514
DDQN,500,10,54000,100,121.8,15.929073
DDQN,500,10,55000,100,123.32,17.511137
DDQN,500,10,56000,100,129.16,17.500122
DDQN,500,10,57000,100,130.72,18.830423
DDQN,500,10,58000,100,141.4,17.647734
DDQN,500,10,59000,100,358.16,12.300387
DDQN,500,10,60000,100,655.4,-0.14121276
DDQN,500,10,61000,100,499.72,-1.7678479
DDQN,500,10,62000,100,438.88,0.1736682
DDQN,500,10,63000,100,402.16,2.179732
DDQN,500,10,64000,100,567.76,1.6407471
DDQN,500,10,65000,100,475.44,3.1625152
DDQN,500,10,66000,100,2939.96,2.6883903
DDQN,500,10,67000,100,3000.0,3.1321464
DDQN,500,10,68000,100,3000.0,3.9030068
DDQN,500,10,69000,100,3000.0,4.60405
DDQN,500,10,70000,100,3000.0,4.970139
DDQN,500,10,71000,100,3000.0,5.7103186
DDQN,500,10,72000,100,3000.0,6.813864
DDQN,500,10,73000,100,3000.0,7.7239795
DDQN,500,10,74000,100,3000.0,8.447105
DDQN,500,10,75000,100,3000.0,8.8443165
DDQN,500,10,76000,100,3000.0,9.591619
DDQN,500,10,77000,100,3000.0,10.188599
DDQN,500,10,78000,100,3000.0,10.686941
DDQN,500,10,79000,100,3000.0,11.458239
DDQN,500,10,80000,100,3000.0,11.922158
DDQN,500,10,81000,100,3000.0,12.264298
DDQN,500,10,82000,100,3000.0,12.301461
DDQN,500,10,83000,100,3000.0,12.143961
DDQN,500,10,84000,100,3000.0,12.429779
DDQN,500,10,85000,100,3000.0,12.670906
DDQN,500,10,86000,100,3000.0,12.726108
DDQN,500,10,87000,100,3000.0,12.511448
DDQN,500,10,88000,100,3000.0,12.594416
DDQN,500,10,89000,100,3000.0,12.782474
DDQN,500,10,90000,100,367.88,15.674797
DDQN,500,10,91000,100,3000.0,12.807612
DDQN,500,10,92000,100,3000.0,12.815352
DDQN,500,10,93000,100,3000.0,12.759485
DDQN,500,10,94000,100,3000.0,12.437761
DDQN,500,10,95000,100,3000.0,12.478948
DDQN,500,10,96000,100,3000.0,12.870427
DDQN,500,10,97000,100,3000.0,13.313894
DDQN,500,10,98000,100,3000.0,13.369599
DDQN,500,10,99000,100,3000.0,13.054427
DDQN,500,10,100000,100,1700.88,12.724578
DDQN,500,11,1000,100,9.28,-8.900425
DDQN,500,11,2000,100,14.96,-11.562661
DDQN,500,11,3000,100,462.16,-94.53303
DDQN,500,11,4000,100,229.96,-82.52315
DDQN,500,11,5000,100,184.08,-74.658066
DDQN,500,11,6000,100,161.2,-68.559235
DDQN,500,11,7000,100,160.84,-66.372284
DDQN,500,11,8000,100,161.48,-64.33954
DDQN,500,11,9000,100,157.0,-61.83911
DDQN,500,11,10000,100,161.24,-60.420563
DDQN,500,11,11000,100,179.48,-61.742325
DDQN,500,11,12000,100,182.48,-60.191463
DDQN,500,11,13000,100,176.36,-56.069893
DDQN,500,11,14000,100,191.08,-57.000076
DDQN,500,11,15000,100,178.24,-52.755474
DDQN,500,11,16000,100,164.2,-49.232388
DDQN,500,11,17000,100,186.96,-51.221504
DDQN,500,11,18000,100,146.44,-42.156113
DDQN,500,11,19000,100,130.36,-36.463768
DDQN,500,11,20000,100,145.76,-38.700333
DDQN,500,11,21000,100,135.8,-34.800793
DDQN,500,11,22000,100,146.92,-35.734856
DDQN,500,11,23000,100,211.04,-42.629826
DDQN,500,11,24000,100,129.72,-28.645166
DDQN,500,11,25000,100,125.32,-26.107765
DDQN,500,11,26000,100,181.12,-34.429585
DDQN,500,11,27000,100,142.24,-26.553606
DDQN,500,11,28000,100,142.56,-26.396587
DDQN,500,11,29000,100,112.28,-17.54
DDQN,500,11,30000,100,229.52,-34.419697
DDQN,500,11,31000,100,116.6,-16.190392
DDQN,500,11,32000,100,124.36,-17.302155
DDQN,500,11,33000,100,125.88,-15.892981
DDQN,500,11,34000,100,267.6,-34.930363
DDQN,500,11,35000,100,145.52,-16.041904
DDQN,500,11,36000,100,237.6,-25.44511
DDQN,500,11,37000,100,135.6,-12.448569
DDQN,500,11,38000,100,132.24,-10.130224
DDQN,500,11,39000,100,129.88,-8.745465
DDQN,500,11,40000,100,110.12,-3.9741051
DDQN,500,11,41000,100,189.56,-14.62432
DDQN,500,11,42000,100,265.64,-22.730192
DDQN,500,11,43000,100,141.28,-7.623115
DDQN,500,11,44000,100,124.2,-3.5155478
DDQN,500,11,45000,100,136.16,-3.3530455
DDQN,500,11,46000,100,143.32,-5.3924437
DDQN,500,11,47000,100,110.28,4.1641808
DDQN,500,11,48000,100,124.24,1.1801312
DDQN,500,11,49000,100,115.24,5.1974187
DDQN,500,11,50000,100,114.88,6.552869
DDQN,500,11,51000,100,110.6,9.416662
DDQN,500,11,52000,100,124.36,6.2762628
DDQN,500,11,53000,100,142.44,3.3036914
DDQN,500,11,54000,100,116.52,10.742017
DDQN,500,11,55000,100,124.56,9.646233
DDQN,500,11,56000,100,145.72,6.020666
DDQN,500,11,57000,100,174.28,3.8788507
DDQN,500,11,58000,100,175.28,4.064012
DDQN,500,11,59000,100,198.68,2.7168603
DDQN,500,11,60000,100,163.36,5.4651184
DDQN,500,11,61000,100,141.88,10.57795
DDQN,500,11,62000,100,260.24,3.5287483
DDQN,500,11,63000,100,280.88,3.3760085
DDQN,500,11,64000,100,143.04,12.042283
DDQN,500,11,65000,100,124.24,17.427885
DDQN,500,11,66000,100,134.36,14.94145
DDQN,500,11,67000,100,154.16,10.963528
DDQN,500,11,68000,100,176.48,7.71625
DDQN,500,11,69000,100,499.16,9.472924
DDQN,500,11,70000,100,261.96,13.364524
DDQN,500,11,71000,100,2110.24,-3.4774544
DDQN,500,11,72000,100,133.92,18.519804
DDQN,500,11,73000,100,135.88,18.372347
DDQN,500,11,74000,100,126.92,21.389196
DDQN,500,11,75000,100,125.6,22.25339
DDQN,500,11,76000,100,126.0,22.654242
DDQN,500,11,77000,100,130.48,21.808378
DDQN,500,11,78000,100,127.8,23.422102
DDQN,500,11,79000,100,133.2,22.686478
DDQN,500,11,80000,100,130.56,24.119741
DDQN,500,11,81000,100,131.92,24.207693
DDQN,500,11,82000,100,135.56,24.253704
DDQN,500,11,83000,100,127.28,27.328037
DDQN,500,11,84000,100,124.92,28.516172
DDQN,500,11,85000,100,122.48,29.881432
DDQN,500,11,86000,100,125.88,29.543098
DDQN,500,11,87000,100,123.56,30.752884
DDQN,500,11,88000,100,155.84,23.740417
DDQN,500,11,89000,100,129.4,31.184988
DDQN,500,11,90000,100,132.56,31.62682
DDQN,500,11,91000,100,136.08,31.560163
DDQN,500,11,92000,100,167.6,25.057755
DDQN,500,11,93000,100,161.76,26.69994
DDQN,500,11,94000,100,166.12,26.544617
DDQN,500,11,95000,100,166.04,26.951601
DDQN,500,11,96000,100,179.56,25.03039
DDQN,500,11,97000,100,181.48,25.303328
DDQN,500,11,98000,100,222.88,20.237524
DDQN,500,11,99000,100,246.52,18.364609
DDQN,500,11,100000,100,2787.32,10.911053
DDQN,500,12,1000,100,9.28,-8.828122
DDQN,500,12,2000,100,11.92,-9.338295
DDQN,500,12,3000,100,250.32,-87.704445
DDQN,500,12,4000,100,260.68,-85.63306
DDQN,500,12,5000,100,242.88,-81.85407
DDQN,500,12,6000,100,202.36,-75.5289
DDQN,500,12,7000,100,191.36,-72.098175
DDQN,500,12,8000,100,194.72,-70.30445
DDQN,500,12,9000,100,184.84,-66.77947
DDQN,500,12,10000,100,172.92,-62.385235
DDQN,500,12,11000,100,163.12,-57.925106
DDQN,500,12,12000,100,149.08,-53.365623
DDQN,500,12,13000,100,158.68,-52.805195
DDQN,500,12,14000,100,166.56,-53.22405
DDQN,500,12,15000,100,136.6,-45.37224
DDQN,500,12,16000,100,237.48,-57.725388
DDQN,500,12,17000,100,229.68,-56.23138
DDQN,500,12,18000,100,125.52,-37.726112
DDQN,500,12,19000,100,122.24,-35.09249
DDQN,500,12,20000,100,129.32,-35.646618
DDQN,500,12,21000,100,145.6,-36.60257
DDQN,500,12,22000,100,155.68,-37.737816
DDQN,500,12,23000,100,142.44,-33.779205
DDQN,500,12,24000,100,178.16,-35.14541
DDQN,500,12,25000,100,134.88,-28.63274
DDQN,500,12,26000,100,162.24,-31.053722
DDQN,500,12,27000,100,153.8,-29.881567
DDQN,500,12,28000,100,138.72,-26.562746
DDQN,500,12,29000,100,140.24,-25.87684
DDQN,500,12,30000,100,158.36,-28.735754
DDQN,500,12,31000,100,172.4,-29.003746
DDQN,500,12,32000,100,185.68,-29.151405
DDQN,500,12,33000,100,190.52,-28.46571
DDQN,500,12,34000,100,154.48,-22.0747
DDQN,500,12,35000,100,146.76,-19.54087
DDQN,500,12,36000,100,139.12,-16.6497
DDQN,500,12,37000,100,147.2,-16.226244
DDQN,500,12,38000,100,149.0,-15.121293
DDQN,500,12,39000,100,129.08,-10.28083
DDQN,500,12,40000,100,150.48,-13.103898
DDQN,500,12,41000,100,183.76,-17.273876
DDQN,500,12,42000,100,166.44,-13.099883
DDQN,500,12,43000,100,147.24,-8.053489
DDQN,500,12,44000,100,145.04,-5.5483565
DDQN,500,12,45000,100,129.4,-2.8970337
DDQN,500,12,46000,100,147.68,-4.436898
DDQN,500,12,47000,100,141.84,-3.131299
DDQN,500,12,48000,100,143.6,-3.008875
DDQN,500,12,49000,100,136.56,-0.36536133
DDQN,500,12,50000,100,152.8,-2.0726318
DDQN,500,12,51000,100,168.24,-4.2233934
DDQN,500,12,52000,100,191.84,-6.015036
DDQN,500,12,53000,100,160.24,-0.55455935
DDQN,500,12,54000,100,146.36,2.0914795
DDQN,500,12,55000,100,157.88,1.5513949
DDQN,500,12,56000,100,140.6,5.034633
DDQN,500,12,57000,100,153.0,3.7454858
DDQN,500,12,58000,100,145.64,6.083659
DDQN,500,12,59000,100,143.12,7.7699914
DDQN,500,12,60000,100,139.04,9.253483
DDQN,500,12,61000,100,157.04,8.137482
DDQN,500,12,62000,100,165.08,6.761351
DDQN,500,12,63000,100,141.28,12.0970335
DDQN,500,12,64000,100,137.4,13.235546
DDQN,500,12,65000,100,148.76,11.528621
DDQN,500,12,66000,100,167.48,9.927883
DDQN,500,12,67000,100,178.76,8.321476
DDQN,500,12,68000,100,197.44,5.4025645
DDQN,500,12,69000,100,359.44,2.936324
DDQN,500,12,70000,100,1258.08,-0.8698843
DDQN,500,12,71000,100,423.64,0.6275882
DDQN,500,12,72000,100,327.84,0.2681964
DDQN,500,12,73000,100,374.24,-0.8642978
DDQN,500,12,74000,100,297.72,1.0245456
DDQN,500,12,75000,100,324.48,0.9640024
DDQN,500,12,76000,100,314.6,2.921114
DDQN,500,12,77000,100,401.28,0.7805579
DDQN,500,12,78000,100,604.72,-1.1796421
DDQN,500,12,79000,100,2603.44,-1.6192456
DDQN,500,12,80000,100,555.24,-0.013829346
DDQN,500,12,81000,100,609.0,0.16690491
DDQN,500,12,82000,100,790.96,0.104594424
DDQN,500,12,83000,100,621.0,1.2008274
DDQN,500,12,84000,100,1585.44,1.18461
DDQN,500,12,85000,100,3000.0,1.8860818
DDQN,500,12,86000,100,3000.0,2.5419385
DDQN,500,12,87000,100,3000.0,2.8957813
DDQN,500,12,88000,100,3000.0,2.7552335
DDQN,500,12,89000,100,3000.0,3.3614488
DDQN,500,12,90000,100,3000.0,3.8780046
DDQN,500,12,91000,100,3000.0,4.7062907
DDQN,500,12,92000,100,3000.0,5.019015
DDQN,500,12,93000,100,3000.0,5.69174
DDQN,500,12,94000,100,3000.0,5.92494
DDQN,500,12,95000,100,3000.0,6.1342244
DDQN,500,12,96000,100,3000.0,6.232217
DDQN,500,12,97000,100,3000.0,6.610062
DDQN,500,12,98000,100,3000.0,6.919994
DDQN,500,12,99000,100,3000.0,6.7174144
DDQN,500,12,100000,100,3000.0,6.8627553
DDQN,500,13,1000,100,10.56,-10.078116
DDQN,500,13,2000,100,9.28,-6.921191
DDQN,500,13,3000,100,223.36,-82.855865
DDQN,500,13,4000,100,222.84,-81.08499
DDQN,500,13,5000,100,196.32,-75.94445
DDQN,500,13,6000,100,184.64,-72.94521
DDQN,500,13,7000,100,187.44,-70.94143
DDQN,500,13,8000,100,206.72,-70.4752
DDQN,500,13,9000,100,184.64,-66.856415
DDQN,500,13,10000,100,172.16,-61.95276
DDQN,500,13,11000,100,171.84,-59.53341
DDQN,500,13,12000,100,184.08,-60.170223
DDQN,500,13,13000,100,194.08,-58.67512
DDQN,500,13,14000,100,204.28,-58.268097
DDQN,500,13,15000,100,182.12,-53.252876
DDQN,500,13,16000,100,175.16,-51.716602
DDQN,500,13,17000,100,205.92,-52.600258
DDQN,500,13,18000,100,176.8,-48.494205
DDQN,500,13,19000,100,309.56,-52.269238
DDQN,500,13,20000,100,249.76,-50.96265
DDQN,500,13,21000,100,250.32,-51.46648
DDQN,500,13,22000,100,265.6,-51.90628
DDQN,500,13,23000,100,230.52,-47.196865
DDQN,500,13,24000,100,182.8,-40.065582
DDQN,500,13,25000,100,125.76,-26.12595
DDQN,500,13,26000,100,121.6,-23.653101
DDQN,500,13,27000,100,132.6,-25.395788
DDQN,500,13,28000,100,117.28,-19.372162
DDQN,500,13,29000,100,129.96,-21.840904
DDQN,500,13,30000,100,128.56,-19.142437
DDQN,500,13,31000,100,133.92,-19.16477
DDQN,500,13,32000,100,122.68,-15.021467
DDQN,500,13,33000,100,120.8,-13.375696
DDQN,500,13,34000,100,126.12,-13.775315
DDQN,500,13,35000,100,123.24,-11.122414
DDQN,500,13,36000,100,111.64,-6.622201
DDQN,500,13,37000,100,117.64,-7.2649717
DDQN,500,13,38000,100,117.84,-5.997923
DDQN,500,13,39000,100,121.16,-5.6270266
DDQN,500,13,40000,100,128.04,-6.109104
DDQN,500,13,41000,100,116.28,-0.7665088
DDQN,500,13,42000,100,132.84,-3.38523
DDQN,500,13,43000,100,142.04,-5.0513735
DDQN,500,13,44000,100,158.56,-7.0503125
DDQN,500,13,45000,100,154.8,-4.9090962
DDQN,500,13,46000,100,155.76,-4.0108066
DDQN,500,13,47000,100,196.88,-9.699995
DDQN,500,13,48000,100,183.08,-6.935515
DDQN,500,13,49000,100,178.24,-5.5388527
DDQN,500,13,50000,100,166.08,-1.5415729
DDQN,500,13,51000,100,134.52,5.9027367
DDQN,500,13,52000,100,122.0,11.495976
DDQN,500,13,53000,100,109.16,15.491897
DDQN,500,13,54000,100,136.28,9.48805
DDQN,500,13,55000,100,147.16,7.7201295
DDQN,500,13,56000,100,161.24,5.435719
DDQN,500,13,57000,100,176.44,3.9022558
DDQN,500,13,58000,100,209.44,0.07598267
DDQN,500,13,59000,100,891.52,-11.099875
DDQN,500,13,60000,100,254.08,-2.9476013
DDQN,500,13,61000,100,265.68,-3.0329063
DDQN,500,13,62000,100,441.6,-4.161043
DDQN,500,13,63000,100,1662.64,-7.3120074
DDQN,500,13,64000,100,1282.56,-5.144647
DDQN,500,13,65000,100,573.28,-0.46906462
DDQN,500,13,66000,100,403.92,5.135363
DDQN,500,13,67000,100,517.64,1.0772058
DDQN,500,13,68000,100,678.4,4.9562836
DDQN,500,13,69000,100,1251.24,2.4546344
DDQN,500,13,70000,100,1129.64,4.037995
DDQN,500,13,71000,100,1061.2,-0.53323
DDQN,500,13,72000,100,781.16,2.0107882
DDQN,500,13,73000,100,282.08,5.772696
DDQN,500,13,74000,100,336.04,4.1143074
DDQN,500,13,75000,100,335.52,3.2159772
DDQN,500,13,76000,100,279.12,6.474891
DDQN,500,13,77000,100,284.76,5.8973517
DDQN,500,13,78000,100,1470.48,4.025898
DDQN,500,13,79000,100,2351.24,0.21043305
DDQN,500,13,80000,100,2684.88,-0.68738437
DDQN,500,13,81000,100,2251.32,0.58074343
DDQN,500,13,82000,100,562.24,3.5604367
DDQN,500,13,83000,100,1157.16,0.57140195
DDQN,500,13,84000,100,2798.52,0.29221496
DDQN,500,13,85000,100,728.48,0.6357846
DDQN,500,13,86000,100,639.6,0.8186569
DDQN,500,13,87000,100,442.16,1.9953521
DDQN,500,13,88000,100,438.04,2.0144722
DDQN,500,13,89000,100,391.64,3.8304703
DDQN,500,13,90000,100,321.44,5.6876683
DDQN,500,13,91000,100,321.32,5.869173
DDQN,500,13,92000,100,311.72,6.147581
DDQN,500,13,93000,100,302.52,6.7675734
DDQN,500,13,94000,100,370.16,4.856293
DDQN,500,13,95000,100,413.2,4.0340858
DDQN,500,13,96000,100,567.12,2.86496
DDQN,500,13,97000,100,1344.76,2.0887895
DDQN,500,13,98000,100,1013.36,2.4502099
DDQN,500,13,99000,100,2820.48,2.4106555
DDQN,500,13,100000,100,2255.4,2.4723792
DDQN,500,14,1000,100,9.44,-9.00862
DDQN,500,14,2000,100,22.32,-17.915035
DDQN,500,14,3000,100,268.36,-88.967834
DDQN,500,14,4000,100,336.28,-89.90462
DDQN,500,14,5000,100,185.56,-75.29331
DDQN,500,14,6000,100,185.2,-73.337555
DDQN,500,14,7000,100,189.52,-70.94205
DDQN,500,14,8000,100,176.52,-67.34383
DDQN,500,14,9000,100,177.44,-65.1994
DDQN,500,14,10000,100,185.72,-64.51133
DDQN,500,14,11000,100,193.36,-63.310722
DDQN,500,14,12000,100,201.76,-62.536655
DDQN,500,14,13000,100,199.08,-60.695908
DDQN,500,14,14000,100,194.8,-58.328632
DDQN,500,14,15000,100,201.76,-56.162888
DDQN,500,14,16000,100,207.12,-55.394535
DDQN,500,14,17000,100,167.0,-47.344658
DDQN,500,14,18000,100,218.24,-52.036766
DDQN,500,14,19000,100,233.28,-54.09625
DDQN,500,14,20000,100,188.24,-45.915226
DDQN,500,14,21000,100,232.44,-51.07708
DDQN,500,14,22000,100,201.96,-45.67091
DDQN,500,14,23000,100,265.56,-49.55037
DDQN,500,14,24000,100,206.28,-43.42629
DDQN,500,14,25000,100,370.76,-51.6061
DDQN,500,14,26000,100,300.24,-46.955944
DDQN,500,14,27000,100,348.4,-47.59366
DDQN,500,14,28000,100,399.96,-47.36287
DDQN,500,14,29000,100,304.96,-42.740788
DDQN,500,14,30000,100,253.2,-37.457523
DDQN,500,14,31000,100,226.52,-33.034515
DDQN,500,14,32000,100,283.68,-36.214962
DDQN,500,14,33000,100,134.84,-16.70573
DDQN,500,14,34000,100,137.56,-15.664421
DDQN,500,14,35000,100,178.76,-22.480888
DDQN,500,14,36000,100,172.56,-18.136248
DDQN,500,14,37000,100,209.24,-22.489868
DDQN,500,14,38000,100,163.36,-15.09253
DDQN,500,14,39000,100,154.24,-12.090584
DDQN,500,14,40000,100,120.68,-3.9755907
DDQN,500,14,41000,100,117.8,-1.4172006
DDQN,500,14,42000,100,157.68,-8.541049
DDQN,500,14,43000,100,117.52,0.7893884
DDQN,500,14,44000,100,111.6,4.060171
DDQN,500,14,45000,100,136.28,0.21253662
DDQN,500,14,46000,100,139.12,1.6711389
DDQN,500,14,47000,100,183.68,-4.2754335
DDQN,500,14,48000,100,225.04,-11.227331
DDQN,500,14,49000,100,288.52,-13.184005
DDQN,500,14,50000,100,136.24,3.3291473
DDQN,500,14,51000,100,211.92,-7.5290318
DDQN,500,14,52000,100,176.44,-2.0897598
DDQN,500,14,53000,100,155.88,2.8347082
DDQN,500,14,54000,100,600.4,-15.33197
DDQN,500,14,55000,100,493.4,-13.888877
DDQN,500,14,56000,100,304.12,-9.415498
DDQN,500,14,57000,100,411.08,-11.444614
DDQN,500,14,58000,100,166.96,6.736782
DDQN,500,14,59000,100,168.16,7.5961866
DDQN,500,14,60000,100,147.2,13.041329
DDQN,500,14,61000,100,2469.6,-7.698141
DDQN,500,14,62000,100,134.24,18.220242
DDQN,500,14,63000,100,118.32,23.95978
DDQN,500,14,64000,100,146.36,17.37953
DDQN,500,14,65000,100,109.0,28.98007
DDQN,500,14,66000,100,117.2,27.370817
DDQN,500,14,67000,100,112.4,29.868164
DDQN,500,14,68000,100,118.36,28.67025
DDQN,500,14,69000,100,143.52,23.486645
DDQN,500,14,70000,100,113.32,31.985638
DDQN,500,14,71000,100,121.68,30.19613
DDQN,500,14,72000,100,123.0,30.747766
DDQN,500,14,73000,100,125.0,31.010227
DDQN,500,14,74000,100,145.08,26.755695
DDQN,500,14,75000,100,602.04,5.865677
DDQN,500,14,76000,100,2446.68,6.2180934
DDQN,500,14,77000,100,3000.0,4.67019
DDQN,500,14,78000,100,2032.12,8.387543
DDQN,500,14,79000,100,3000.0,6.271363
DDQN,500,14,80000,100,3000.0,6.962716
DDQN,500,14,81000,100,2216.52,7.6804614
DDQN,500,14,82000,100,2776.48,8.486822
DDQN,500,14,83000,100,2321.0,8.651148
DDQN,500,14,84000,100,2049.16,8.914445
DDQN,500,14,85000,100,3000.0,9.337849
DDQN,500,14,86000,100,3000.0,9.758954
DDQN,500,14,87000,100,3000.0,10.248745
DDQN,500,14,88000,100,3000.0,10.482504
DDQN,500,14,89000,100,3000.0,10.96349
DDQN,500,14,90000,100,3000.0,11.223114
DDQN,500,14,91000,100,3000.0,11.486311
DDQN,500,14,92000,100,3000.0,11.87605
DDQN,500,14,93000,100,3000.0,12.325177
DDQN,500,14,94000,100,3000.0,13.081865
DDQN,500,14,95000,100,3000.0,13.485918
DDQN,500,14,96000,100,3000.0,13.346566
DDQN,500,14,97000,100,3000.0,13.514396
DDQN,500,14,98000,100,3000.0,14.110906
DDQN,500,14,99000,100,3000.0,14.299579
DDQN,500,14,100000,100,3000.0,14.404606
DDQN,500,15,1000,100,9.28,-8.852837
DDQN,500,15,2000,100,9.28,-6.9095283
DDQN,500,15,3000,100,205.24,-82.91915
DDQN,500,15,4000,100,297.32,-87.1371
DDQN,500,15,5000,100,250.04,-83.0856
DDQN,500,15,6000,100,223.36,-78.72488
DDQN,500,15,7000,100,216.48,-74.84854
DDQN,500,15,8000,100,199.68,-70.73995
DDQN,500,15,9000,100,202.48,-68.91411
DDQN,500,15,10000,100,196.6,-65.44551
DDQN,500,15,11000,100,208.8,-64.68899
DDQN,500,15,12000,100,213.28,-63.842167
DDQN,500,15,13000,100,229.88,-63.327763
DDQN,500,15,14000,100,227.16,-60.95063
DDQN,500,15,15000,100,191.64,-54.160927
DDQN,500,15,16000,100,192.12,-52.312862
DDQN,500,15,17000,100,178.32,-48.855995
DDQN,500,15,18000,100,217.6,-52.69285
DDQN,500,15,19000,100,154.56,-41.086773
DDQN,500,15,20000,100,201.72,-46.62329
DDQN,500,15,21000,100,197.84,-45.378162
DDQN,500,15,22000,100,146.92,-34.927834
DDQN,500,15,23000,100,176.96,-38.769028
DDQN,500,15,24000,100,154.28,-33.23635
DDQN,500,15,25000,100,183.64,-36.833256
DDQN,500,15,26000,100,220.08,-39.741932
DDQN,500,15,27000,100,192.72,-34.781296
DDQN,500,15,28000,100,255.08,-39.509598
DDQN,500,15,29000,100,232.6,-36.064404
DDQN,500,15,30000,100,218.72,-34.290855
DDQN,500,15,31000,100,180.76,-25.016285
DDQN,500,15,32000,100,266.76,-34.80945
DDQN,500,15,33000,100,293.12,-35.433067
DDQN,500,15,34000,100,217.6,-25.735289
DDQN,500,15,35000,100,230.56,-26.974087
DDQN,500,15,36000,100,202.08,-23.881802
DDQN,500,15,37000,100,146.88,-12.512176
DDQN,500,15,38000,100,187.6,-19.17564
DDQN,500,15,39000,100,207.92,-21.51819
DDQN,500,15,40000,100,191.4,-16.821426
DDQN,500,15,41000,100,203.48,-17.829556
DDQN,500,15,42000,100,152.8,-4.3819456
DDQN,500,15,43000,100,140.36,-1.3703299
DDQN,500,15,44000,100,206.52,-14.4180155
DDQN,500,15,45000,100,185.08,-10.448834
DDQN,500,15,46000,100,214.88,-12.382589
DDQN,500,15,47000,100,204.24,-10.15231
DDQN,500,15,48000,100,205.44,-9.887332
DDQN,500,15,49000,100,188.64,-6.328241
DDQN,500,15,50000,100,129.2,5.273446
DDQN,500,15,51000,100,137.0,4.5450206
DDQN,500,15,52000,100,167.92,-0.5020084
DDQN,500,15,53000,100,203.28,-4.9395
DDQN,500,15,54000,100,230.4,-7.0727024
DDQN,500,15,55000,100,196.2,-1.5711756
DDQN,500,15,56000,100,125.28,11.769873
DDQN,500,15,57000,100,140.32,8.529799
DDQN,500,15,58000,100,235.0,-5.9841175
DDQN,500,15,59000,100,206.56,-0.9084723
DDQN,500,15,60000,100,172.12,3.4770021
DDQN,500,15,61000,100,152.52,7.562311
DDQN,500,15,62000,100,178.64,3.7717776
DDQN,500,15,63000,100,200.64,1.5242364
DDQN,500,15,64000,100,153.72,8.858825
DDQN,500,15,65000,100,155.72,8.912265
DDQN,500,15,66000,100,144.52,11.814103
DDQN,500,15,67000,100,170.92,7.1924095
DDQN,500,15,68000,100,169.28,7.5915456
DDQN,500,15,69000,100,224.24,1.1836368
DDQN,500,15,70000,100,187.6,5.391815
DDQN,500,15,71000,100,165.12,9.25265
DDQN,500,15,72000,100,205.32,3.4283652
DDQN,500,15,73000,100,175.56,8.029564
DDQN,500,15,74000,100,211.52,3.9485934
DDQN,500,15,75000,100,206.24,4.8499
DDQN,500,15,76000,100,249.0,1.9842981
DDQN,500,15,77000,100,281.56,-0.6280081
DDQN,500,15,78000,100,283.68,0.7196716
DDQN,500,15,79000,100,315.4,0.52923524
DDQN,500,15,80000,100,342.76,-2.2904937
DDQN,500,15,81000,100,296.4,1.1224042
DDQN,500,15,82000,100,251.96,5.4750276
DDQN,500,15,83000,100,455.08,-2.8797097
DDQN,500,15,84000,100,381.68,2.4040582
DDQN,500,15,85000,100,753.08,-1.3582822
DDQN,500,15,86000,100,520.48,-0.3882239
DDQN,500,15,87000,100,302.72,2.6109257
DDQN,500,15,88000,100,363.6,-1.8665466
DDQN,500,15,89000,100,392.52,-1.0555291
DDQN,500,15,90000,100,810.36,-3.8660057
DDQN,500,15,91000,100,1648.4,-4.5129576
DDQN,500,15,92000,100,2028.48,-4.177826
DDQN,500,15,93000,100,1156.4,-3.8731353
DDQN,500,15,94000,100,1822.88,-3.2109175
DDQN,500,15,95000,100,2796.84,-3.1336865
DDQN,500,15,96000,100,2606.68,-2.665863
DDQN,500,15,97000,100,2803.84,-2.3590713
DDQN,500,15,98000,100,3000.0,-2.1752741
DDQN,500,15,99000,100,3000.0,-2.0936453
DDQN,500,15,100000,100,3000.0,-1.867846
DDQN,500,16,1000,100,9.44,-9.077558
DDQN,500,16,2000,100,27.16,-21.860237
DDQN,500,16,3000,100,171.36,-77.434715
DDQN,500,16,4000,100,202.28,-80.0439
DDQN,500,16,5000,100,240.4,-81.0945
DDQN,500,16,6000,100,202.72,-76.23124
DDQN,500,16,7000,100,193.64,-72.62749
DDQN,500,16,8000,100,191.08,-69.43128
DDQN,500,16,9000,100,168.04,-64.006584
DDQN,500,16,10000,100,181.32,-63.372143
DDQN,500,16,11000,100,208.6,-65.3534
DDQN,500,16,12000,100,232.24,-65.8744
DDQN,500,16,13000,100,245.36,-65.526115
DDQN,500,16,14000,100,224.36,-61.436195
DDQN,500,16,15000,100,220.52,-59.00703
DDQN,500,16,16000,100,216.84,-57.61637
DDQN,500,16,17000,100,167.96,-49.042953
DDQN,500,16,18000,100,153.52,-44.57635
DDQN,500,16,19000,100,152.64,-42.86869
DDQN,500,16,20000,100,173.84,-44.507084
DDQN,500,16,21000,100,195.04,-45.326538
DDQN,500,16,22000,100,120.64,-29.941744
DDQN,500,16,23000,100,129.0,-31.002592
DDQN,500,16,24000,100,116.52,-25.337837
DDQN,500,16,25000,100,235.0,-38.29038
DDQN,500,16,26000,100,148.52,-29.470966
DDQN,500,16,27000,100,115.76,-21.860706
DDQN,500,16,28000,100,110.52,-18.891356
DDQN,500,16,29000,100,132.36,-23.963177
DDQN,500,16,30000,100,115.36,-18.0763
DDQN,500,16,31000,100,115.16,-16.426306
DDQN,500,16,32000,100,132.48,-19.277437
DDQN,500,16,33000,100,125.64,-16.756176
DDQN,500,16,34000,100,132.44,-17.043207
DDQN,500,16,35000,100,114.44,-11.4982395
DDQN,500,16,36000,100,125.4,-13.39213
DDQN,500,16,37000,100,109.68,-7.2309637
DDQN,500,16,38000,100,121.76,-9.748853
DDQN,500,16,39000,100,111.88,-5.624217
DDQN,500,16,40000,100,110.48,-3.8940458
DDQN,500,16,41000,100,141.08,-9.725788
DDQN,500,16,42000,100,139.92,-9.345616
DDQN,500,16,43000,100,114.24,-1.5779583
DDQN,500,16,44000,100,116.6,-1.1510959
DDQN,500,16,45000,100,134.72,-5.1209803
DDQN,500,16,46000,100,134.32,-3.9225385
DDQN,500,16,47000,100,190.8,-11.637808
DDQN,500,16,48000,100,174.96,-9.213931
DDQN,500,16,49000,100,192.4,-11.025654
DDQN,500,16,50000,100,149.28,-2.596623
DDQN,500,16,51000,100,180.48,-6.695725
DDQN,500,16,52000,100,170.8,-5.158681
DDQN,500,16,53000,100,154.28,-1.0159345
DDQN,500,16,54000,100,178.72,-4.7145863
DDQN,500,16,55000,100,159.8,0.41885132
DDQN,500,16,56000,100,166.28,-0.6849405
DDQN,500,16,57000,100,176.24,-1.275304
DDQN,500,16,58000,100,170.24,0.39123443
DDQN,500,16,59000,100,165.12,1.7836689
DDQN,500,16,60000,100,164.76,2.1525316
DDQN,500,16,61000,100,181.32,0.25342864
DDQN,500,16,62000,100,171.72,2.1324754
DDQN,500,16,63000,100,225.48,-4.2478857
DDQN,500,16,64000,100,224.08,-3.9060884
DDQN,500,16,65000,100,273.36,-6.7985134
DDQN,500,16,66000,100,331.28,-10.371769
DDQN,500,16,67000,100,455.72,-12.637735
DDQN,500,16,68000,100,442.24,-11.132112
DDQN,500,16,69000,100,1267.84,-11.70582
DDQN,500,16,70000,100,2931.44,-11.358306
DDQN,500,16,71000,100,3000.0,-10.519691
DDQN,500,16,72000,100,3000.0,-9.936573
DDQN,500,16,73000,100,3000.0,-9.1497135
DDQN,500,16,74000,100,3000.0,-8.399279
DDQN,500,16,75000,100,3000.0,-7.849202
DDQN,500,16,76000,100,3000.0,-7.2867236
DDQN,500,16,77000,100,3000.0,-6.696488
DDQN,500,16,78000,100,3000.0,-6.1642513
DDQN,500,16,79000,100,3000.0,-5.699661
DDQN,500,16,80000,100,3000.0,-5.1944737
DDQN,500,16,81000,100,3000.0,-4.770819
DDQN,500,16,82000,100,3000.0,-4.147665
DDQN,500,16,83000,100,3000.0,-3.6461217
DDQN,500,16,84000,100,3000.0,-3.2429461
DDQN,500,16,85000,100,3000.0,-2.5721447
DDQN,500,16,86000,100,3000.0,-2.086102
DDQN,500,16,87000,100,3000.0,-1.6564813
DDQN,500,16,88000,100,3000.0,-1.3159387
DDQN,500,16,89000,100,3000.0,-1.0094525
DDQN,500,16,90000,100,3000.0,-0.6646265
DDQN,500,16,91000,100,3000.0,-0.43697113
DDQN,500,16,92000,100,3000.0,-0.04168396
DDQN,500,16,93000,100,3000.0,0.13773407
DDQN,500,16,94000,100,3000.0,0.5964279
DDQN,500,16,95000,100,3000.0,0.5880612
DDQN,500,16,96000,100,3000.0,0.7498758
DDQN,500,16,97000,100,3000.0,0.9325006
DDQN,500,16,98000,100,3000.0,1.0586413
DDQN,500,16,99000,100,1028.88,3.5798385
DDQN,500,16,100000,100,3000.0,1.3914181
DDQN,500,17,1000,100,9.28,-8.903303
DDQN,500,17,2000,100,11.76,-9.294948
DDQN,500,17,3000,100,515.96,-95.364365
DDQN,500,17,4000,100,165.52,-74.59564
DDQN,500,17,5000,100,142.68,-66.491005
DDQN,500,17,6000,100,145.12,-65.68664
DDQN,500,17,7000,100,166.28,-67.28996
DDQN,500,17,8000,100,170.84,-66.859406
DDQN,500,17,9000,100,180.04,-65.63268
DDQN,500,17,10000,100,178.68,-63.283672
DDQN,500,17,11000,100,239.12,-68.88591
DDQN,500,17,12000,100,240.76,-67.55984
DDQN,500,17,13000,100,255.64,-67.551346
DDQN,500,17,14000,100,233.16,-62.94742
DDQN,500,17,15000,100,183.64,-54.327526
DDQN,500,17,16000,100,130.16,-43.26915
DDQN,500,17,17000,100,143.96,-45.115585
DDQN,500,17,18000,100,161.72,-47.249134
DDQN,500,17,19000,100,146.6,-42.13143
DDQN,500,17,20000,100,152.52,-41.75575
DDQN,500,17,21000,100,171.8,-43.34657
DDQN,500,17,22000,100,139.88,-35.250072
DDQN,500,17,23000,100,145.0,-34.924213
DDQN,500,17,24000,100,145.48,-33.347023
DDQN,500,17,25000,100,155.96,-34.124954
DDQN,500,17,26000,100,137.2,-28.14125
DDQN,500,17,27000,100,147.12,-28.838882
DDQN,500,17,28000,100,129.12,-22.551733
DDQN,500,17,29000,100,121.12,-18.884272
DDQN,500,17,30000,100,120.8,-16.759676
DDQN,500,17,31000,100,122.16,-15.706036
DDQN,500,17,32000,100,123.36,-14.225947
DDQN,500,17,33000,100,123.36,-13.061937
DDQN,500,17,34000,100,117.2,-9.7078495
DDQN,500,17,35000,100,132.6,-12.983011
DDQN,500,17,36000,100,149.52,-15.595032
DDQN,500,17,37000,100,151.6,-14.650909
DDQN,500,17,38000,100,202.64,-20.67002
DDQN,500,17,39000,100,173.32,-15.579067
DDQN,500,17,40000,100,179.36,-14.820115
DDQN,500,17,41000,100,198.72,-16.418924
DDQN,500,17,42000,100,187.44,-14.415424
DDQN,500,17,43000,100,200.68,-13.964209
DDQN,500,17,44000,100,123.12,1.1100442
DDQN,500,17,45000,100,141.16,-2.4714935
DDQN,500,17,46000,100,170.44,-6.262883
DDQN,500,17,47000,100,121.64,5.456997
DDQN,500,17,48000,100,203.32,-8.674304
DDQN,500,17,49000,100,289.56,-16.333897
DDQN,500,17,50000,100,279.24,-13.47402
DDQN,500,17,51000,100,273.28,-11.110474
DDQN,500,17,52000,100,319.04,-13.455133
DDQN,500,17,53000,100,297.8,-12.480222
DDQN,500,17,54000,100,254.28,-8.501324
DDQN,500,17,55000,100,228.48,-5.8661146
DDQN,500,17,56000,100,213.6,-3.373631
DDQN,500,17,57000,100,239.52,-5.1220045
DDQN,500,17,58000,100,250.12,-5.149042
DDQN,500,17,59000,100,219.56,-1.4284012
DDQN,500,17,60000,100,272.96,-4.713183
DDQN,500,17,61000,100,325.28,-6.2936583
DDQN,500,17,62000,100,378.6,-7.0213647
DDQN,500,17,63000,100,293.72,-3.0920768
DDQN,500,17,64000,100,269.52,-1.2963947
DDQN,500,17,65000,100,326.72,-3.3218725
DDQN,500,17,66000,100,286.36,-1.1579388
DDQN,500,17,67000,100,357.8,-4.050561
DDQN,500,17,68000,100,331.68,-2.9127626
DDQN,500,17,69000,100,350.56,-3.1755219
DDQN,500,17,70000,100,334.2,-2.3381
DDQN,500,17,71000,100,409.8,-3.6201258
DDQN,500,17,72000,100,349.32,-2.3530092
DDQN,500,17,73000,100,424.28,-3.8869615
DDQN,500,17,74000,100,393.24,-2.972095
DDQN,500,17,75000,100,268.4,2.1966164
DDQN,500,17,76000,100,390.2,-2.3948624
DDQN,500,17,77000,100,354.76,-1.1279553
DDQN,500,17,78000,100,490.64,-2.040666
DDQN,500,17,79000,100,598.44,-0.8667309
DDQN,500,17,80000,100,1670.04,-1.7315885
DDQN,500,17,81000,100,1619.16,-1.679758
DDQN,500,17,82000,100,381.12,0.015557251
DDQN,500,17,83000,100,337.84,1.5676224
DDQN,500,17,84000,100,337.44,1.9197662
DDQN,500,17,85000,100,681.12,1.2959366
DDQN,500,17,86000,100,316.0,2.975672
DDQN,500,17,87000,100,557.8,2.0026226
DDQN,500,17,88000,100,822.04,1.0290097
DDQN,500,17,89000,100,359.72,1.72034
DDQN,500,17,90000,100,551.12,-0.15274383
DDQN,500,17,91000,100,571.32,-0.1364157
DDQN,500,17,92000,100,621.16,-0.05938446
DDQN,500,17,93000,100,3000.0,-0.37508544
DDQN,500,17,94000,100,3000.0,-0.30430543
DDQN,500,17,95000,100,3000.0,-0.14900848
DDQN,500,17,96000,100,3000.0,0.06371887
DDQN,500,17,97000,100,3000.0,0.23792419
DDQN,500,17,98000,100,3000.0,0.44616455
DDQN,500,17,99000,100,3000.0,0.37886596
DDQN,500,17,100000,100,3000.0,0.61483
DDQN,500,18,1000,100,9.28,-8.845558
DDQN,500,18,2000,100,9.28,-6.8322096
DDQN,500,18,3000,100,279.84,-88.64951
DDQN,500,18,4000,100,267.52,-85.97472
DDQN,500,18,5000,100,208.92,-78.62828
DDQN,500,18,6000,100,170.6,-70.672226
DDQN,500,18,7000,100,159.68,-65.967026
DDQN,500,18,8000,100,150.32,-61.211235
DDQN,500,18,9000,100,158.16,-60.563732
DDQN,500,18,10000,100,164.2,-60.71601
DDQN,500,18,11000,100,184.52,-62.34333
DDQN,500,18,12000,100,194.48,-61.069157
DDQN,500,18,13000,100,193.24,-58.682247
DDQN,500,18,14000,100,206.36,-59.333935
DDQN,500,18,15000,100,188.72,-54.729095
DDQN,500,18,16000,100,197.12,-53.67131
DDQN,500,18,17000,100,164.64,-47.008156
DDQN,500,18,18000,100,166.68,-45.691757
DDQN,500,18,19000,100,143.96,-39.39204
DDQN,500,18,20000,100,133.88,-35.327427
DDQN,500,18,21000,100,174.56,-42.57082
DDQN,500,18,22000,100,166.52,-39.788277
DDQN,500,18,23000,100,145.64,-33.787003
DDQN,500,18,24000,100,171.92,-37.566868
DDQN,500,18,25000,100,164.56,-34.464264
DDQN,500,18,26000,100,234.88,-41.990555
DDQN,500,18,27000,100,253.04,-41.91676
DDQN,500,18,28000,100,177.4,-31.236301
DDQN,500,18,29000,100,138.64,-21.889772
DDQN,500,18,30000,100,219.48,-33.08829
DDQN,500,18,31000,100,237.0,-31.546885
DDQN,500,18,32000,100,172.32,-23.688915
DDQN,500,18,33000,100,132.2,-15.230394
DDQN,500,18,34000,100,124.16,-11.756323
DDQN,500,18,35000,100,149.32,-16.316925
DDQN,500,18,36000,100,130.2,-10.759617
DDQN,500,18,37000,100,118.28,-6.3060417
DDQN,500,18,38000,100,108.08,-1.5055265
DDQN,500,18,39000,100,152.2,-9.642365
DDQN,500,18,40000,100,124.96,-3.8342981
DDQN,500,18,41000,100,156.4,-8.17726
DDQN,500,18,42000,100,148.96,-6.0695777
DDQN,500,18,43000,100,191.2,-12.755457
DDQN,500,18,44000,100,170.44,-7.7048717
DDQN,500,18,45000,100,120.08,2.6612082
DDQN,500,18,46000,100,119.96,4.0702224
DDQN,500,18,47000,100,126.16,3.5462313
DDQN,500,18,48000,100,120.48,6.608597
DDQN,500,18,49000,100,124.48,6.6813717
DDQN,500,18,50000,100,133.12,5.3712
DDQN,500,18,51000,100,130.24,7.182599
DDQN,500,18,52000,100,2319.04,-13.9445
DDQN,500,18,53000,100,130.52,9.087067
DDQN,500,18,54000,100,139.36,7.562727
DDQN,500,18,55000,100,138.6,8.5632925
DDQN,500,18,56000,100,124.08,13.13359
DDQN,500,18,57000,100,126.88,13.471118
DDQN,500,18,58000,100,131.6,13.596738
DDQN,500,18,59000,100,138.64,12.913169
DDQN,500,18,60000,100,144.08,12.498099
DDQN,500,18,61000,100,137.92,15.060033
DDQN,500,18,62000,100,143.56,14.276081
DDQN,500,18,63000,100,139.32,16.123009
DDQN,500,18,64000,100,608.6,10.342991
DDQN,500,18,65000,100,386.96,11.550908
DDQN,500,18,66000,100,152.04,15.248191
DDQN,500,18,67000,100,3000.0,-6.030552
DDQN,500,18,68000,100,1078.6,6.675293
DDQN,500,18,69000,100,3000.0,-4.5818186
DDQN,500,18,70000,100,3000.0,-4.26428
DDQN,500,18,71000,100,3000.0,-4.0275
DDQN,500,18,72000,100,3000.0,-3.7302847
DDQN,500,18,73000,100,3000.0,-3.1375763
DDQN,500,18,74000,100,3000.0,-2.8510468
DDQN,500,18,75000,100,3000.0,-2.5923898
DDQN,500,18,76000,100,3000.0,-2.5088995
DDQN,500,18,77000,100,3000.0,-2.3516507
DDQN,500,18,78000,100,3000.0,-2.242592
DDQN,500,18,79000,100,3000.0,-2.1040704
DDQN,500,18,80000,100,3000.0,-1.9135355
DDQN,500,18,81000,100,3000.0,-1.5944085
DDQN,500,18,82000,100,3000.0,-1.0320529
DDQN,500,18,83000,100,3000.0,-0.4848285
DDQN,500,18,84000,100,3000.0,-0.18387176
DDQN,500,18,85000,100,3000.0,-0.07572693
DDQN,500,18,86000,100,3000.0,-0.030528564
DDQN,500,18,87000,100,1965.16,14.710642
DDQN,500,18,88000,100,241.44,34.13783
DDQN,500,18,89000,100,121.32,46.41684
DDQN,500,18,90000,100,2648.08,6.122582
DDQN,500,18,91000,100,3000.0,0.5235977
DDQN,500,18,92000,100,1973.2,1.2413238
DDQN,500,18,93000,100,2669.4,2.4950373
DDQN,500,18,94000,100,2852.24,2.2652664
DDQN,500,18,95000,100,413.48,10.617898
DDQN,500,18,96000,100,2929.0,2.782729
DDQN,500,18,97000,100,3000.0,3.43957
DDQN,500,18,98000,100,2897.88,4.463333
DDQN,500,18,99000,100,356.08,11.900744
DDQN,500,18,100000,100,153.52,25.942673
DDQN,500,19,1000,100,26.44,-23.165796
DDQN,500,19,2000,100,27.8,-21.571157
DDQN,500,19,3000,100,315.28,-91.218216
DDQN,500,19,4000,100,202.32,-80.4615
DDQN,500,19,5000,100,202.0,-77.86896
DDQN,500,19,6000,100,169.4,-70.969635
DDQN,500,19,7000,100,155.4,-65.98556
DDQN,500,19,8000,100,151.36,-61.781544
DDQN,500,19,9000,100,146.48,-58.93414
DDQN,500,19,10000,100,143.48,-56.182022
DDQN,500,19,11000,100,141.32,-53.67962
DDQN,500,19,12000,100,149.96,-53.69242
DDQN,500,19,13000,100,145.4,-50.569958
DDQN,500,19,14000,100,151.4,-49.673862
DDQN,500,19,15000,100,146.28,-46.790695
DDQN,500,19,16000,100,123.6,-38.684494
DDQN,500,19,17000,100,169.28,-46.905167
DDQN,500,19,18000,100,189.44,-48.473133
DDQN,500,19,19000,100,201.24,-48.12901
DDQN,500,19,20000,100,174.92,-42.08141
DDQN,500,19,21000,100,203.84,-45.71381
DDQN,500,19,22000,100,214.84,-46.425106
DDQN,500,19,23000,100,209.32,-44.50061
DDQN,500,19,24000,100,161.68,-34.754986
DDQN,500,19,25000,100,135.76,-27.919275
DDQN,500,19,26000,100,132.6,-25.365044
DDQN,500,19,27000,100,155.24,-28.373451
DDQN,500,19,28000,100,196.76,-34.212868
DDQN,500,19,29000,100,128.08,-19.608053
DDQN,500,19,30000,100,133.48,-19.650358
DDQN,500,19,31000,100,176.56,-25.450928
DDQN,500,19,32000,100,114.2,-11.248213
DDQN,500,19,33000,100,129.96,-14.008387
DDQN,500,19,34000,100,107.64,-5.6122756
DDQN,500,19,35000,100,113.24,-5.763789
DDQN,500,19,36000,100,107.92,-2.2813337
DDQN,500,19,37000,100,115.84,-2.6452255
DDQN,500,19,38000,100,104.68,2.3568559
DDQN,500,19,39000,100,108.32,2.7232091
DDQN,500,19,40000,100,132.4,-1.3828372
DDQN,500,19,41000,100,104.36,6.904526
DDQN,500,19,42000,100,111.76,6.1209316
DDQN,500,19,43000,100,117.8,5.476813
DDQN,500,19,44000,100,128.76,3.7818
DDQN,500,19,45000,100,112.88,9.028433
DDQN,500,19,46000,100,112.2,10.448975
DDQN,500,19,47000,100,109.28,12.834624
DDQN,500,19,48000,100,125.68,9.385909
DDQN,500,19,49000,100,126.48,10.817735
DDQN,500,19,50000,100,108.6,17.986784
DDQN,500,19,51000,100,110.24,19.341854
DDQN,500,19,52000,100,126.12,16.02205
DDQN,500,19,53000,100,132.44,15.363531
DDQN,500,19,54000,100,141.44,14.870591
DDQN,500,19,55000,100,132.28,17.94749
DDQN,500,19,56000,100,140.04,17.499113
DDQN,500,19,57000,100,157.24,15.088676
DDQN,500,19,58000,100,149.88,17.70627
DDQN,500,19,59000,100,199.36,11.433167
DDQN,500,19,60000,100,225.56,9.290581
DDQN,500,19,61000,100,209.76,12.05072
DDQN,500,19,62000,100,191.24,14.275756
DDQN,500,19,63000,100,190.84,15.6576805
DDQN,500,19,64000,100,198.4,14.868377
DDQN,500,19,65000,100,199.84,16.577347
DDQN,500,19,66000,100,209.68,16.702505
DDQN,500,19,67000,100,198.72,17.328
DDQN,500,19,68000,100,189.64,18.241653
DDQN,500,19,69000,100,256.16,15.337922
DDQN,500,19,70000,100,234.2,16.253494
DDQN,500,19,71000,100,240.2,16.185614
DDQN,500,19,72000,100,244.32,17.07368
DDQN,500,19,73000,100,253.6,16.458279
DDQN,500,19,74000,100,206.52,21.384045
DDQN,500,19,75000,100,195.64,23.332243
DDQN,500,19,76000,100,161.24,27.613998
DDQN,500,19,77000,100,129.76,32.312817
DDQN,500,19,78000,100,124.64,34.616
DDQN,500,19,79000,100,118.24,37.711044
DDQN,500,19,80000,100,123.56,37.65464
DDQN,500,19,81000,100,125.48,39.140812
DDQN,500,19,82000,100,134.08,38.53257
DDQN,500,19,83000,100,130.12,41.29873
DDQN,500,19,84000,100,129.92,43.762
DDQN,500,19,85000,100,130.2,46.140556
DDQN,500,19,86000,100,122.88,50.67334
DDQN,500,19,87000,100,131.4,50.92244
DDQN,500,19,88000,100,134.92,52.469933
DDQN,500,19,89000,100,134.76,55.279667
DDQN,500,19,90000,100,141.24,56.187695
DDQN,500,19,91000,100,144.36,57.448906
DDQN,500,19,92000,100,138.24,60.71371
DDQN,500,19,93000,100,137.04,62.22076
DDQN,500,19,94000,100,141.08,63.3312
DDQN,500,19,95000,100,139.2,65.14131
DDQN,500,19,96000,100,134.16,67.81819
DDQN,500,19,97000,100,147.56,65.83583
DDQN,500,19,98000,100,150.72,66.01093
DDQN,500,19,99000,100,151.04,66.922874
DDQN,500,19,100000,100,160.96,65.17075
DDQN,1000,10,1000,100,9.44,-9.032413
DDQN,1000,10,2000,100,9.44,-8.011588
DDQN,1000,10,3000,100,9.44,-6.9834547
DDQN,1000,10,4000,100,58.04,-36.970955
DDQN,1000,10,5000,100,295.72,-88.061005
DDQN,1000,10,6000,100,287.56,-85.38427
DDQN,1000,10,7000,100,194.08,-77.236824
DDQN,1000,10,8000,100,201.88,-78.52501
DDQN,1000,10,9000,100,200.64,-77.20389
DDQN,1000,10,10000,100,186.8,-73.99301
DDQN,1000,10,11000,100,179.64,-72.74366
DDQN,1000,10,12000,100,170.96,-70.69977
DDQN,1000,10,13000,100,174.04,-70.16315
DDQN,1000,10,14000,100,172.56,-68.6116
DDQN,1000,10,15000,100,148.04,-61.775146
DDQN,1000,10,16000,100,163.84,-65.51312
DDQN,1000,10,17000,100,163.8,-62.982956
DDQN,1000,10,18000,100,193.88,-67.98415
DDQN,1000,10,19000,100,141.68,-58.035313
DDQN,1000,10,20000,100,184.08,-64.445946
DDQN,1000,10,21000,100,170.64,-61.27205
DDQN,1000,10,22000,100,194.6,-64.169685
DDQN,1000,10,23000,100,191.48,-62.136784
DDQN,1000,10,24000,100,160.64,-57.199482
DDQN,1000,10,25000,100,151.6,-54.433346
DDQN,1000,10,26000,100,235.96,-64.75837
DDQN,1000,10,27000,100,207.12,-60.49876
DDQN,1000,10,28000,100,203.4,-60.52853
DDQN,1000,10,29000,100,145.92,-50.08102
DDQN,1000,10,30000,100,164.16,-53.412487
DDQN,1000,10,31000,100,192.88,-55.68113
DDQN,1000,10,32000,100,140.88,-46.81991
DDQN,1000,10,33000,100,133.2,-43.933434
DDQN,1000,10,34000,100,207.0,-55.926937
DDQN,1000,10,35000,100,197.0,-53.80338
DDQN,1000,10,36000,100,173.92,-49.953564
DDQN,1000,10,37000,100,194.32,-51.027298
DDQN,1000,10,38000,100,202.88,-51.46209
DDQN,1000,10,39000,100,239.4,-55.093815
DDQN,1000,10,40000,100,236.12,-53.946365
DDQN,1000,10,41000,100,526.72,-49.961254
DDQN,1000,10,42000,100,791.12,-53.50414
DDQN,1000,10,43000,100,531.6,-47.94985
DDQN,1000,10,44000,100,800.52,-54.235386
DDQN,1000,10,45000,100,139.36,-36.01962
DDQN,1000,10,46000,100,170.56,-40.012268
DDQN,1000,10,47000,100,242.04,-48.85576
DDQN,1000,10,48000,100,277.2,-51.757496
DDQN,1000,10,49000,100,406.12,-51.960464
DDQN,1000,10,50000,100,330.24,-52.725025
DDQN,1000,10,51000,100,275.76,-49.7956
DDQN,1000,10,52000,100,264.6,-44.891617
DDQN,1000,10,53000,100,173.68,-32.341007
DDQN,1000,10,54000,100,236.72,-44.108765
DDQN,1000,10,55000,100,169.28,-35.151615
DDQN,1000,10,56000,100,295.16,-46.955154
DDQN,1000,10,57000,100,280.92,-45.92794
DDQN,1000,10,58000,100,298.8,-45.031616
DDQN,1000,10,59000,100,179.52,-34.072655
DDQN,1000,10,60000,100,343.28,-46.486504
DDQN,1000,10,61000,100,258.72,-39.583008
DDQN,1000,10,62000,100,151.32,-27.496239
DDQN,1000,10,63000,100,142.52,-24.847008
DDQN,1000,10,64000,100,113.44,-16.03762
DDQN,1000,10,65000,100,234.96,-37.940075
DDQN,1000,10,66000,100,129.4,-19.561144
DDQN,1000,10,67000,100,462.08,-44.76634
DDQN,1000,10,68000,100,246.52,-36.123997
DDQN,1000,10,69000,100,131.4,-18.420412
DDQN,1000,10,70000,100,137.12,-19.23626
DDQN,1000,10,71000,100,135.24,-18.229473
DDQN,1000,10,72000,100,127.16,-15.512028
DDQN,1000,10,73000,100,119.32,-12.662485
DDQN,1000,10,74000,100,124.28,-13.389832
DDQN,1000,10,75000,100,122.88,-12.480978
DDQN,1000,10,76000,100,120.48,-11.216496
DDQN,1000,10,77000,100,121.12,-10.796538
DDQN,1000,10,78000,100,114.36,-8.179171
DDQN,1000,10,79000,100,126.32,-11.141633
DDQN,1000,10,80000,100,125.48,-10.3976345
DDQN,1000,10,81000,100,125.16,-9.84564
DDQN,1000,10,82000,100,121.52,-8.284371
DDQN,1000,10,83000,100,123.88,-8.422688
DDQN,1000,10,84000,100,128.84,-9.376161
DDQN,1000,10,85000,100,196.32,-19.835817
DDQN,1000,10,86000,100,135.04,-10.047188
DDQN,1000,10,87000,100,123.84,-6.36308
DDQN,1000,10,88000,100,130.12,-7.5213537
DDQN,1000,10,89000,100,122.68,-4.8532915
DDQN,1000,10,90000,100,159.68,-13.148328
DDQN,1000,10,91000,100,126.4,-4.8160267
DDQN,1000,10,92000,100,116.72,-1.3911338
DDQN,1000,10,93000,100,134.48,-5.805413
DDQN,1000,10,94000,100,2788.68,-30.895401
DDQN,1000,10,95000,100,160.88,-10.6997795
DDQN,1000,10,96000,100,339.68,-26.29142
DDQN,1000,10,97000,100,636.2,-27.89189
DDQN,1000,10,98000,100,3000.0,-29.254868
DDQN,1000,10,99000,100,1031.84,-27.778452
DDQN,1000,10,100000,100,146.2,-4.8761635
DDQN,1000,11,1000,100,9.28,-8.900425
DDQN,1000,11,2000,100,9.44,-8.148254
DDQN,1000,11,3000,100,10.2,-7.825706
DDQN,1000,11,4000,100,176.08,-77.26293
DDQN,1000,11,5000,100,161.08,-75.0838
DDQN,1000,11,6000,100,179.0,-74.533775
DDQN,1000,11,7000,100,161.16,-72.83685
DDQN,1000,11,8000,100,155.8,-70.4357
DDQN,1000,11,9000,100,159.2,-69.68381
DDQN,1000,11,10000,100,152.04,-67.37132
DDQN,1000,11,11000,100,170.6,-70.88291
DDQN,1000,11,12000,100,166.52,-69.33726
DDQN,1000,11,13000,100,172.4,-68.29978
DDQN,1000,11,14000,100,135.44,-60.51589
DDQN,1000,11,15000,100,140.32,-60.40888
DDQN,1000,11,16000,100,187.8,-68.663734
DDQN,1000,11,17000,100,227.52,-72.549774
DDQN,1000,11,18000,100,175.04,-65.465225
DDQN,1000,11,19000,100,120.36,-52.48514
DDQN,1000,11,20000,100,159.64,-61.0982
DDQN,1000,11,21000,100,152.12,-58.941185
DDQN,1000,11,22000,100,139.08,-53.870712
DDQN,1000,11,23000,100,117.6,-47.38667
DDQN,1000,11,24000,100,119.16,-46.421295
DDQN,1000,11,25000,100,106.88,-42.786762
DDQN,1000,11,26000,100,105.28,-41.36892
DDQN,1000,11,27000,100,105.88,-40.707245
DDQN,1000,11,28000,100,105.24,-39.50891
DDQN,1000,11,29000,100,105.0,-38.412155
DDQN,1000,11,30000,100,108.84,-38.81985
DDQN,1000,11,31000,100,108.88,-37.868343
DDQN,1000,11,32000,100,106.72,-36.344078
DDQN,1000,11,33000,100,105.88,-35.2866
DDQN,1000,11,34000,100,106.72,-34.67857
DDQN,1000,11,35000,100,108.44,-34.422226
DDQN,1000,11,36000,100,105.76,-32.740814
DDQN,1000,11,37000,100,106.04,-32.01322
DDQN,1000,11,38000,100,116.4,-33.16801
DDQN,1000,11,39000,100,113.56,-32.465763
DDQN,1000,11,40000,100,106.2,-29.52123
DDQN,1000,11,41000,100,116.64,-31.433489
DDQN,1000,11,42000,100,241.56,-52.617832
DDQN,1000,11,43000,100,178.2,-43.16535
DDQN,1000,11,44000,100,133.36,-33.085392
DDQN,1000,11,45000,100,132.56,-32.59024
DDQN,1000,11,46000,100,126.24,-30.934381
DDQN,1000,11,47000,100,148.04,-35.553097
DDQN,1000,11,48000,100,143.4,-34.467495
DDQN,1000,11,49000,100,131.48,-30.556385
DDQN,1000,11,50000,100,114.64,-25.185823
DDQN,1000,11,51000,100,119.36,-25.864424
DDQN,1000,11,52000,100,110.0,-22.030308
DDQN,1000,11,53000,100,111.12,-21.639395
DDQN,1000,11,54000,100,109.12,-20.15184
DDQN,1000,11,55000,100,105.76,-18.320223
DDQN,1000,11,56000,100,110.16,-19.258808
DDQN,1000,11,57000,100,126.32,-23.646284
DDQN,1000,11,58000,100,108.16,-17.207485
DDQN,1000,11,59000,100,105.0,-15.373025
DDQN,1000,11,60000,100,104.52,-14.294886
DDQN,1000,11,61000,100,113.72,-16.73836
DDQN,1000,11,62000,100,121.08,-18.28924
DDQN,1000,11,63000,100,108.64,-13.742762
DDQN,1000,11,64000,100,108.92,-13.075129
DDQN,1000,11,65000,100,125.6,-17.273375
DDQN,1000,11,66000,100,111.36,-12.757336
DDQN,1000,11,67000,100,109.76,-11.187813
DDQN,1000,11,68000,100,104.64,-8.764237
DDQN,1000,11,69000,100,104.04,-8.077656
DDQN,1000,11,70000,100,97.92,-5.0794044
DDQN,1000,11,71000,100,106.24,-7.451023
DDQN,1000,11,72000,100,111.32,-8.437437
DDQN,1000,11,73000,100,113.2,-8.403258
DDQN,1000,11,74000,100,104.24,-4.826946
DDQN,1000,11,75000,100,110.44,-6.407274
DDQN,1000,11,76000,100,121.88,-9.558546
DDQN,1000,11,77000,100,114.88,-6.9744368
DDQN,1000,11,78000,100,112.4,-5.741063
DDQN,1000,11,79000,100,117.36,-6.79967
DDQN,1000,11,80000,100,115.36,-5.690758
DDQN,1000,11,81000,100,140.72,-12.161321
DDQN,1000,11,82000,100,116.56,-5.12849
DDQN,1000,11,83000,100,134.16,-9.598896
DDQN,1000,11,84000,100,154.52,-13.35491
DDQN,1000,11,85000,100,131.92,-8.307721
DDQN,1000,11,86000,100,157.96,-13.4595375
DDQN,1000,11,87000,100,218.48,-22.1612
DDQN,1000,11,88000,100,191.44,-17.89628
DDQN,1000,11,89000,100,117.28,-2.6610045
DDQN,1000,11,90000,100,246.04,-21.867844
DDQN,1000,11,91000,100,273.52,-24.018574
DDQN,1000,11,92000,100,235.28,-18.580067
DDQN,1000,11,93000,100,392.72,-28.083366
DDQN,1000,11,94000,100,384.32,-29.46658
DDQN,1000,11,95000,100,481.28,-29.94894
DDQN,1000,11,96000,100,345.52,-27.499632
DDQN,1000,11,97000,100,659.2,-29.105675
DDQN,1000,11,98000,100,376.2,-27.454994
DDQN,1000,11,99000,100,378.08,-26.962004
DDQN,1000,11,100000,100,1276.8,-28.379583
DDQN,1000,12,1000,100,9.28,-8.828122
DDQN,1000,12,2000,100,9.88,-8.519096
DDQN,1000,12,3000,100,18.48,-14.976066
DDQN,1000,12,4000,100,55.4,-39.730328
DDQN,1000,12,5000,100,180.44,-79.49705
DDQN,1000,12,6000,100,214.68,-82.37532
DDQN,1000,12,7000,100,177.88,-75.78017
DDQN,1000,12,8000,100,167.32,-72.67248
DDQN,1000,12,9000,100,159.24,-70.15002
DDQN,1000,12,10000,100,151.8,-67.93065
DDQN,1000,12,11000,100,162.12,-68.934364
DDQN,1000,12,12000,100,166.32,-67.47935
DDQN,1000,12,13000,100,159.44,-66.655396
DDQN,1000,12,14000,100,158.36,-65.635445
DDQN,1000,12,15000,100,149.84,-62.627476
DDQN,1000,12,16000,100,168.32,-65.07276
DDQN,1000,12,17000,100,166.56,-64.37853
DDQN,1000,12,18000,100,170.84,-64.29965
DDQN,1000,12,19000,100,171.4,-63.3926
DDQN,1000,12,20000,100,153.28,-59.695892
DDQN,1000,12,21000,100,292.4,-73.67129
DDQN,1000,12,22000,100,260.08,-69.68435
DDQN,1000,12,23000,100,151.28,-55.646942
DDQN,1000,12,24000,100,151.28,-55.58482
DDQN,1000,12,25000,100,134.04,-50.811176
DDQN,1000,12,26000,100,147.4,-53.32051
DDQN,1000,12,27000,100,157.56,-54.60979
DDQN,1000,12,28000,100,151.04,-52.359005
DDQN,1000,12,29000,100,160.32,-52.57336
DDQN,1000,12,30000,100,178.36,-55.640343
DDQN,1000,12,31000,100,166.88,-52.94357
DDQN,1000,12,32000,100,158.52,-50.374496
DDQN,1000,12,33000,100,204.36,-53.90269
DDQN,1000,12,34000,100,163.32,-48.97848
DDQN,1000,12,35000,100,217.0,-54.68481
DDQN,1000,12,36000,100,207.04,-53.344532
DDQN,1000,12,37000,100,144.4,-42.613457
DDQN,1000,12,38000,100,192.76,-49.85489
DDQN,1000,12,39000,100,224.24,-52.05373
DDQN,1000,12,40000,100,124.8,-35.76031
DDQN,1000,12,41000,100,118.68,-33.377922
DDQN,1000,12,42000,100,124.04,-34.13656
DDQN,1000,12,43000,100,111.68,-29.547823
DDQN,1000,12,44000,100,114.36,-29.5599
DDQN,1000,12,45000,100,132.92,-33.71754
DDQN,1000,12,46000,100,114.6,-28.35941
DDQN,1000,12,47000,100,111.08,-26.515945
DDQN,1000,12,48000,100,125.68,-30.225088
DDQN,1000,12,49000,100,118.44,-27.520363
DDQN,1000,12,50000,100,129.84,-30.000029
DDQN,1000,12,51000,100,121.96,-27.069363
DDQN,1000,12,52000,100,116.6,-24.83488
DDQN,1000,12,53000,100,137.52,-29.847374
DDQN,1000,12,54000,100,136.76,-28.988031
DDQN,1000,12,55000,100,133.48,-27.192312
DDQN,1000,12,56000,100,143.6,-29.100266
DDQN,1000,12,57000,100,124.0,-23.14909
DDQN,1000,12,58000,100,136.0,-25.880415
DDQN,1000,12,59000,100,133.08,-24.424232
DDQN,1000,12,60000,100,138.88,-24.865856
DDQN,1000,12,61000,100,152.56,-27.538616
DDQN,1000,12,62000,100,132.92,-21.700111
DDQN,1000,12,63000,100,143.36,-23.950665
DDQN,1000,12,64000,100,154.64,-26.412857
DDQN,1000,12,65000,100,157.68,-26.412912
DDQN,1000,12,66000,100,154.68,-25.023314
DDQN,1000,12,67000,100,163.0,-26.024298
DDQN,1000,12,68000,100,164.36,-25.79145
DDQN,1000,12,69000,100,162.6,-25.022322
DDQN,1000,12,70000,100,172.64,-25.382944
DDQN,1000,12,71000,100,168.04,-24.7581
DDQN,1000,12,72000,100,181.24,-25.745146
DDQN,1000,12,73000,100,179.36,-25.48395
DDQN,1000,12,74000,100,181.04,-24.67518
DDQN,1000,12,75000,100,197.36,-24.551939
DDQN,1000,12,76000,100,144.76,-15.002568
DDQN,1000,12,77000,100,195.68,-25.753447
DDQN,1000,12,78000,100,198.08,-25.762531
DDQN,1000,12,79000,100,197.76,-24.831284
DDQN,1000,12,80000,100,199.28,-24.935764
DDQN,1000,12,81000,100,203.64,-25.199411
DDQN,1000,12,82000,100,216.76,-25.688135
DDQN,1000,12,83000,100,208.16,-24.52115
DDQN,1000,12,84000,100,226.36,-24.539675
DDQN,1000,12,85000,100,255.0,-27.29725
DDQN,1000,12,86000,100,233.76,-23.940712
DDQN,1000,12,87000,100,218.52,-23.676773
DDQN,1000,12,88000,100,254.2,-26.309141
DDQN,1000,12,89000,100,254.56,-25.793896
DDQN,1000,12,90000,100,319.24,-28.687939
DDQN,1000,12,91000,100,272.16,-23.867893
DDQN,1000,12,92000,100,270.28,-24.224703
DDQN,1000,12,93000,100,314.8,-27.680655
DDQN,1000,12,94000,100,277.36,-24.456789
DDQN,1000,12,95000,100,344.8,-27.776146
DDQN,1000,12,96000,100,375.48,-28.234337
DDQN,1000,12,97000,100,583.32,-28.109686
DDQN,1000,12,98000,100,400.84,-27.354769
DDQN,1000,12,99000,100,711.0,-28.291237
DDQN,1000,12,100000,100,256.92,-21.31481
DDQN,1000,13,1000,100,10.56,-10.078116
DDQN,1000,13,2000,100,17.72,-14.471679
DDQN,1000,13,3000,100,10.04,-7.6165648
DDQN,1000,13,4000,100,9.28,-5.9112644
DDQN,1000,13,5000,100,202.04,-80.95118
DDQN,1000,13,6000,100,221.8,-83.02419
DDQN,1000,13,7000,100,231.68,-83.385086
DDQN,1000,13,8000,100,238.84,-82.026146
DDQN,1000,13,9000,100,254.28,-82.05263
DDQN,1000,13,10000,100,181.28,-73.21084
DDQN,1000,13,11000,100,213.76,-76.51072
DDQN,1000,13,12000,100,200.12,-74.59181
DDQN,1000,13,13000,100,217.88,-74.59049
DDQN,1000,13,14000,100,159.24,-66.629135
DDQN,1000,13,15000,100,148.28,-63.47377
DDQN,1000,13,16000,100,247.96,-76.12312
DDQN,1000,13,17000,100,181.88,-65.9515
DDQN,1000,13,18000,100,115.08,-51.772266
DDQN,1000,13,19000,100,133.6,-54.890247
DDQN,1000,13,20000,100,132.24,-54.46873
DDQN,1000,13,21000,100,113.72,-48.26095
DDQN,1000,13,22000,100,149.28,-55.90709
DDQN,1000,13,23000,100,137.4,-52.830067
DDQN,1000,13,24000,100,145.88,-54.131435
DDQN,1000,13,25000,100,156.12,-56.033783
DDQN,1000,13,26000,100,164.28,-56.800484
DDQN,1000,13,27000,100,168.56,-56.39497
DDQN,1000,13,28000,100,165.8,-55.194767
DDQN,1000,13,29000,100,143.88,-49.930565
DDQN,1000,13,30000,100,128.8,-45.319073
DDQN,1000,13,31000,100,131.2,-45.04654
DDQN,1000,13,32000,100,130.76,-44.10399
DDQN,1000,13,33000,100,156.92,-48.902725
DDQN,1000,13,34000,100,121.04,-39.500587
DDQN,1000,13,35000,100,285.0,-53.80638
DDQN,1000,13,36000,100,225.76,-48.993298
DDQN,1000,13,37000,100,382.0,-48.942005
DDQN,1000,13,38000,100,201.4,-41.2764
DDQN,1000,13,39000,100,167.48,-39.022778
DDQN,1000,13,40000,100,185.28,-38.81133
DDQN,1000,13,41000,100,116.12,-32.723373
DDQN,1000,13,42000,100,150.24,-32.98315
DDQN,1000,13,43000,100,112.32,-29.569134
DDQN,1000,13,44000,100,199.04,-33.49758
DDQN,1000,13,45000,100,120.24,-27.64946
DDQN,1000,13,46000,100,127.28,-26.325058
DDQN,1000,13,47000,100,125.12,-30.61861
DDQN,1000,13,48000,100,116.88,-27.422983
DDQN,1000,13,49000,100,115.2,-26.109295
DDQN,1000,13,50000,100,108.68,-23.703222
DDQN,1000,13,51000,100,116.8,-25.336592
DDQN,1000,13,52000,100,107.92,-21.573347
DDQN,1000,13,53000,100,111.64,-21.98058
DDQN,1000,13,54000,100,111.8,-21.097357
DDQN,1000,13,55000,100,116.32,-21.689238
DDQN,1000,13,56000,100,118.76,-21.6785
DDQN,1000,13,57000,100,224.44,-35.302044
DDQN,1000,13,58000,100,194.44,-32.480698
DDQN,1000,13,59000,100,218.76,-36.66829
DDQN,1000,13,60000,100,241.92,-31.614069
DDQN,1000,13,61000,100,278.64,-33.512295
DDQN,1000,13,62000,100,344.28,-38.448215
DDQN,1000,13,63000,100,225.92,-30.33028
DDQN,1000,13,64000,100,332.6,-42.574142
DDQN,1000,13,65000,100,352.88,-42.610096
DDQN,1000,13,66000,100,259.64,-35.093277
DDQN,1000,13,67000,100,498.04,-43.13334
DDQN,1000,13,68000,100,210.88,-29.851446
DDQN,1000,13,69000,100,478.68,-43.19821
DDQN,1000,13,70000,100,373.2,-38.740803
DDQN,1000,13,71000,100,203.44,-29.146513
DDQN,1000,13,72000,100,332.12,-35.173836
DDQN,1000,13,73000,100,171.96,-23.60253
DDQN,1000,13,74000,100,176.4,-24.08231
DDQN,1000,13,75000,100,239.68,-31.822725
DDQN,1000,13,76000,100,571.16,-40.118202
DDQN,1000,13,77000,100,412.6,-37.42541
DDQN,1000,13,78000,100,161.44,-19.986195
DDQN,1000,13,79000,100,345.72,-33.79803
DDQN,1000,13,80000,100,232.44,-27.270664
DDQN,1000,13,81000,100,505.36,-37.52607
DDQN,1000,13,82000,100,599.12,-37.48818
DDQN,1000,13,83000,100,504.44,-31.655638
DDQN,1000,13,84000,100,467.56,-35.82989
DDQN,1000,13,85000,100,270.96,-29.510107
DDQN,1000,13,86000,100,554.12,-35.44991
DDQN,1000,13,87000,100,936.56,-35.434486
DDQN,1000,13,88000,100,356.16,-31.802223
DDQN,1000,13,89000,100,647.36,-33.213707
DDQN,1000,13,90000,100,1151.36,-34.148582
DDQN,1000,13,91000,100,833.2,-33.815712
DDQN,1000,13,92000,100,3000.0,-33.48341
DDQN,1000,13,93000,100,3000.0,-33.116844
DDQN,1000,13,94000,100,3000.0,-32.732124
DDQN,1000,13,95000,100,3000.0,-32.278454
DDQN,1000,13,96000,100,3000.0,-31.982716
DDQN,1000,13,97000,100,3000.0,-31.618855
DDQN,1000,13,98000,100,3000.0,-31.21404
DDQN,1000,13,99000,100,3000.0,-30.780373
DDQN,1000,13,100000,100,3000.0,-30.491724
DDQN,1000,14,1000,100,9.44,-9.00862
DDQN,1000,14,2000,100,9.44,-8.000047
DDQN,1000,14,3000,100,13.92,-10.995549
DDQN,1000,14,4000,100,346.72,-93.42096
DDQN,1000,14,5000,100,138.36,-70.587395
DDQN,1000,14,6000,100,156.04,-72.9385
DDQN,1000,14,7000,100,186.56,-77.357544
DDQN,1000,14,8000,100,193.04,-77.31541
DDQN,1000,14,9000,100,194.92,-76.37818
DDQN,1000,14,10000,100,206.36,-77.460785
DDQN,1000,14,11000,100,244.24,-79.69439
DDQN,1000,14,12000,100,244.36,-79.18273
DDQN,1000,14,13000,100,240.12,-77.59859
DDQN,1000,14,14000,100,192.68,-72.1501
DDQN,1000,14,15000,100,314.24,-81.59772
DDQN,1000,14,16000,100,3000.0,-84.979675
DDQN,1000,14,17000,100,2819.92,-84.06235
DDQN,1000,14,18000,100,430.24,-81.7105
DDQN,1000,14,19000,100,161.52,-62.511845
DDQN,1000,14,20000,100,247.08,-72.36059
DDQN,1000,14,21000,100,230.32,-70.24473
DDQN,1000,14,22000,100,253.32,-70.53523
DDQN,1000,14,23000,100,232.6,-65.40407
DDQN,1000,14,24000,100,201.68,-62.740517
DDQN,1000,14,25000,100,235.52,-64.50074
DDQN,1000,14,26000,100,190.56,-58.435894
DDQN,1000,14,27000,100,174.28,-54.06503
DDQN,1000,14,28000,100,208.36,-60.611015
DDQN,1000,14,29000,100,189.52,-55.926773
DDQN,1000,14,30000,100,216.64,-58.32514
DDQN,1000,14,31000,100,133.56,-45.264355
DDQN,1000,14,32000,100,261.44,-60.878605
DDQN,1000,14,33000,100,247.0,-58.429863
DDQN,1000,14,34000,100,205.96,-53.696323
DDQN,1000,14,35000,100,140.04,-40.816063
DDQN,1000,14,36000,100,135.8,-41.37065
DDQN,1000,14,37000,100,220.0,-53.107525
DDQN,1000,14,38000,100,163.36,-45.37299
DDQN,1000,14,39000,100,112.24,-33.162354
DDQN,1000,14,40000,100,238.48,-50.43853
DDQN,1000,14,41000,100,190.76,-46.74501
DDQN,1000,14,42000,100,173.36,-44.333397
DDQN,1000,14,43000,100,137.08,-36.768356
DDQN,1000,14,44000,100,143.8,-36.505688
DDQN,1000,14,45000,100,171.36,-41.182972
DDQN,1000,14,46000,100,135.2,-34.339508
DDQN,1000,14,47000,100,193.24,-44.34715
DDQN,1000,14,48000,100,140.36,-34.231598
DDQN,1000,14,49000,100,113.36,-26.298569
DDQN,1000,14,50000,100,136.84,-31.944403
DDQN,1000,14,51000,100,126.64,-26.875269
DDQN,1000,14,52000,100,168.4,-36.18186
DDQN,1000,14,53000,100,182.24,-36.173035
DDQN,1000,14,54000,100,165.96,-34.67697
DDQN,1000,14,55000,100,177.0,-35.85059
DDQN,1000,14,56000,100,134.08,-27.075718
DDQN,1000,14,57000,100,151.6,-30.496567
DDQN,1000,14,58000,100,146.0,-27.740816
DDQN,1000,14,59000,100,148.92,-27.139956
DDQN,1000,14,60000,100,140.84,-25.647259
DDQN,1000,14,61000,100,172.12,-30.536057
DDQN,1000,14,62000,100,180.76,-30.36501
DDQN,1000,14,63000,100,177.04,-29.525541
DDQN,1000,14,64000,100,169.12,-28.261106
DDQN,1000,14,65000,100,120.36,-17.074495
DDQN,1000,14,66000,100,175.76,-27.445368
DDQN,1000,14,67000,100,160.2,-24.743044
DDQN,1000,14,68000,100,169.48,-25.622812
DDQN,1000,14,69000,100,142.56,-20.945585
DDQN,1000,14,70000,100,130.48,-17.443966
DDQN,1000,14,71000,100,138.8,-18.787304
DDQN,1000,14,72000,100,188.04,-26.626066
DDQN,1000,14,73000,100,155.64,-20.666054
DDQN,1000,14,74000,100,119.32,-12.1575575
DDQN,1000,14,75000,100,126.36,-13.529437
DDQN,1000,14,76000,100,171.28,-21.914818
DDQN,1000,14,77000,100,127.32,-12.887382
DDQN,1000,14,78000,100,125.52,-11.772818
DDQN,1000,14,79000,100,136.64,-14.254711
DDQN,1000,14,80000,100,149.8,-15.056313
DDQN,1000,14,81000,100,204.84,-23.426542
DDQN,1000,14,82000,100,193.88,-21.49491
DDQN,1000,14,83000,100,156.0,-15.933216
DDQN,1000,14,84000,100,137.76,-10.863209
DDQN,1000,14,85000,100,145.16,-13.061638
DDQN,1000,14,86000,100,162.24,-14.631906
DDQN,1000,14,87000,100,177.2,-16.439617
DDQN,1000,14,88000,100,176.32,-17.546495
DDQN,1000,14,89000,100,184.0,-17.784485
DDQN,1000,14,90000,100,189.12,-18.91967
DDQN,1000,14,91000,100,296.32,-28.18081
DDQN,1000,14,92000,100,174.24,-15.562382
DDQN,1000,14,93000,100,211.16,-20.448149
DDQN,1000,14,94000,100,166.44,-13.197227
DDQN,1000,14,95000,100,204.0,-18.456745
DDQN,1000,14,96000,100,190.08,-15.958451
DDQN,1000,14,97000,100,210.44,-17.96452
DDQN,1000,14,98000,100,350.52,-26.050264
DDQN,1000,14,99000,100,270.64,-21.82433
DDQN,1000,14,100000,100,476.32,-27.425434
DDQN,1000,15,1000,100,9.28,-8.852837
DDQN,1000,15,2000,100,9.44,-8.012892
DDQN,1000,15,3000,100,13.72,-10.8380785
DDQN,1000,15,4000,100,21.2,-16.125124
DDQN,1000,15,5000,100,372.68,-92.91704
DDQN,1000,15,6000,100,281.92,-88.40335
DDQN,1000,15,7000,100,233.0,-83.1986
DDQN,1000,15,8000,100,203.12,-78.6133
DDQN,1000,15,9000,100,164.6,-71.438385
DDQN,1000,15,10000,100,168.68,-70.933716
DDQN,1000,15,11000,100,176.2,-70.35208
DDQN,1000,15,12000,100,183.6,-70.946724
DDQN,1000,15,13000,100,207.36,-73.46445
DDQN,1000,15,14000,100,258.96,-77.43204
DDQN,1000,15,15000,100,236.08,-75.272606
DDQN,1000,15,16000,100,212.72,-71.20035
DDQN,1000,15,17000,100,225.32,-70.78703
DDQN,1000,15,18000,100,158.0,-62.34394
DDQN,1000,15,19000,100,138.88,-57.09331
DDQN,1000,15,20000,100,155.72,-60.04104
DDQN,1000,15,21000,100,144.16,-56.434185
DDQN,1000,15,22000,100,167.12,-59.881958
DDQN,1000,15,23000,100,170.24,-59.375923
DDQN,1000,15,24000,100,323.56,-72.10595
DDQN,1000,15,25000,100,244.32,-64.84253
DDQN,1000,15,26000,100,136.72,-49.620617
DDQN,1000,15,27000,100,126.88,-46.38783
DDQN,1000,15,28000,100,115.96,-41.95891
DDQN,1000,15,29000,100,119.6,-42.684647
DDQN,1000,15,30000,100,123.64,-43.07054
DDQN,1000,15,31000,100,117.56,-40.385918
DDQN,1000,15,32000,100,117.04,-39.40213
DDQN,1000,15,33000,100,137.6,-41.823975
DDQN,1000,15,34000,100,136.44,-41.296303
DDQN,1000,15,35000,100,146.12,-42.817387
DDQN,1000,15,36000,100,136.64,-40.891857
DDQN,1000,15,37000,100,140.72,-40.368084
DDQN,1000,15,38000,100,117.48,-34.60552
DDQN,1000,15,39000,100,143.76,-38.98471
DDQN,1000,15,40000,100,150.48,-40.20089
DDQN,1000,15,41000,100,132.6,-34.54352
DDQN,1000,15,42000,100,169.96,-41.023346
DDQN,1000,15,43000,100,135.16,-34.268185
DDQN,1000,15,44000,100,160.76,-38.614143
DDQN,1000,15,45000,100,116.8,-28.942755
DDQN,1000,15,46000,100,124.56,-29.363014
DDQN,1000,15,47000,100,123.04,-28.789614
DDQN,1000,15,48000,100,121.28,-27.868237
DDQN,1000,15,49000,100,120.2,-26.813902
DDQN,1000,15,50000,100,124.88,-27.213621
DDQN,1000,15,51000,100,131.04,-27.842121
DDQN,1000,15,52000,100,124.56,-25.909203
DDQN,1000,15,53000,100,128.08,-26.598011
DDQN,1000,15,54000,100,132.28,-26.234985
DDQN,1000,15,55000,100,130.2,-25.846209
DDQN,1000,15,56000,100,156.0,-28.79159
DDQN,1000,15,57000,100,144.44,-26.678051
DDQN,1000,15,58000,100,204.96,-35.551834
DDQN,1000,15,59000,100,134.24,-24.092466
DDQN,1000,15,60000,100,142.0,-23.980091
DDQN,1000,15,61000,100,123.56,-20.690039
DDQN,1000,15,62000,100,126.44,-21.034117
DDQN,1000,15,63000,100,128.32,-19.578203
DDQN,1000,15,64000,100,117.16,-17.168692
DDQN,1000,15,65000,100,122.56,-17.900343
DDQN,1000,15,66000,100,117.4,-16.119478
DDQN,1000,15,67000,100,118.44,-15.772832
DDQN,1000,15,68000,100,143.2,-21.17601
DDQN,1000,15,69000,100,117.0,-14.19243
DDQN,1000,15,70000,100,132.2,-17.790312
DDQN,1000,15,71000,100,128.04,-16.02154
DDQN,1000,15,72000,100,130.88,-16.18371
DDQN,1000,15,73000,100,127.08,-14.828568
DDQN,1000,15,74000,100,134.12,-15.6678505
DDQN,1000,15,75000,100,133.92,-15.077311
DDQN,1000,15,76000,100,128.48,-13.7021675
DDQN,1000,15,77000,100,134.8,-14.2172165
DDQN,1000,15,78000,100,126.48,-12.109777
DDQN,1000,15,79000,100,130.8,-12.809198
DDQN,1000,15,80000,100,135.28,-13.5434475
DDQN,1000,15,81000,100,138.96,-13.83685
DDQN,1000,15,82000,100,138.72,-13.29218
DDQN,1000,15,83000,100,132.48,-11.255858
DDQN,1000,15,84000,100,135.92,-11.625191
DDQN,1000,15,85000,100,127.36,-8.821881
DDQN,1000,15,86000,100,140.48,-11.628873
DDQN,1000,15,87000,100,133.04,-9.0612755
DDQN,1000,15,88000,100,139.76,-10.248836
DDQN,1000,15,89000,100,133.48,-8.030848
DDQN,1000,15,90000,100,147.28,-10.8488655
DDQN,1000,15,91000,100,149.04,-10.749314
DDQN,1000,15,92000,100,146.48,-9.770337
DDQN,1000,15,93000,100,142.52,-8.401936
DDQN,1000,15,94000,100,152.2,-10.157945
DDQN,1000,15,95000,100,158.32,-10.982305
DDQN,1000,15,96000,100,268.12,-10.7195
DDQN,1000,15,97000,100,155.84,-9.861163
DDQN,1000,15,98000,100,294.84,-12.873347
DDQN,1000,15,99000,100,578.12,-18.038921
DDQN,1000,15,100000,100,293.88,-21.094545
DDQN,1000,16,1000,100,9.44,-9.077558
DDQN,1000,16,2000,100,18.32,-15.806496
DDQN,1000,16,3000,100,11.84,-9.220548
DDQN,1000,16,4000,100,138.52,-70.85774
DDQN,1000,16,5000,100,87.6,-51.924927
DDQN,1000,16,6000,100,197.96,-77.97612
DDQN,1000,16,7000,100,191.16,-77.841774
DDQN,1000,16,8000,100,151.88,-70.059906
DDQN,1000,16,9000,100,166.48,-70.83068
DDQN,1000,16,10000,100,155.32,-68.36096
DDQN,1000,16,11000,100,183.56,-72.13671
DDQN,1000,16,12000,100,155.48,-66.69602
DDQN,1000,16,13000,100,145.64,-64.3139
DDQN,1000,16,14000,100,246.48,-78.341644
DDQN,1000,16,15000,100,181.76,-68.20852
DDQN,1000,16,16000,100,160.04,-64.66696
DDQN,1000,16,17000,100,150.96,-62.388546
DDQN,1000,16,18000,100,150.96,-61.570175
DDQN,1000,16,19000,100,134.36,-56.785526
DDQN,1000,16,20000,100,128.24,-54.22342
DDQN,1000,16,21000,100,126.04,-52.650265
DDQN,1000,16,22000,100,126.56,-51.813705
DDQN,1000,16,23000,100,120.08,-49.01475
DDQN,1000,16,24000,100,114.12,-46.1944
DDQN,1000,16,25000,100,109.64,-43.784332
DDQN,1000,16,26000,100,110.84,-43.276688
DDQN,1000,16,27000,100,129.44,-48.039204
DDQN,1000,16,28000,100,123.04,-45.31027
DDQN,1000,16,29000,100,115.76,-42.34896
DDQN,1000,16,30000,100,126.84,-44.858624
DDQN,1000,16,31000,100,123.88,-43.051945
DDQN,1000,16,32000,100,120.8,-41.567406
DDQN,1000,16,33000,100,140.32,-45.665356
DDQN,1000,16,34000,100,128.8,-42.384056
DDQN,1000,16,35000,100,151.88,-46.28493
DDQN,1000,16,36000,100,163.48,-48.21814
DDQN,1000,16,37000,100,145.16,-43.74202
DDQN,1000,16,38000,100,141.44,-42.457264
DDQN,1000,16,39000,100,178.84,-48.005768
DDQN,1000,16,40000,100,216.88,-53.314415
DDQN,1000,16,41000,100,255.92,-56.596836
DDQN,1000,16,42000,100,260.24,-51.53708
DDQN,1000,16,43000,100,237.2,-49.11832
DDQN,1000,16,44000,100,351.2,-54.754063
DDQN,1000,16,45000,100,275.08,-52.208546
DDQN,1000,16,46000,100,286.12,-52.59678
DDQN,1000,16,47000,100,286.36,-52.53627
DDQN,1000,16,48000,100,291.2,-50.948067
DDQN,1000,16,49000,100,244.2,-47.27093
DDQN,1000,16,50000,100,266.84,-49.144726
DDQN,1000,16,51000,100,256.68,-47.37685
DDQN,1000,16,52000,100,229.08,-45.505547
DDQN,1000,16,53000,100,217.72,-43.742744
DDQN,1000,16,54000,100,218.6,-43.680737
DDQN,1000,16,55000,100,222.56,-43.712887
DDQN,1000,16,56000,100,220.24,-42.314663
DDQN,1000,16,57000,100,293.16,-47.46336
DDQN,1000,16,58000,100,302.52,-47.43207
DDQN,1000,16,59000,100,297.92,-46.43502
DDQN,1000,16,60000,100,294.36,-44.777973
DDQN,1000,16,61000,100,244.08,-40.845467
DDQN,1000,16,62000,100,181.0,-33.54624
DDQN,1000,16,63000,100,226.48,-38.264164
DDQN,1000,16,64000,100,188.88,-33.570656
DDQN,1000,16,65000,100,175.36,-30.744274
DDQN,1000,16,66000,100,155.04,-26.076746
DDQN,1000,16,67000,100,189.6,-31.603539
DDQN,1000,16,68000,100,173.64,-28.399282
DDQN,1000,16,69000,100,182.16,-29.205654
DDQN,1000,16,70000,100,164.84,-25.624601
DDQN,1000,16,71000,100,172.68,-26.272484
DDQN,1000,16,72000,100,170.96,-25.33578
DDQN,1000,16,73000,100,188.32,-27.528156
DDQN,1000,16,74000,100,187.52,-26.5045
DDQN,1000,16,75000,100,162.28,-21.598835
DDQN,1000,16,76000,100,177.76,-23.816696
DDQN,1000,16,77000,100,201.04,-26.94486
DDQN,1000,16,78000,100,174.88,-22.606052
DDQN,1000,16,79000,100,155.16,-18.062641
DDQN,1000,16,80000,100,169.36,-20.024181
DDQN,1000,16,81000,100,133.88,-11.946796
DDQN,1000,16,82000,100,129.32,-10.274287
DDQN,1000,16,83000,100,183.04,-20.66794
DDQN,1000,16,84000,100,132.2,-10.006672
DDQN,1000,16,85000,100,145.48,-12.792212
DDQN,1000,16,86000,100,154.96,-14.369878
DDQN,1000,16,87000,100,143.2,-11.207004
DDQN,1000,16,88000,100,222.84,-21.503689
DDQN,1000,16,89000,100,137.32,-8.738438
DDQN,1000,16,90000,100,135.24,-7.6303577
DDQN,1000,16,91000,100,144.36,-9.3953085
DDQN,1000,16,92000,100,158.56,-11.968348
DDQN,1000,16,93000,100,154.72,-10.836483
DDQN,1000,16,94000,100,168.16,-12.691948
DDQN,1000,16,95000,100,1476.68,-25.717388
DDQN,1000,16,96000,100,353.44,-27.011938
DDQN,1000,16,97000,100,2790.84,-29.92016
DDQN,1000,16,98000,100,727.76,-27.981333
DDQN,1000,16,99000,100,1440.96,-28.306774
DDQN,1000,16,100000,100,244.32,-19.778292
DDQN,1000,17,1000,100,9.28,-8.903303
DDQN,1000,17,2000,100,9.68,-8.393418
DDQN,1000,17,3000,100,40.36,-29.10444
DDQN,1000,17,4000,100,76.48,-46.7668
DDQN,1000,17,5000,100,316.36,-89.86702
DDQN,1000,17,6000,100,201.36,-78.811386
DDQN,1000,17,7000,100,191.92,-78.177635
DDQN,1000,17,8000,100,207.4,-79.38822
DDQN,1000,17,9000,100,219.04,-80.229324
DDQN,1000,17,10000,100,219.12,-79.245346
DDQN,1000,17,11000,100,224.56,-78.24863
DDQN,1000,17,12000,100,218.8,-77.25166
DDQN,1000,17,13000,100,229.32,-76.07889
DDQN,1000,17,14000,100,201.72,-73.411835
DDQN,1000,17,15000,100,205.32,-72.930084
DDQN,1000,17,16000,100,156.08,-64.50315
DDQN,1000,17,17000,100,212.52,-72.129196
DDQN,1000,17,18000,100,197.72,-68.71333
DDQN,1000,17,19000,100,159.32,-61.542503
DDQN,1000,17,20000,100,115.4,-50.276535
DDQN,1000,17,21000,100,123.92,-51.92623
DDQN,1000,17,22000,100,120.4,-49.85073
DDQN,1000,17,23000,100,125.72,-50.481884
DDQN,1000,17,24000,100,123.48,-48.98254
DDQN,1000,17,25000,100,123.72,-48.121357
DDQN,1000,17,26000,100,123.2,-47.106636
DDQN,1000,17,27000,100,117.2,-44.469933
DDQN,1000,17,28000,100,119.68,-44.349213
DDQN,1000,17,29000,100,123.08,-44.506092
DDQN,1000,17,30000,100,115.92,-41.473045
DDQN,1000,17,31000,100,118.12,-41.32683
DDQN,1000,17,32000,100,108.6,-37.44611
DDQN,1000,17,33000,100,110.56,-37.25085
DDQN,1000,17,34000,100,115.44,-37.999798
DDQN,1000,17,35000,100,111.96,-36.00339
DDQN,1000,17,36000,100,117.24,-36.901398
DDQN,1000,17,37000,100,104.72,-32.035786
DDQN,1000,17,38000,100,109.8,-32.952442
DDQN,1000,17,39000,100,123.12,-36.39374
DDQN,1000,17,40000,100,191.64,-46.355724
DDQN,1000,17,41000,100,143.8,-38.989677
DDQN,1000,17,42000,100,185.88,-45.9186
DDQN,1000,17,43000,100,192.0,-43.328545
DDQN,1000,17,44000,100,212.24,-47.455856
DDQN,1000,17,45000,100,136.8,-33.357426
DDQN,1000,17,46000,100,182.48,-42.777306
DDQN,1000,17,47000,100,177.92,-38.59929
DDQN,1000,17,48000,100,136.84,-33.133404
DDQN,1000,17,49000,100,132.36,-31.042078
DDQN,1000,17,50000,100,161.12,-33.190407
DDQN,1000,17,51000,100,171.72,-36.81166
DDQN,1000,17,52000,100,186.48,-38.071827
DDQN,1000,17,53000,100,191.12,-36.680016
DDQN,1000,17,54000,100,122.24,-23.774141
DDQN,1000,17,55000,100,123.36,-23.355478
DDQN,1000,17,56000,100,105.64,-17.826122
DDQN,1000,17,57000,100,126.32,-22.810606
DDQN,1000,17,58000,100,114.24,-19.315964
DDQN,1000,17,59000,100,109.76,-17.021137
DDQN,1000,17,60000,100,116.08,-18.494804
DDQN,1000,17,61000,100,116.4,-17.921093
DDQN,1000,17,62000,100,118.92,-17.950108
DDQN,1000,17,63000,100,124.68,-19.085478
DDQN,1000,17,64000,100,128.8,-19.589535
DDQN,1000,17,65000,100,128.72,-19.057707
DDQN,1000,17,66000,100,123.4,-17.094915
DDQN,1000,17,67000,100,129.88,-18.365839
DDQN,1000,17,68000,100,140.44,-19.202625
DDQN,1000,17,69000,100,117.12,-13.452231
DDQN,1000,17,70000,100,140.32,-19.13823
DDQN,1000,17,71000,100,131.68,-15.604478
DDQN,1000,17,72000,100,153.84,-20.360516
DDQN,1000,17,73000,100,129.04,-14.053141
DDQN,1000,17,74000,100,146.84,-17.92364
DDQN,1000,17,75000,100,124.96,-11.960305
DDQN,1000,17,76000,100,124.16,-11.009299
DDQN,1000,17,77000,100,124.72,-10.558812
DDQN,1000,17,78000,100,144.96,-15.289437
DDQN,1000,17,79000,100,134.92,-12.131783
DDQN,1000,17,80000,100,139.52,-12.701172
DDQN,1000,17,81000,100,158.68,-16.40245
DDQN,1000,17,82000,100,146.4,-13.3874235
DDQN,1000,17,83000,100,149.36,-13.540359
DDQN,1000,17,84000,100,146.6,-12.351831
DDQN,1000,17,85000,100,150.4,-12.726482
DDQN,1000,17,86000,100,141.52,-10.153587
DDQN,1000,17,87000,100,281.8,-25.586538
DDQN,1000,17,88000,100,189.8,-17.814695
DDQN,1000,17,89000,100,276.36,-24.76315
DDQN,1000,17,90000,100,163.64,-8.355417
DDQN,1000,17,91000,100,254.44,-22.543882
DDQN,1000,17,92000,100,213.28,-17.744513
DDQN,1000,17,93000,100,291.56,-25.870033
DDQN,1000,17,94000,100,349.2,-25.147438
DDQN,1000,17,95000,100,117.04,0.27526796
DDQN,1000,17,96000,100,158.96,-7.043324
DDQN,1000,17,97000,100,150.56,-7.0051384
DDQN,1000,17,98000,100,184.04,-12.959048
DDQN,1000,17,99000,100,287.2,-22.330454
DDQN,1000,17,100000,100,228.4,-17.578682
DDQN,1000,18,1000,100,9.28,-8.845558
DDQN,1000,18,2000,100,9.4,-7.962688
DDQN,1000,18,3000,100,9.28,-6.8531947
DDQN,1000,18,4000,100,142.72,-72.92187
DDQN,1000,18,5000,100,247.56,-85.58266
DDQN,1000,18,6000,100,237.6,-84.51947
DDQN,1000,18,7000,100,203.44,-78.53832
DDQN,1000,18,8000,100,227.04,-80.46512
DDQN,1000,18,9000,100,209.52,-78.84529
DDQN,1000,18,10000,100,198.48,-76.17691
DDQN,1000,18,11000,100,209.28,-76.41358
DDQN,1000,18,12000,100,214.24,-75.11022
DDQN,1000,18,13000,100,171.04,-69.58762
DDQN,1000,18,14000,100,1479.8,-81.945465
DDQN,1000,18,15000,100,2264.28,-85.27739
DDQN,1000,18,16000,100,185.44,-69.467575
DDQN,1000,18,17000,100,156.68,-63.23331
DDQN,1000,18,18000,100,143.08,-58.691612
DDQN,1000,18,19000,100,171.8,-62.82644
DDQN,1000,18,20000,100,110.44,-48.142284
DDQN,1000,18,21000,100,140.92,-55.4203
DDQN,1000,18,22000,100,188.8,-62.781883
DDQN,1000,18,23000,100,125.6,-49.904903
DDQN,1000,18,24000,100,181.68,-59.72637
DDQN,1000,18,25000,100,133.12,-48.58691
DDQN,1000,18,26000,100,142.44,-48.39459
DDQN,1000,18,27000,100,125.96,-45.38766
DDQN,1000,18,28000,100,168.64,-52.944324
DDQN,1000,18,29000,100,140.84,-45.914494
DDQN,1000,18,30000,100,108.44,-38.49777
DDQN,1000,18,31000,100,104.76,-36.717075
DDQN,1000,18,32000,100,132.0,-42.161427
DDQN,1000,18,33000,100,105.68,-35.04028
DDQN,1000,18,34000,100,143.72,-43.30415
DDQN,1000,18,35000,100,133.24,-40.96931
DDQN,1000,18,36000,100,102.96,-31.727322
DDQN,1000,18,37000,100,151.24,-40.871803
DDQN,1000,18,38000,100,128.0,-37.962585
DDQN,1000,18,39000,100,119.8,-33.284122
DDQN,1000,18,40000,100,135.2,-35.459213
DDQN,1000,18,41000,100,113.96,-31.084658
DDQN,1000,18,42000,100,109.16,-28.910688
DDQN,1000,18,43000,100,119.68,-31.627874
DDQN,1000,18,44000,100,107.6,-26.988867
DDQN,1000,18,45000,100,131.88,-31.664106
DDQN,1000,18,46000,100,117.16,-28.265755
DDQN,1000,18,47000,100,121.32,-28.554777
DDQN,1000,18,48000,100,119.44,-27.72445
DDQN,1000,18,49000,100,177.12,-37.60066
DDQN,1000,18,50000,100,164.24,-34.47165
DDQN,1000,18,51000,100,160.16,-32.54294
DDQN,1000,18,52000,100,211.32,-39.935257
DDQN,1000,18,53000,100,216.6,-41.248154
DDQN,1000,18,54000,100,226.64,-42.33779
DDQN,1000,18,55000,100,238.72,-42.121567
DDQN,1000,18,56000,100,214.56,-39.969444
DDQN,1000,18,57000,100,201.08,-37.33053
DDQN,1000,18,58000,100,193.6,-35.306465
DDQN,1000,18,59000,100,216.12,-38.735897
DDQN,1000,18,60000,100,174.32,-31.187939
DDQN,1000,18,61000,100,304.32,-33.8397
DDQN,1000,18,62000,100,279.88,-39.65542
DDQN,1000,18,63000,100,255.84,-38.528572
DDQN,1000,18,64000,100,316.44,-41.710365
DDQN,1000,18,65000,100,212.64,-31.910175
DDQN,1000,18,66000,100,280.28,-38.82739
DDQN,1000,18,67000,100,212.04,-32.048115
DDQN,1000,18,68000,100,238.08,-34.694595
DDQN,1000,18,69000,100,240.32,-34.24147
DDQN,1000,18,70000,100,173.76,-25.279331
DDQN,1000,18,71000,100,292.56,-37.30543
DDQN,1000,18,72000,100,429.12,-39.206676
DDQN,1000,18,73000,100,242.8,-30.753565
DDQN,1000,18,74000,100,304.2,-36.07712
DDQN,1000,18,75000,100,276.08,-34.125187
DDQN,1000,18,76000,100,271.72,-33.06033
DDQN,1000,18,77000,100,247.36,-30.91208
DDQN,1000,18,78000,100,271.28,-32.01093
DDQN,1000,18,79000,100,301.24,-32.746223
DDQN,1000,18,80000,100,307.84,-32.996933
DDQN,1000,18,81000,100,353.0,-33.57561
DDQN,1000,18,82000,100,333.36,-32.956924
DDQN,1000,18,83000,100,521.16,-34.4687
DDQN,1000,18,84000,100,419.44,-34.114216
DDQN,1000,18,85000,100,349.28,-31.702175
DDQN,1000,18,86000,100,521.72,-33.629578
DDQN,1000,18,87000,100,385.24,-32.056984
DDQN,1000,18,88000,100,330.84,-30.018997
DDQN,1000,18,89000,100,327.0,-29.429865
DDQN,1000,18,90000,100,425.76,-30.486431
DDQN,1000,18,91000,100,326.76,-28.545637
DDQN,1000,18,92000,100,375.04,-29.563005
DDQN,1000,18,93000,100,359.76,-28.651329
DDQN,1000,18,94000,100,734.36,-30.670649
DDQN,1000,18,95000,100,386.0,-28.50798
DDQN,1000,18,96000,100,391.36,-28.191257
DDQN,1000,18,97000,100,445.92,-28.440462
DDQN,1000,18,98000,100,379.96,-26.848984
DDQN,1000,18,99000,100,383.12,-26.484482
DDQN,1000,18,100000,100,367.2,-25.306623
DDQN,1000,19,1000,100,26.44,-23.165796
DDQN,1000,19,2000,100,18.36,-15.528114
DDQN,1000,19,3000,100,28.8,-19.868923
DDQN,1000,19,4000,100,88.72,-54.87716
DDQN,1000,19,5000,100,165.16,-72.30043
DDQN,1000,19,6000,100,178.32,-77.26054
DDQN,1000,19,7000,100,162.12,-73.15855
DDQN,1000,19,8000,100,168.92,-73.57637
DDQN,1000,19,9000,100,175.72,-74.01272
DDQN,1000,19,10000,100,178.36,-73.07356
DDQN,1000,19,11000,100,177.72,-71.874954
DDQN,1000,19,12000,100,181.32,-71.81948
DDQN,1000,19,13000,100,164.8,-67.256165
DDQN,1000,19,14000,100,203.16,-72.01403
DDQN,1000,19,15000,100,160.2,-65.332054
DDQN,1000,19,16000,100,215.6,-72.53864
DDQN,1000,19,17000,100,208.64,-70.592575
DDQN,1000,19,18000,100,251.12,-74.23589
DDQN,1000,19,19000,100,318.0,-76.62621
DDQN,1000,19,20000,100,294.76,-74.88088
DDQN,1000,19,21000,100,583.32,-78.94535
DDQN,1000,19,22000,100,321.08,-74.871254
DDQN,1000,19,23000,100,359.28,-72.98252
DDQN,1000,19,24000,100,245.56,-68.038605
DDQN,1000,19,25000,100,300.4,-70.522
DDQN,1000,19,26000,100,220.36,-62.530693
DDQN,1000,19,27000,100,273.48,-66.32323
DDQN,1000,19,28000,100,154.36,-51.275772
DDQN,1000,19,29000,100,118.24,-42.23087
DDQN,1000,19,30000,100,117.24,-41.02401
DDQN,1000,19,31000,100,119.32,-40.758335
DDQN,1000,19,32000,100,135.24,-43.926044
DDQN,1000,19,33000,100,135.36,-42.959183
DDQN,1000,19,34000,100,143.72,-43.77663
DDQN,1000,19,35000,100,248.36,-56.408485
DDQN,1000,19,36000,100,118.48,-36.506874
DDQN,1000,19,37000,100,143.12,-41.333965
DDQN,1000,19,38000,100,183.56,-46.598637
DDQN,1000,19,39000,100,151.48,-42.250343
DDQN,1000,19,40000,100,144.68,-39.842976
DDQN,1000,19,41000,100,145.08,-39.246216
DDQN,1000,19,42000,100,164.6,-42.490513
DDQN,1000,19,43000,100,149.56,-38.984238
DDQN,1000,19,44000,100,139.52,-36.00098
DDQN,1000,19,45000,100,161.8,-40.01065
DDQN,1000,19,46000,100,135.32,-33.185516
DDQN,1000,19,47000,100,145.48,-34.87477
DDQN,1000,19,48000,100,212.76,-43.401558
DDQN,1000,19,49000,100,148.88,-33.99596
DDQN,1000,19,50000,100,164.64,-36.512848
DDQN,1000,19,51000,100,162.84,-35.426346
DDQN,1000,19,52000,100,176.16,-36.97464
DDQN,1000,19,53000,100,194.52,-37.05936
DDQN,1000,19,54000,100,208.2,-38.32039
DDQN,1000,19,55000,100,128.92,-24.80353
DDQN,1000,19,56000,100,238.56,-40.079006
DDQN,1000,19,57000,100,212.4,-37.79911
DDQN,1000,19,58000,100,201.48,-36.380363
DDQN,1000,19,59000,100,213.04,-37.096153
DDQN,1000,19,60000,100,151.04,-27.286507
DDQN,1000,19,61000,100,134.84,-22.811792
DDQN,1000,19,62000,100,116.96,-16.995708
DDQN,1000,19,63000,100,116.52,-16.14103
DDQN,1000,19,64000,100,121.4,-16.88059
DDQN,1000,19,65000,100,129.08,-18.427174
DDQN,1000,19,66000,100,124.44,-16.62167
DDQN,1000,19,67000,100,119.72,-14.435504
DDQN,1000,19,68000,100,131.92,-17.270134
DDQN,1000,19,69000,100,121.04,-13.650539
DDQN,1000,19,70000,100,125.16,-14.10637
DDQN,1000,19,71000,100,168.28,-23.380976
DDQN,1000,19,72000,100,127.2,-13.476275
DDQN,1000,19,73000,100,127.08,-12.770217
DDQN,1000,19,74000,100,133.2,-13.756443
DDQN,1000,19,75000,100,129.36,-12.125967
DDQN,1000,19,76000,100,125.8,-10.214181
DDQN,1000,19,77000,100,123.6,-8.857952
DDQN,1000,19,78000,100,155.6,-16.106525
DDQN,1000,19,79000,100,122.2,-7.0885296
DDQN,1000,19,80000,100,129.96,-8.706527
DDQN,1000,19,81000,100,115.84,-3.8806078
DDQN,1000,19,82000,100,122.04,-5.0669713
DDQN,1000,19,83000,100,143.68,-10.292744
DDQN,1000,19,84000,100,177.0,-16.1948
DDQN,1000,19,85000,100,146.44,-9.964614
DDQN,1000,19,86000,100,148.2,-9.832562
DDQN,1000,19,87000,100,135.8,-6.3430467
DDQN,1000,19,88000,100,155.88,-10.343867
DDQN,1000,19,89000,100,148.4,-8.127298
DDQN,1000,19,90000,100,156.96,-9.347799
DDQN,1000,19,91000,100,398.96,-22.998735
DDQN,1000,19,92000,100,331.48,-24.352602
DDQN,1000,19,93000,100,301.8,-23.847727
DDQN,1000,19,94000,100,319.32,-24.14436
DDQN,1000,19,95000,100,275.92,-21.875198
DDQN,1000,19,96000,100,359.64,-24.621855
DDQN,1000,19,97000,100,337.16,-23.415543
DDQN,1000,19,98000,100,294.76,-21.039297
DDQN,1000,19,99000,100,299.08,-20.884377
DDQN,1000,19,100000,100,315.52,-21.298029
